<?xml version="1.0" encoding="utf-8"?>
<COLLADA xmlns="http://www.collada.org/2005/11/COLLADASchema" version="1.4.1" xmlns:xsi="http://www.w3.org/2001/XMLSchema-instance">
  <asset>
    <contributor>
      <author>Blender User</author>
      <authoring_tool>Blender 2.83.9 commit date:2020-11-11, commit time:06:30, hash:4abfc0bcd5c8</authoring_tool>
    </contributor>
    <created>2022-05-29T11:52:01</created>
    <modified>2022-05-29T11:52:01</modified>
    <unit name="meter" meter="1"/>
    <up_axis>Z_UP</up_axis>
  </asset>
  <library_effects>
    <effect id="pm0058_00_41-Body00-effect">
      <profile_COMMON>
        <newparam sid="pm0058_00_41_Body_colrev_png-surface">
          <surface type="2D">
            <init_from>pm0058_00_41_Body_colrev_png</init_from>
          </surface>
        </newparam>
        <newparam sid="pm0058_00_41_Body_colrev_png-sampler">
          <sampler2D>
            <source>pm0058_00_41_Body_colrev_png-surface</source>
          </sampler2D>
        </newparam>
        <technique sid="common">
          <lambert>
            <emission>
              <color sid="emission">0 0 0 1</color>
            </emission>
            <diffuse>
              <texture texture="pm0058_00_41_Body_colrev_png-sampler" texcoord="UV0"/>
            </diffuse>
            <index_of_refraction>
              <float sid="ior">1.45</float>
            </index_of_refraction>
          </lambert>
        </technique>
      </profile_COMMON>
    </effect>
    <effect id="pm0058_00_41-Body01-effect">
      <profile_COMMON>
        <newparam sid="pm0058_00_41_Body_colrev_png-surface">
          <surface type="2D">
            <init_from>pm0058_00_41_Body_colrev_png</init_from>
          </surface>
        </newparam>
        <newparam sid="pm0058_00_41_Body_colrev_png-sampler">
          <sampler2D>
            <source>pm0058_00_41_Body_colrev_png-surface</source>
          </sampler2D>
        </newparam>
        <technique sid="common">
          <lambert>
            <emission>
              <color sid="emission">0 0 0 1</color>
            </emission>
            <diffuse>
              <texture texture="pm0058_00_41_Body_colrev_png-sampler" texcoord="UV0"/>
            </diffuse>
            <index_of_refraction>
              <float sid="ior">1.45</float>
            </index_of_refraction>
          </lambert>
        </technique>
      </profile_COMMON>
    </effect>
  </library_effects>
  <library_images>
    <image id="pm0058_00_41_Body_colrev_png" name="pm0058_00_41_Body_colrev_png">
      <init_from>pm0058_00_41_Body_colrev.png</init_from>
    </image>
  </library_images>
  <library_materials>
    <material id="pm0058_00_41-Body00-material" name="pm0058_00_41-Body00">
      <instance_effect url="#pm0058_00_41-Body00-effect"/>
    </material>
    <material id="pm0058_00_41-Body01-material" name="pm0058_00_41-Body01">
      <instance_effect url="#pm0058_00_41-Body01-effect"/>
    </material>
  </library_materials>
  <library_geometries>
    <geometry id="pm0058_00_41_TeethSkin-mesh" name="pm0058_00_41_TeethSkin">
      <mesh>
        <source id="pm0058_00_41_TeethSkin-mesh-positions">
          <float_array id="pm0058_00_41_TeethSkin-mesh-positions-array" count="222">0.08173918 0.4976676 0.1927545 0.08270758 0.4845971 0.1940196 0.07635927 0.4978548 0.2021995 0.07761222 0.4847795 0.2030247 0.06832921 0.4840727 0.2075429 0.06662052 0.4971162 0.2069741 0.06029623 0.4828896 0.2049262 0.05822753 0.4958837 0.20428 0.05609571 0.4948797 0.1956971 0.058218 0.481924 0.196709 0.06147551 0.4946923 0.1862521 0.06331324 0.4817411 0.1877039 0.08062928 0.4836312 0.1858024 0.0796073 0.4966634 0.1841716 0.07121437 0.4954311 0.1814775 0.07259631 0.4824483 0.1831858 0.06147551 0.4946923 0.1862521 0.06331324 0.4817411 0.1877039 0.06650096 0.4680045 0.2020874 0.06506329 0.4674023 0.1971583 0.07112848 0.4598251 0.1994304 0.07130712 0.4687293 0.2038484 0.07311868 0.460138 0.2003078 0.07666617 0.4691523 0.2014097 0.07519048 0.4603133 0.199498 0.07355719 0.4573721 0.1976501 0.07613033 0.4602479 0.1974753 0.07038581 0.4595575 0.1973796 0.07132565 0.459492 0.195357 0.0678361 0.4672758 0.1919485 0.07943916 0.4690258 0.1962 0.07538771 0.4599802 0.1954246 0.07800143 0.4684238 0.1912708 0.07319533 0.4676991 0.1895098 0.07339751 0.4596673 0.1945471 0.07132565 0.459492 0.195357 0.0678361 0.4672758 0.1919485 -0.07761222 0.4847795 0.2030247 -0.08270758 0.4845971 0.1940196 -0.07635927 0.4978548 0.2021995 -0.08173918 0.4976675 0.1927545 -0.06832915 0.4840726 0.2075429 -0.06662052 0.4971163 0.2069742 -0.06029623 0.4828895 0.2049262 -0.05822747 0.4958837 0.20428 -0.05609565 0.4948797 0.1956971 -0.058218 0.4819241 0.196709 -0.06147551 0.4946923 0.1862521 -0.06331324 0.4817411 0.1877039 -0.08062922 0.4836313 0.1858024 -0.07960724 0.4966634 0.1841716 -0.07121431 0.4954311 0.1814775 -0.07259631 0.4824483 0.1831857 -0.06147551 0.4946923 0.1862521 -0.06331324 0.4817411 0.1877039 -0.0665009 0.4680045 0.2020874 -0.06506323 0.4674023 0.1971583 -0.07112848 0.4598251 0.1994304 -0.07130712 0.4687293 0.2038484 -0.07311868 0.4601382 0.2003078 -0.07355719 0.4573721 0.1976501 -0.07038575 0.4595575 0.1973796 -0.07666623 0.4691523 0.2014097 -0.07519048 0.4603134 0.199498 -0.06783604 0.4672758 0.1919485 -0.07132565 0.459492 0.1953569 -0.07613033 0.460248 0.1974753 -0.07538771 0.4599803 0.1954246 -0.07339745 0.4596673 0.1945471 -0.07319527 0.4676991 0.1895098 -0.06783604 0.4672758 0.1919485 -0.07132565 0.459492 0.1953569 -0.07800137 0.4684239 0.1912707 -0.07943916 0.4690257 0.1962</float_array>
          <technique_common>
            <accessor source="#pm0058_00_41_TeethSkin-mesh-positions-array" count="74" stride="3">
              <param name="X" type="float"/>
              <param name="Y" type="float"/>
              <param name="Z" type="float"/>
            </accessor>
          </technique_common>
        </source>
        <source id="pm0058_00_41_TeethSkin-mesh-normals">
          <float_array id="pm0058_00_41_TeethSkin-mesh-normals-array" count="222">0.6788756 0.1095014 0.7260423 0.9832476 -0.05068784 0.1750852 0.9815289 0.08828276 0.1697269 0.6852359 -0.007842957 0.728279 0.1170564 -0.08235943 0.9897044 0.1065112 0.05636966 0.9927124 -0.6845917 -0.2431903 0.6871628 -0.7206846 -0.08049076 0.6885747 -0.9715039 -0.1727008 -0.1623408 -0.9407545 -0.3071355 -0.1436972 -0.6708077 -0.1773399 -0.7201164 -0.6497089 -0.2914792 -0.7020813 0.7362052 -0.1912644 -0.6491686 0.7334994 -0.02746593 -0.679135 -0.09648627 -0.1407818 -0.9853278 -0.07463586 -0.2754746 -0.9584066 -0.6708288 -0.1773409 -0.7200965 -0.6497333 -0.2914732 -0.7020613 -0.6193546 -0.4228116 0.6615364 -0.8761346 -0.4642072 -0.1299992 -0.546984 -0.5603507 0.6219451 0.1394413 -0.2472066 0.958877 0.1283511 -0.4134468 0.9014365 0.6788215 -0.1660524 0.7152818 0.6464162 -0.3588438 0.6733329 0.1172243 -0.9893063 0.08678466 0.9072967 -0.3851312 0.1687803 -0.7873435 -0.6112253 -0.08058482 -0.5296249 -0.612423 -0.5868862 -0.6063423 -0.4409022 -0.6617811 0.9575566 -0.2172762 0.1894116 0.675181 -0.5159085 -0.5272277 0.7136834 -0.3740677 -0.5922242 -0.05871361 -0.4343116 -0.8988472 -0.009097397 -0.5829417 -0.8124631 -0.5296007 -0.6124213 -0.5869099 -0.6063207 -0.4408999 -0.6618025 -0.6788747 0.109497 0.7260439 -0.9832487 -0.05068981 0.1750789 -0.6852357 -0.007789671 0.7282798 -0.9815289 0.08828836 0.1697244 -0.1170554 -0.08235764 0.9897047 -0.1065065 0.05637055 0.9927128 0.6845952 -0.2431932 0.6871583 0.7206863 -0.08049172 0.6885728 0.9715025 -0.1727063 -0.1623438 0.9407541 -0.3071348 -0.1437017 0.6708061 -0.17734 -0.7201179 0.6497092 -0.2914776 -0.7020817 -0.7362061 -0.1912616 -0.6491684 -0.7334958 -0.02746623 -0.6791388 0.09648585 -0.140792 -0.9853264 0.07463151 -0.2754744 -0.958407 0.6708315 -0.1773391 -0.7200944 0.6497007 -0.2914709 -0.7020924 0.6193424 -0.4228092 0.6615493 0.8761289 -0.4642172 -0.1300024 0.5468235 -0.5603307 0.6221041 -0.1394424 -0.2472082 0.9588764 -0.1283643 -0.4134343 0.9014403 -0.1172313 -0.989305 0.0867905 0.7873408 -0.6112277 -0.08059281 -0.6788204 -0.1660536 0.7152826 -0.6464161 -0.3588469 0.6733313 0.6063418 -0.4409035 -0.6617807 0.5296151 -0.6124237 -0.5868945 -0.9072996 -0.3851245 0.1687803 -0.6751883 -0.5159013 -0.5272254 0.009067475 -0.5829288 -0.8124726 0.05871212 -0.434317 -0.8988447 0.606316 -0.440901 -0.6618061 0.5296279 -0.6124135 -0.5868936 -0.713681 -0.3740683 -0.5922268 -0.9575601 -0.2172708 0.1893997</float_array>
          <technique_common>
            <accessor source="#pm0058_00_41_TeethSkin-mesh-normals-array" count="74" stride="3">
              <param name="X" type="float"/>
              <param name="Y" type="float"/>
              <param name="Z" type="float"/>
            </accessor>
          </technique_common>
        </source>
        <source id="pm0058_00_41_TeethSkin-mesh-map-0">
          <float_array id="pm0058_00_41_TeethSkin-mesh-map-0-array" count="672">0.5795832 0.6957167 0.5742645 0.7033274 0.5728034 0.6960915 0.5795832 0.6957167 0.5795832 0.7029221 0.5742645 0.7033274 0.5848956 0.7033497 0.5795832 0.7029221 0.5795832 0.6957167 0.5848956 0.7033497 0.5795832 0.6957167 0.5863631 0.6960915 0.5890962 0.7045607 0.5848956 0.7033497 0.5863631 0.6960915 0.5890962 0.7045607 0.5863631 0.6960915 0.5919581 0.6975561 0.59717 0.7002454 0.5890962 0.7045607 0.5919581 0.6975561 0.59717 0.7002454 0.5929592 0.7069909 0.5890962 0.7045607 0.6028555 0.7045094 0.5929592 0.7069909 0.59717 0.7002454 0.6028555 0.7045094 0.5975318 0.7112138 0.5929592 0.7069909 0.5728034 0.6960915 0.5742645 0.7033274 0.5700556 0.7045208 0.5728034 0.6960915 0.5700556 0.7045208 0.5672084 0.697556 0.5700556 0.7045208 0.5619965 0.7002453 0.5672084 0.697556 0.5700556 0.7045208 0.5661922 0.7069582 0.5619965 0.7002453 0.5661922 0.7069582 0.556311 0.7045093 0.5619965 0.7002453 0.5661922 0.7069582 0.5616345 0.7112137 0.556311 0.7045093 0.5929592 0.7069909 0.5851384 0.7123131 0.5890962 0.7045607 0.5851384 0.7123131 0.5848956 0.7033497 0.5890962 0.7045607 0.5929592 0.7069909 0.5872965 0.714222 0.5851384 0.7123131 0.5975318 0.7112138 0.5872965 0.714222 0.5929592 0.7069909 0.5872965 0.714222 0.581831 0.7167399 0.5851384 0.7123131 0.581831 0.7167399 0.5825847 0.7113479 0.5851384 0.7123131 0.581831 0.7167399 0.5807526 0.716107 0.5825847 0.7113479 0.5807526 0.716107 0.5795831 0.711054 0.5825847 0.7113479 0.5807526 0.716107 0.5795831 0.71591 0.5795831 0.711054 0.5795831 0.71591 0.5807526 0.716107 0.5795832 0.7185242 0.5807526 0.716107 0.581831 0.7167399 0.5795832 0.7185242 0.5783856 0.7161087 0.5795831 0.71591 0.5795832 0.7185242 0.5795831 0.711054 0.5795831 0.71591 0.5783856 0.7161087 0.5872965 0.714222 0.5826421 0.717812 0.581831 0.7167399 0.581831 0.7167399 0.5826421 0.717812 0.5795832 0.7185242 0.5826421 0.717812 0.5830922 0.7193123 0.5795832 0.7185242 0.5893881 0.7172713 0.5826421 0.717812 0.5872965 0.714222 0.5893881 0.7172713 0.5830922 0.7193123 0.5826421 0.717812 0.5795831 0.711054 0.5783856 0.7161087 0.5765608 0.7113356 0.5765608 0.7113356 0.5783856 0.7161087 0.5773087 0.7167251 0.5773087 0.7167251 0.5783856 0.7161087 0.5795832 0.7185242 0.5765608 0.7113356 0.5773087 0.7167251 0.5739913 0.7122929 0.5773087 0.7167251 0.5718438 0.7142053 0.5739913 0.7122929 0.5773087 0.7167251 0.5765015 0.7178141 0.5718438 0.7142053 0.5765015 0.7178141 0.5773087 0.7167251 0.5795832 0.7185242 0.5760739 0.7193123 0.5765015 0.7178141 0.5795832 0.7185242 0.5765015 0.7178141 0.5697782 0.7172713 0.5718438 0.7142053 0.5765015 0.7178141 0.5760739 0.7193123 0.5697782 0.7172713 0.5825847 0.7113479 0.5795831 0.711054 0.5795832 0.7029221 0.5795832 0.7029221 0.5795831 0.711054 0.5765608 0.7113356 0.5825847 0.7113479 0.5795832 0.7029221 0.5848956 0.7033497 0.5851384 0.7123131 0.5825847 0.7113479 0.5848956 0.7033497 0.5795832 0.7029221 0.5765608 0.7113356 0.5742645 0.7033274 0.5742645 0.7033274 0.5765608 0.7113356 0.5739913 0.7122929 0.5742645 0.7033274 0.5739913 0.7122929 0.5700556 0.7045208 0.5739913 0.7122929 0.5661922 0.7069582 0.5700556 0.7045208 0.5739913 0.7122929 0.5718438 0.7142053 0.5661922 0.7069582 0.5718438 0.7142053 0.5616345 0.7112137 0.5661922 0.7069582 0.5718438 0.7142053 0.5697782 0.7172713 0.5616345 0.7112137 0.5975318 0.7112138 0.5893881 0.7172713 0.5872965 0.714222 0.4204168 0.6957167 0.4257355 0.7033274 0.4204168 0.702922 0.4204168 0.6957167 0.4271968 0.6960915 0.4257355 0.7033274 0.4151046 0.7033497 0.4204168 0.6957167 0.4204168 0.702922 0.4151046 0.7033497 0.4136369 0.6960915 0.4204168 0.6957167 0.4109038 0.7045607 0.4136369 0.6960915 0.4151046 0.7033497 0.4109038 0.7045607 0.408042 0.6975561 0.4136369 0.6960915 0.4109038 0.7045607 0.4028301 0.7002454 0.408042 0.6975561 0.4109038 0.7045607 0.4070409 0.7069909 0.4028301 0.7002454 0.4070409 0.7069909 0.3971445 0.7045094 0.4028301 0.7002454 0.4070409 0.7069909 0.4024682 0.7112137 0.3971445 0.7045094 0.4299446 0.7045207 0.4257355 0.7033274 0.4271968 0.6960915 0.4299446 0.7045207 0.4271968 0.6960915 0.4327919 0.697556 0.4299446 0.7045207 0.4327919 0.697556 0.4380037 0.7002453 0.4299446 0.7045207 0.4380037 0.7002453 0.433808 0.7069582 0.433808 0.7069582 0.4380037 0.7002453 0.4436891 0.7045093 0.433808 0.7069582 0.4436891 0.7045093 0.4383657 0.7112137 0.4148615 0.7123131 0.4070409 0.7069909 0.4109038 0.7045607 0.4148615 0.7123131 0.4109038 0.7045607 0.4151046 0.7033497 0.4148615 0.7123131 0.4127035 0.714222 0.4070409 0.7069909 0.4127035 0.714222 0.4024682 0.7112137 0.4070409 0.7069909 0.4181692 0.7167399 0.4127035 0.714222 0.4148615 0.7123131 0.4181692 0.7167399 0.4148615 0.7123131 0.4174154 0.7113479 0.4181692 0.7167399 0.4174154 0.7113479 0.4192473 0.716107 0.4181692 0.7167399 0.4192473 0.716107 0.4204168 0.7185242 0.4173581 0.717812 0.4181692 0.7167399 0.4204168 0.7185242 0.4181692 0.7167399 0.4173581 0.717812 0.4127035 0.714222 0.4192473 0.716107 0.4174154 0.7113479 0.4204169 0.711054 0.4192473 0.716107 0.4204169 0.711054 0.4204169 0.71591 0.4192473 0.716107 0.4204169 0.71591 0.4204168 0.7185242 0.4173581 0.717812 0.4106119 0.7172712 0.4127035 0.714222 0.4173581 0.717812 0.4169079 0.7193123 0.4106119 0.7172712 0.4169079 0.7193123 0.4173581 0.717812 0.4204168 0.7185242 0.4216144 0.7161088 0.4204169 0.71591 0.4204169 0.711054 0.4204169 0.71591 0.4216144 0.7161088 0.4204168 0.7185242 0.4216144 0.7161088 0.4226913 0.7167251 0.4204168 0.7185242 0.4226913 0.7167251 0.4234986 0.7178141 0.4204168 0.7185242 0.4226913 0.7167251 0.4281561 0.7142053 0.4234986 0.7178141 0.4234986 0.7178141 0.4281561 0.7142053 0.4302219 0.7172713 0.4234986 0.7178141 0.4302219 0.7172713 0.4239261 0.7193123 0.4234986 0.7178141 0.4239261 0.7193123 0.4204168 0.7185242 0.4226913 0.7167251 0.4260088 0.7122929 0.4281561 0.7142053 0.4226913 0.7167251 0.4234392 0.7113357 0.4260088 0.7122929 0.4226913 0.7167251 0.4216144 0.7161088 0.4234392 0.7113357 0.4216144 0.7161088 0.4204169 0.711054 0.4234392 0.7113357 0.4174154 0.7113479 0.4204168 0.702922 0.4204169 0.711054 0.4204168 0.702922 0.4234392 0.7113357 0.4204169 0.711054 0.4174154 0.7113479 0.4151046 0.7033497 0.4204168 0.702922 0.4148615 0.7123131 0.4151046 0.7033497 0.4174154 0.7113479 0.4204168 0.702922 0.4257355 0.7033274 0.4234392 0.7113357 0.4260088 0.7122929 0.4234392 0.7113357 0.4257355 0.7033274 0.4260088 0.7122929 0.4257355 0.7033274 0.4299446 0.7045207 0.4260088 0.7122929 0.433808 0.7069582 0.4281561 0.7142053 0.4260088 0.7122929 0.4299446 0.7045207 0.433808 0.7069582 0.4281561 0.7142053 0.4383657 0.7112137 0.4302219 0.7172713 0.4281561 0.7142053 0.433808 0.7069582 0.4383657 0.7112137 0.4127035 0.714222 0.4106119 0.7172712 0.4024682 0.7112137</float_array>
          <technique_common>
            <accessor source="#pm0058_00_41_TeethSkin-mesh-map-0-array" count="336" stride="2">
              <param name="S" type="float"/>
              <param name="T" type="float"/>
            </accessor>
          </technique_common>
        </source>
        <vertices id="pm0058_00_41_TeethSkin-mesh-vertices">
          <input semantic="POSITION" source="#pm0058_00_41_TeethSkin-mesh-positions"/>
        </vertices>
        <triangles material="pm0058_00_41-Body00-material" count="112">
          <input semantic="VERTEX" source="#pm0058_00_41_TeethSkin-mesh-vertices" offset="0"/>
          <input semantic="NORMAL" source="#pm0058_00_41_TeethSkin-mesh-normals" offset="1"/>
          <input semantic="TEXCOORD" source="#pm0058_00_41_TeethSkin-mesh-map-0" offset="2" set="0"/>
          <p>2 0 0 1 1 1 0 2 2 2 0 3 3 3 4 1 1 5 4 4 6 3 3 7 2 0 8 4 4 9 2 0 10 5 5 11 6 6 12 4 4 13 5 5 14 6 6 15 5 5 16 7 7 17 8 8 18 6 6 19 7 7 20 8 8 21 9 9 22 6 6 23 10 10 24 9 9 25 8 8 26 10 10 27 11 11 28 9 9 29 0 2 30 1 1 31 12 12 32 0 2 33 12 12 34 13 13 35 12 12 36 14 14 37 13 13 38 12 12 39 15 15 40 14 14 41 15 15 42 16 16 43 14 14 44 15 15 45 17 17 46 16 16 47 9 9 48 18 18 49 6 6 50 18 18 51 4 4 52 6 6 53 9 9 54 19 19 55 18 18 56 11 11 57 19 19 58 9 9 59 19 19 60 20 20 61 18 18 62 20 20 63 21 21 64 18 18 65 20 20 66 22 22 67 21 21 68 22 22 69 23 23 70 21 21 71 22 22 72 24 24 73 23 23 74 24 24 75 22 22 76 25 25 77 22 22 78 20 20 79 25 25 80 26 26 81 24 24 82 25 25 83 23 23 84 24 24 85 26 26 86 19 19 87 27 27 88 20 20 89 20 20 90 27 27 91 25 25 92 27 27 93 28 28 94 25 25 95 29 29 96 27 27 97 19 19 98 29 29 99 28 28 100 27 27 101 23 23 102 26 26 103 30 30 104 30 30 105 26 26 106 31 31 107 31 31 108 26 26 109 25 25 110 30 30 111 31 31 112 32 32 113 31 31 114 33 33 115 32 32 116 31 31 117 34 34 118 33 33 119 34 34 120 31 31 121 25 25 122 35 35 123 34 34 124 25 25 125 34 34 126 36 36 127 33 33 128 34 34 129 35 35 130 36 36 131 21 21 132 23 23 133 3 3 134 3 3 135 23 23 136 30 30 137 21 21 138 3 3 139 4 4 140 18 18 141 21 21 142 4 4 143 3 3 144 30 30 145 1 1 146 1 1 147 30 30 148 32 32 149 1 1 150 32 32 151 12 12 152 32 32 153 15 15 154 12 12 155 32 32 156 33 33 157 15 15 158 33 33 159 17 17 160 15 15 161 33 33 162 36 36 163 17 17 164 11 11 165 29 29 166 19 19 167 39 37 168 38 38 169 37 39 170 39 37 171 40 40 172 38 38 173 41 41 174 39 37 175 37 39 176 41 41 177 42 42 178 39 37 179 43 43 180 42 42 181 41 41 182 43 43 183 44 44 184 42 42 185 43 43 186 45 45 187 44 44 188 43 43 189 46 46 190 45 45 191 46 46 192 47 47 193 45 45 194 46 46 195 48 48 196 47 47 197 49 49 198 38 38 199 40 40 200 49 49 201 40 40 202 50 50 203 49 49 204 50 50 205 51 51 206 49 49 207 51 51 208 52 52 209 52 52 210 51 51 211 53 53 212 52 52 213 53 53 214 54 54 215 55 55 216 46 46 217 43 43 218 55 55 219 43 43 220 41 41 221 55 55 222 56 56 223 46 46 224 56 56 225 48 48 226 46 46 227 57 57 228 56 56 229 55 55 230 57 57 231 55 55 232 58 58 233 57 57 234 58 58 235 59 59 236 57 57 237 59 59 238 60 60 239 61 61 240 57 57 241 60 60 242 57 57 243 61 61 244 56 56 245 59 59 246 58 58 247 62 62 248 59 59 249 62 62 250 63 63 251 59 59 252 63 63 253 60 60 254 61 61 255 64 64 256 56 56 257 61 61 258 65 65 259 64 64 260 65 65 261 61 61 262 60 60 263 66 66 264 63 63 265 62 62 266 63 63 267 66 66 268 60 60 269 66 66 270 67 67 271 60 60 272 67 67 273 68 68 274 60 60 275 67 67 276 69 69 277 68 68 278 68 68 279 69 69 280 70 70 281 68 68 282 70 70 283 71 71 284 68 68 285 71 71 286 60 60 287 67 67 288 72 72 289 69 69 290 67 67 291 73 73 292 72 72 293 67 67 294 66 66 295 73 73 296 66 66 297 62 62 298 73 73 299 58 58 300 37 39 301 62 62 302 37 39 303 73 73 304 62 62 305 58 58 306 41 41 307 37 39 308 55 55 309 41 41 310 58 58 311 37 39 312 38 38 313 73 73 314 72 72 315 73 73 316 38 38 317 72 72 318 38 38 319 49 49 320 72 72 321 52 52 322 69 69 323 72 72 324 49 49 325 52 52 326 69 69 327 54 54 328 70 70 329 69 69 330 52 52 331 54 54 332 56 56 333 64 64 334 48 48 335</p>
        </triangles>
      </mesh>
    </geometry>
    <geometry id="pm0058_00_41_HairBSkin-mesh" name="pm0058_00_41_HairBSkin">
      <mesh>
        <source id="pm0058_00_41_HairBSkin-mesh-positions">
          <float_array id="pm0058_00_41_HairBSkin-mesh-positions-array" count="2031">0 0.5007567 -0.3188569 0 0.5498688 -0.3450665 0.03364276 0.4982002 -0.3290626 0.03400021 0.5423849 -0.3550545 0 0.5865667 -0.3965774 0.03132796 0.5794899 -0.4044738 0 0.6007093 -0.4515656 0.02576094 0.5921077 -0.4544342 0.06578791 0.5215769 -0.3864482 0.07023775 0.4828565 -0.361694 0.08869254 0.4563549 -0.4170706 0.0543909 0.5558252 -0.4273776 0.04268032 0.5660811 -0.4642754 0.03440356 0.4443331 -0.3237045 0 0.4420341 -0.3140361 0.03751599 0.3843079 -0.3475049 0 0.3780896 -0.3411695 0 0.3367584 -0.4020516 0.04458165 0.3482062 -0.4038839 0.06868278 0.4468232 -0.3541657 0.0754168 0.4122009 -0.377844 0.07722526 0.3873988 -0.4094538 0.05088752 0.3434587 -0.4640322 0 0.3253147 -0.4677613 0.05294328 0.3640333 -0.5223283 0 0.3467059 -0.5375677 0.04858177 0.4047517 -0.5674238 0 0.389389 -0.5829362 0.08155035 0.4097748 -0.4984941 0.07238751 0.4403783 -0.5394111 0.08330923 0.4479842 -0.4814425 0.07015395 0.466428 -0.5175703 0.06228697 0.4766055 -0.567487 0.05773979 0.4961752 -0.5450354 0.08349663 0.3920999 -0.4477238 0.04249143 0.4491143 -0.5965746 0 0.435429 -0.6108274 0 0.4935481 -0.6295819 0.03251439 0.5014601 -0.6185804 0.0517255 0.5164986 -0.5875868 0.04627794 0.5285604 -0.5666411 0 0.5450205 -0.6371248 0.02562153 0.5472797 -0.6272495 0.02148795 0.5887603 -0.6269425 0 0.590537 -0.6358469 0.01896917 0.6209591 -0.6174188 0 0.626416 -0.6242523 0.03677493 0.5833348 -0.6030446 0.04284667 0.5542696 -0.6000674 0.03148448 0.6087696 -0.6002308 0.0377714 0.5481348 -0.5747097 0.01783388 0.6458756 -0.5953229 0 0.652998 -0.6006767 0 0.6621122 -0.5638766 0.01583236 0.6552155 -0.5633662 0.01499795 0.6467433 -0.5293984 0 0.6513786 -0.5241986 0 0.6241949 -0.5004234 0.01720905 0.6174977 -0.507069 0.02659225 0.6305582 -0.5423517 0.02779483 0.6339468 -0.5651975 0.02789497 0.6078329 -0.524508 0.02898246 0.6262278 -0.5880972 0.03804898 0.5620201 -0.591293 0.03093177 0.569269 -0.583101 0.03121232 0.5533609 -0.5617552 0.03191745 0.5510656 -0.5338912 0.02556627 0.5575274 -0.5234715 0.03418207 0.5831952 -0.5936529 0.03070014 0.5828735 -0.5866761 0.04184156 0.5139206 -0.5207297 0.04927211 0.5075049 -0.5301198 0.05723339 0.4852945 -0.5020874 0.06384974 0.4777089 -0.5087891 0.07222384 0.4684883 -0.4760776 0.06496787 0.4763659 -0.4732932 0.06908935 0.486867 -0.4468667 0.07598453 0.4803016 -0.4399886 0.06624603 0.5131129 -0.4281721 0.06402271 0.5104942 -0.4371101 0.0554443 0.5330597 -0.4462112 0.05598515 0.5410274 -0.4399899 0.04840499 0.542472 -0.4715185 0.03547054 0.563237 -0.4983679 0.05149781 0.5339167 -0.4946915 0.02227801 0.581289 -0.4963604 0 0.5981134 -0.486656 0.01627421 0.5848808 -0.5025143 0 0.5953264 -0.4959971 0.02897089 0.5594825 -0.5167412 0.02556627 0.5575274 -0.5234715 0.04603576 0.5192054 -0.515079 0.04184156 0.5139206 -0.5207297 0.06042033 0.489983 -0.4977681 0.05723339 0.4852945 -0.5020874 0.06496787 0.4763659 -0.4732932 0.06559157 0.4837719 -0.4731971 0.0653873 0.5109653 -0.4719333 0.06975996 0.4921609 -0.452282 0.06566262 0.5098261 -0.4448465 0.05932372 0.5267714 -0.4540108 0.06402271 0.5104942 -0.4371101 0.0554443 0.5330597 -0.4462112 0.06908935 0.486867 -0.4468667 0.01627421 0.5848808 -0.5025143 0 0.5953264 -0.4959971 0.02002781 0.5896671 -0.5071225 0 0.6050497 -0.4962625 0.02556627 0.5575274 -0.5234715 0.02888202 0.5641793 -0.529783 0.03121232 0.5533609 -0.5617552 0.03311926 0.5609284 -0.5599801 0.03344917 0.5716076 -0.5747765 0.03093177 0.569269 -0.583101 0.03251779 0.5833503 -0.5775696 0.03070014 0.5828735 -0.5866761 0.03617256 0.5746814 -0.5605063 0.03454488 0.5920954 -0.5616372 0.03455907 0.5755684 -0.5405893 0.03199851 0.5943504 -0.5427361 0.03082406 0.5844904 -0.5238764 0.02850282 0.6172623 -0.5492045 0.02824133 0.6106684 -0.5525349 0.02982425 0.6181099 -0.5666951 0.02919661 0.6116893 -0.5678511 0.03118777 0.604363 -0.5553126 0.02824133 0.6106684 -0.5525349 0.03174453 0.6053591 -0.5684313 0.03208106 0.5990063 -0.5731899 0.02919661 0.6116893 -0.5678511 0.02998107 0.6116816 -0.5824204 0.03190249 0.5981985 -0.589824 0.0294134 0.6051528 -0.579828 0.03035467 0.5939004 -0.5857684 0.0294134 0.6051528 -0.579828 0.03238064 0.593351 -0.5774259 0.03035467 0.5939004 -0.5857684 0 0.5007567 -0.3188569 -0.03364276 0.4982002 -0.3290626 0 0.5498688 -0.3450665 -0.03400021 0.5423849 -0.3550545 0 0.5865667 -0.3965774 -0.03132796 0.5794899 -0.4044738 0 0.6007093 -0.4515656 -0.02576094 0.5921077 -0.4544342 -0.06578791 0.5215769 -0.3864482 -0.07023775 0.4828565 -0.361694 -0.08869254 0.4563549 -0.4170706 -0.0543909 0.5558252 -0.4273776 -0.04268032 0.5660811 -0.4642754 -0.03440356 0.4443331 -0.3237045 0 0.4420341 -0.3140361 -0.03751599 0.3843079 -0.3475049 0 0.3780896 -0.3411695 0 0.3367584 -0.4020516 -0.04458165 0.3482062 -0.4038839 -0.06868278 0.4468232 -0.3541657 -0.0754168 0.4122009 -0.377844 -0.07722526 0.3873988 -0.4094538 -0.05088752 0.3434587 -0.4640322 0 0.3253147 -0.4677613 -0.05294328 0.3640333 -0.5223283 0 0.3467059 -0.5375677 -0.04858177 0.4047517 -0.5674238 0 0.389389 -0.5829362 -0.08155035 0.4097748 -0.4984941 -0.07238751 0.4403783 -0.5394111 -0.08330923 0.4479842 -0.4814425 -0.07015395 0.466428 -0.5175703 -0.06228697 0.4766055 -0.567487 -0.05773979 0.4961752 -0.5450354 -0.08349663 0.3920999 -0.4477238 -0.04249143 0.4491143 -0.5965746 0 0.435429 -0.6108274 0 0.4935481 -0.6295819 -0.03251439 0.5014601 -0.6185804 -0.0517255 0.5164986 -0.5875868 -0.04627794 0.5285604 -0.5666411 0 0.5450205 -0.6371248 -0.02562153 0.5472797 -0.6272495 -0.02148795 0.5887603 -0.6269425 0 0.590537 -0.6358469 -0.01896917 0.6209591 -0.6174188 0 0.626416 -0.6242523 -0.03677493 0.5833348 -0.6030446 -0.04284667 0.5542696 -0.6000674 -0.03148448 0.6087696 -0.6002308 -0.0377714 0.5481348 -0.5747097 -0.01783388 0.6458756 -0.5953229 0 0.652998 -0.6006767 0 0.6621122 -0.5638766 -0.01583236 0.6552155 -0.5633662 -0.01499795 0.6467433 -0.5293984 0 0.6513786 -0.5241986 0 0.6241949 -0.5004234 -0.01720905 0.6174977 -0.507069 -0.02659225 0.6305582 -0.5423517 -0.02779483 0.6339468 -0.5651975 -0.02789497 0.6078329 -0.524508 -0.02898246 0.6262278 -0.5880972 -0.03804898 0.5620201 -0.591293 -0.03093177 0.569269 -0.583101 -0.03121232 0.5533609 -0.5617552 -0.03191745 0.5510656 -0.5338912 -0.02556627 0.5575274 -0.5234715 -0.03418207 0.5831952 -0.5936529 -0.03070014 0.5828735 -0.5866761 -0.04184156 0.5139206 -0.5207297 -0.04927211 0.5075049 -0.5301198 -0.05723333 0.4852945 -0.5020874 -0.06384974 0.4777089 -0.5087891 -0.07222384 0.4684883 -0.4760776 -0.06496787 0.4763659 -0.4732932 -0.06908935 0.486867 -0.4468667 -0.07598453 0.4803016 -0.4399886 -0.06624603 0.5131129 -0.4281721 -0.06402271 0.5104942 -0.4371101 -0.0554443 0.5330597 -0.4462112 -0.05598515 0.5410274 -0.4399899 -0.04840499 0.542472 -0.4715185 -0.03547054 0.563237 -0.4983679 -0.05149781 0.5339167 -0.4946915 -0.02227801 0.581289 -0.4963604 0 0.5981134 -0.486656 -0.01627421 0.5848808 -0.5025143 0 0.5953264 -0.4959971 -0.02897089 0.5594825 -0.5167412 -0.02556627 0.5575274 -0.5234715 -0.04603576 0.5192054 -0.515079 -0.04184156 0.5139206 -0.5207297 -0.06042033 0.489983 -0.4977681 -0.05723333 0.4852945 -0.5020874 -0.06496787 0.4763659 -0.4732932 -0.06559157 0.4837719 -0.4731971 -0.0653873 0.5109653 -0.4719333 -0.06975996 0.4921609 -0.452282 -0.06566262 0.5098261 -0.4448465 -0.05932372 0.5267714 -0.4540108 -0.06402271 0.5104942 -0.4371101 -0.0554443 0.5330597 -0.4462112 -0.06908935 0.486867 -0.4468667 0 0.6050497 -0.4962625 0 0.5953264 -0.4959971 -0.02002781 0.5896671 -0.5071225 -0.01627421 0.5848808 -0.5025143 -0.02556627 0.5575274 -0.5234715 -0.02888202 0.5641793 -0.529783 -0.03121232 0.5533609 -0.5617552 -0.03311926 0.5609284 -0.5599801 -0.03344917 0.5716076 -0.5747765 -0.03093177 0.569269 -0.583101 -0.03251779 0.5833503 -0.5775696 -0.03070014 0.5828735 -0.5866761 -0.03617256 0.5746814 -0.5605063 -0.03454488 0.5920954 -0.5616372 -0.03455907 0.5755684 -0.5405893 -0.03199851 0.5943504 -0.5427361 -0.03082406 0.5844904 -0.5238764 -0.02850282 0.6172623 -0.5492045 -0.02824133 0.6106684 -0.5525349 -0.02982425 0.6181099 -0.5666951 -0.02919661 0.6116893 -0.5678511 -0.03118777 0.604363 -0.5553126 -0.02824133 0.6106684 -0.5525349 -0.03174453 0.6053591 -0.5684313 -0.03208106 0.5990063 -0.5731899 -0.02919661 0.6116893 -0.5678511 -0.02998107 0.6116816 -0.5824204 -0.03190249 0.5981985 -0.589824 -0.0294134 0.6051528 -0.579828 -0.03035467 0.5939004 -0.5857684 -0.0294134 0.6051528 -0.579828 -0.03238064 0.593351 -0.5774259 -0.03035467 0.5939004 -0.5857684 0.1503683 0.245858 0.2083848 0.140444 0.2533606 0.2154275 0.1455538 0.2723427 0.1978043 0.1343817 0.2562969 0.2182254 0.1294933 0.2456303 0.2252657 0.132097 0.2391296 0.2248298 0.118126 0.2433161 0.2308321 0.117748 0.2336763 0.229484 0.1020097 0.2453111 0.2313408 0.1204665 0.2630368 0.2246475 0.09645265 0.2638878 0.2240175 0.1006896 0.2839202 0.2070856 0.1219803 0.2820527 0.206279 0.1169224 0.2900547 0.1917613 0.14337 0.2817195 0.1775194 0.09765452 0.2395486 0.2296187 0.08654922 0.2599224 0.2201901 0.08753198 0.2805423 0.2014519 0.1090698 0.2922083 0.1704862 0.1336909 0.2833356 0.1555941 0.1076952 0.2921583 0.1657044 0.1411077 0.2802527 0.1405978 0.165785 0.257327 0.1691258 0.1578438 0.2560886 0.1404609 0.1624557 0.2572596 0.1889628 0.1461511 0.2564738 0.1204203 0.1653101 0.2345622 0.1977813 0.165785 0.257327 0.1691258 0.1714953 0.2231026 0.1707835 0.151748 0.2039413 0.2090577 0.1529064 0.1785048 0.1717425 0.1190077 0.1653732 0.1828888 0.1136279 0.1667631 0.1421717 0.07824045 0.1705079 0.1489022 0.08100688 0.1702511 0.1883773 0.1437605 0.1810458 0.1367901 0.1145304 0.1841682 0.2176049 0.07724344 0.1944354 0.2153167 0.1644358 0.2174898 0.1395294 0.1437605 0.1810458 0.1367901 0.1443541 0.2253293 0.2185636 0.1147192 0.209266 0.2284233 0.0823931 0.2162104 0.2247168 0.09015333 0.2286743 0.2268966 0.06221032 0.2461559 0.2081276 0.05591583 0.223186 0.2039673 0.05886673 0.2082003 0.2047663 0.0754593 0.2543559 0.2151603 0.07922226 0.27894 0.1953578 0.05353516 0.2669107 0.1826742 0.05065745 0.2392432 0.194974 0.04439479 0.2498516 0.1796972 0.1166538 0.2219977 0.2286822 0.1368612 0.2317675 0.2222197 0.1317992 0.1942417 0.1169092 0.07269454 0.2838007 0.1787205 0.1076952 0.2921583 0.1657044 0.1172136 0.2272639 0.2269055 0.1329019 0.2345662 0.2227007 0.09428608 0.234602 0.2264658 0.08183157 0.2567013 0.2160957 0.0838564 0.2780787 0.1987338 0.1397799 0.2208272 0.110408 0.1461511 0.2564738 0.1204203 0.1578438 0.2560886 0.1404609 0.1329019 0.2345662 0.2227007 0.1172136 0.2272639 0.2269055 0.09428608 0.234602 0.2264658 0.08183157 0.2567013 0.2160957 0.0838564 0.2780787 0.1987338 0.1397799 0.2208272 0.110408 0.115023 0.2250882 0.09675508 0.1317992 0.1942417 0.1169092 0.10725 0.1888628 0.1140397 0.1223952 0.2907526 0.08055591 0.04609107 0.2170802 0.09999829 -5.66147e-4 0.2737011 0.07632678 0 0.330445 0.0551021 0.1213193 0.3372317 0.06656235 0.1112644 0.3730766 0.04852056 0 0.3726697 0.04020869 0.09407353 0.4026929 0.03263908 0 0.403252 0.02112352 0 0.4187777 0.002423465 0.1065161 0.4274389 0.01365751 0.07615226 0.4497782 -0.05087393 0 0.4602597 -0.07274299 0 0.2304255 0.09075498 0 0.1842302 0.1104264 0.03876399 0.1889008 0.1193131 0.05326539 0.2013537 0.1295494 0.1316325 0.3784753 0.07482987 0.1401638 0.3438192 0.08697617 0.1457407 0.2985336 0.09935671 0.1094043 0.4142479 0.04138755 0.120125 0.4013693 0.05932998 0 0.4623099 0.09942185 0 0.4855843 0.04272252 0.1074138 0.4529281 0.09556579 0.1134992 0.4756228 0.03704106 0.07285809 0.4909418 -0.03035289 0 0.5001227 -0.05365169 0.06518471 0.4368364 0.1418715 0 0.4306608 0.1573939 0.1363745 0.3534624 0.1213929 0.08654493 0.3560996 0.1596112 0.1253285 0.3864027 0.1073464 0.07325518 0.3859519 0.1474807 0.1401638 0.3438192 0.08697617 0.1316325 0.3784753 0.07482987 0 0.3537037 0.1745846 0 0.3817208 0.163368 0.1422962 0.3106759 0.1328148 0.1457407 0.2985336 0.09935671 0 0.3905402 0.1603 0.06993907 0.396674 0.1424673 0.116468 0.4050652 0.09071397 0.120125 0.4013693 0.05932998 0.04620468 0.3296777 0.1772862 0 0.3288224 0.1804112 0.09859275 0.3175281 0.165011 0.1163697 0.4220829 0.07684653 0.1094043 0.4142479 0.04138755 0.1176568 0.4410339 0.01835602 0.1198562 0.4639591 0.02764093 0.1121235 0.4426667 0.08914285 0.1134992 0.4756228 0.03704106 0.07285809 0.4909418 -0.03035289 0.08416199 0.48343 -0.04689389 0 0.4939565 -0.06874275 0 0.5001227 -0.05365169 0.1074138 0.4529281 0.09556579 0.08069628 0.4620921 -0.0540049 0.1065161 0.4274389 0.01365751 0.07615226 0.4497782 -0.05087393 0 0.4602597 -0.07274299 0 0.4719278 -0.0766412 0.06518471 0.4368364 0.1418715 0.07097858 0.4221782 0.1488517 0 0.4306608 0.1573939 0 0.4152662 0.1680603 0.07245635 0.4064768 0.1441311 0 0.3981947 0.1659487 -0.07097858 0.4221782 0.1488517 -0.06518471 0.4368364 0.1418715 -0.07245635 0.4064768 0.1441311 -0.1121235 0.4426667 0.08914285 -0.1074138 0.4529281 0.09556579 -0.1134992 0.4756228 0.03704106 -0.1198562 0.4639591 0.02764093 -0.07285809 0.4909418 -0.03035289 -0.08416199 0.48343 -0.04689389 0 0.4939565 -0.06874275 0 0.5001227 -0.05365169 -0.1163697 0.4220829 0.07684653 -0.1176568 0.4410339 0.01835602 -0.08069628 0.4620921 -0.0540049 -0.1065161 0.4274389 0.01365751 -0.07615226 0.4497782 -0.05087387 0 0.4602597 -0.07274299 0 0.4719278 -0.0766412 -0.1094043 0.4142479 0.04138755 -0.1200957 0.4015352 0.05951136 -0.116468 0.4050652 0.09071397 -0.1310601 0.3784753 0.07482987 -0.1253285 0.3864027 0.1073464 -0.1401638 0.3438192 0.08697617 -0.1363745 0.3534624 0.1213929 -0.08654493 0.3560996 0.1596112 -0.07325518 0.3859519 0.1474807 -0.1422962 0.3106759 0.1328148 -0.1457407 0.2985336 0.09935671 -0.06993907 0.396674 0.1424673 -0.04620468 0.3296777 0.1772862 0 0.3032476 0.1831231 -0.050233 0.302837 0.1784732 -0.03154051 0.2782734 0.1811055 0 0.2801553 0.1829918 0.050233 0.302837 0.1784732 0.03154051 0.2782734 0.1811055 -0.09859275 0.3175281 0.165011 -0.07269454 0.2838007 0.1787205 -0.1076952 0.2921583 0.1657044 -0.1411077 0.2802527 0.1405978 -0.05353516 0.2669107 0.1826742 0 0.2675192 0.1819754 0.02794069 0.2579648 0.1844379 0.05353516 0.2669107 0.1826742 0.04439479 0.2498516 0.1796972 0.07269454 0.2838007 0.1787205 -0.1461511 0.2564738 0.1204203 0.1076952 0.2921583 0.1657044 0.1411077 0.2802527 0.1405978 0.1461511 0.2564738 0.1204203 0.1397799 0.2208272 0.110408 -0.1397799 0.2208272 0.110408 -0.02794069 0.2579648 0.1844379 -0.04439479 0.2498516 0.1796972 0.05326539 0.2013537 0.1295494 0.07165873 0.1934391 0.1227434 0 0.4623099 0.09942185 -0.1074138 0.4529281 0.09556579 0 0.4855843 0.04272252 -0.1134992 0.4756228 0.03704106 -0.07285809 0.4909418 -0.03035289 0 0.5001227 -0.05365169 -0.06518471 0.4368364 0.1418715 0 0.4306608 0.1573939 -0.1213193 0.3372317 0.06656235 0 0.330445 0.0551021 -0.110692 0.3730766 0.04852056 0 0.3726697 0.04020869 -0.1223952 0.2907526 0.08055591 -5.66147e-4 0.2737011 0.07632678 -0.09407353 0.4026929 0.03263908 0 0.403252 0.02112352 0 0.4187777 0.002423465 -0.1065161 0.4274389 0.01365751 -0.07615226 0.4497782 -0.05087387 0 0.4602597 -0.07274299 -0.04609107 0.2170802 0.09999829 0 0.2304255 0.09075498 -0.115023 0.2250882 0.09675508 -0.07165873 0.1934391 0.1227434 -0.05326539 0.2013537 0.1295494 -0.10725 0.1888628 0.1140397 0 0.1842302 0.1104264 -0.03876399 0.1889008 0.1193131 -0.05326539 0.2013537 0.1295494 -0.1094043 0.4142479 0.04138755 -0.1200957 0.4015352 0.05951136 -0.1310601 0.3784753 0.07482987 -0.1401638 0.3438192 0.08697617 -0.1457407 0.2985336 0.09935671 -0.1317992 0.1942417 0.1169092 -0.1397799 0.2208272 0.110408 0.05591583 0.223186 0.2039673 0.05886673 0.2082003 0.2047663 0.04276037 0.2296224 0.2199999 0.04909044 0.1988781 0.2224597 0.05065745 0.2392432 0.194974 0.0344336 0.2499325 0.2063839 0.06200945 0.1826231 0.1870624 0.03250753 0.1704698 0.2272831 0.04533636 0.1527758 0.1904154 0 0.1367002 0.1940687 0 0.1446716 0.1409496 0.04317581 0.1602478 0.1470119 0 0.1576017 0.2291097 -0.04131352 0.1713565 0.2198814 -0.04533636 0.1527758 0.1904154 0 0.1446716 0.1409496 -0.04317581 0.1602478 0.1470119 0.0592395 0.1824201 0.1527271 0.03876399 0.1889008 0.1193131 0.05326539 0.2013537 0.1295494 0 0.1838132 0.2390419 -0.03362166 0.193558 0.2315448 -0.06070756 0.1926634 0.2056842 -0.05698311 0.2120349 0.2079734 -0.02991217 0.2011973 0.2331426 -0.04274189 0.2290477 0.2178744 -5.66572e-5 0.1936004 0.2397062 0.02546399 0.1948132 0.2355141 0.01966702 0.2025143 0.2366267 0 0.1842302 0.1104264 -0.03876399 0.1889008 0.1193131 -0.0592395 0.1824201 0.1527271 -0.05326539 0.2013537 0.1295494 -0.06200945 0.1826231 0.1870624 0.03258025 0.2314759 0.2244994 0.02356135 0.2331178 0.2284857 0.02393347 0.2529767 0.2112876 0.01520484 0.2354104 0.2304192 0.01092267 0.2191727 0.2387681 0.01407718 0.2121965 0.237955 0 0.2188915 0.2416455 -9.42753e-6 0.2064219 0.2405707 -0.0171622 0.2205476 0.2388235 0 0.2395817 0.2339375 -0.01999741 0.2368441 0.2309097 -0.01665842 0.2539379 0.2168148 0 0.2574369 0.2163956 -0.0235902 0.2116945 0.235853 -0.0325641 0.2319875 0.223694 -0.02435058 0.2529682 0.2084039 -2.73896e-5 0.263661 0.1942942 0.02794069 0.2579648 0.1844379 0.04439479 0.2498516 0.1796972 0 0.2635933 0.1874735 -0.02748537 0.252573 0.2049763 -0.03610402 0.2295105 0.2197582 -0.02657061 0.2068009 0.2330362 0 0.199882 0.2378158 0.01612025 0.2068275 0.236431 0.01612025 0.2068275 0.236431 0 0.199882 0.2378158 -0.02657061 0.2068009 0.2330362 -0.03610402 0.2295105 0.2197582 -0.02748537 0.252573 0.2049763 -0.03036153 0.2559503 0.2025371 -0.04713606 0.2446343 0.192563 -0.05183756 0.2326971 0.2026658 -0.02794069 0.2579648 0.1844379 0 0.2675192 0.1819754 -0.04439479 0.2498516 0.1796972 0 0.2635933 0.1874735 0.02794069 0.2579648 0.1844379 -0.0759297 0.2300806 0.2235137 -0.08719283 0.2445601 0.2240461 -0.07050621 0.2558962 0.215227 -0.08875632 0.2706277 0.2152947 -0.0944271 0.221318 0.229628 -0.06179481 0.2630878 0.2016195 -0.08044552 0.2814851 0.1997126 -0.1059459 0.2888341 0.1959969 -0.1104 0.2791306 0.2136436 -0.1202186 0.2876492 0.1988604 -0.1299141 0.2779903 0.208568 -0.1001935 0.2564576 0.2249611 -0.1150823 0.2613699 0.2265524 -0.1072453 0.2440891 0.2304392 -0.1190904 0.2421762 0.2309485 -0.1337325 0.2438978 0.2260552 -0.1353029 0.260067 0.2202588 -0.07269454 0.2838007 0.1787205 -0.05353516 0.2669107 0.1826742 -0.04713606 0.2446343 0.192563 -0.04439479 0.2498516 0.1796972 -0.05183756 0.2326971 0.2026658 -0.09515428 0.254795 0.2244225 -0.0983439 0.2288697 0.2295282 -0.1014906 0.2347021 0.2282102 -0.1197125 0.2256967 0.2261892 -0.1198215 0.2195124 0.2277655 -0.1428363 0.2267856 0.2190598 -0.139764 0.2317468 0.2190169 -0.153364 0.2453745 0.2093353 -0.1472954 0.2501503 0.2104632 -0.151306 0.2672729 0.1950684 -0.1452767 0.2691922 0.1977112 -0.1379173 0.2829234 0.180022 -0.1339028 0.2825437 0.182683 -0.1081445 0.2893726 0.1722336 -0.1076952 0.2921583 0.1657044 -0.07269454 0.2838007 0.1787205 -0.1453475 0.2803248 0.1732379 -0.1411077 0.2802527 0.1405978 -0.1575782 0.2656412 0.1516224 -0.1461511 0.2564738 0.1204203 -0.1619035 0.24132 0.1357927 -0.1603421 0.2614833 0.1885353 -0.1705179 0.2456564 0.1686747 -0.1597006 0.237628 0.2052985 -0.1694172 0.2179405 0.1863757 -0.1458909 0.2202005 0.217279 -0.1516847 0.1964266 0.2037608 -0.1194564 0.2104598 0.2277343 -0.1201146 0.1839461 0.2156311 -0.1190077 0.1653732 0.1828888 -0.1529064 0.1785048 0.1717425 -0.1126997 0.1665713 0.1419999 -0.1437605 0.1810458 0.1367901 -0.08058309 0.1954462 0.2200139 -0.1678295 0.2028694 0.1591351 -0.1437605 0.1810458 0.1367901 -0.158571 0.2083381 0.1316341 -0.1709229 0.2301426 0.1525886 -0.1317992 0.1942417 0.1169092 -0.1397799 0.2208272 0.110408 -0.1619035 0.24132 0.1357927 -0.08100688 0.1702511 0.1883773 -0.06070756 0.1926634 0.2056842 -0.06200945 0.1826231 0.1870624 -0.07824045 0.1705079 0.1489022 -0.0592395 0.1824201 0.1527271 -0.07165873 0.1934391 0.1227434 -0.05326539 0.2013537 0.1295494 -0.10725 0.1888628 0.1140397 -0.1461511 0.2564738 0.1204203 -0.1317992 0.1942417 0.1169092 -0.05698311 0.2120349 0.2079734 -0.1030865 0.2380973 0.2297778 -0.1014906 0.2347021 0.2282102 -0.1196229 0.2326611 0.2291657 -0.1197125 0.2256967 0.2261892 -0.1376836 0.2368708 0.2227686 -0.139764 0.2317468 0.2190169 -0.1472954 0.2501503 0.2104632 -0.1442162 0.2540093 0.2148209 -0.1452767 0.2691922 0.1977112 -0.1406378 0.2730824 0.2020561 -0.1339028 0.2825437 0.182683 -0.1298389 0.2852978 0.1882179 -0.1081445 0.2893726 0.1722336 -0.1073532 0.2901393 0.1809102 0 0.1842302 0.1104264 0.05326539 0.2013537 0.1295494 0.0592395 0.1824201 0.1527271 0.07165873 0.1934391 0.1227434 0.06200945 0.1826231 0.1870624 0.10725 0.1888628 0.1140397 0.1317992 0.1942417 0.1169092</float_array>
          <technique_common>
            <accessor source="#pm0058_00_41_HairBSkin-mesh-positions-array" count="677" stride="3">
              <param name="X" type="float"/>
              <param name="Y" type="float"/>
              <param name="Z" type="float"/>
            </accessor>
          </technique_common>
        </source>
        <source id="pm0058_00_41_HairBSkin-mesh-normals">
          <float_array id="pm0058_00_41_HairBSkin-mesh-normals-array" count="2031">0.5442071 0.2677336 0.7950832 -1.49906e-5 0.6808321 0.7324395 -4.70877e-6 0.2856116 0.9583455 0.5886359 0.5559711 0.5868595 7.30157e-6 0.8934467 0.4491693 0.5721069 0.7510235 0.3296324 2.18451e-5 0.9926973 0.1206319 0.5988165 0.8007591 -0.01427227 0.8725612 0.4036784 0.2751015 0.8545361 0.2193804 0.4707872 0.9940893 0.08416593 0.06857639 0.859317 0.5071017 0.06650042 0.8562692 0.4841698 -0.1799517 0.4910156 -0.1215376 0.8626311 1.63317e-5 -0.1677559 0.9858286 0.4711995 -0.555827 0.6848558 1.60038e-5 -0.6443317 0.7647463 -2.23219e-5 -0.9372462 0.3486687 0.5236147 -0.7873715 0.3253829 0.818986 -0.07911795 0.568333 0.8767225 -0.2589371 0.4053511 0.8742162 -0.4203102 0.2430749 0.6126681 -0.7877199 -0.06430727 -1.63317e-5 -0.9967586 -0.08045095 0.6495203 -0.6569973 -0.3827245 1.89245e-5 -0.8696076 -0.4937435 0.6530952 -0.45735 -0.6035708 1.08778e-5 -0.639521 -0.7687736 0.9383462 -0.2652541 -0.2216908 0.9334886 -0.08913129 -0.3473541 0.9873786 0.1090452 -0.1148596 0.9433664 0.3099462 -0.1182928 0.9336062 0.03763794 -0.3563186 0.9331795 0.3586434 0.02346932 0.9402819 -0.3394616 -0.02521526 0.652438 -0.2650746 -0.7099719 4.17232e-7 -0.4185765 -0.9081816 -1.52886e-5 -0.2493585 -0.9684113 0.6400635 -0.1281499 -0.7575595 0.9332934 0.1099404 -0.3418723 0.9167003 0.3899149 0.08733254 -1.80602e-5 -0.06480908 -0.9978978 0.6336441 0.00328499 -0.7736178 0.6341989 0.1458629 -0.7592864 8.22544e-6 0.1507773 -0.9885677 0.6374445 0.3881529 -0.6655839 -1.59144e-5 0.4970703 -0.8677103 0.9010319 0.1544716 -0.4053148 0.9321646 0.1345091 -0.33612 0.9119882 0.2453141 -0.3287833 0.9042043 0.3853623 0.1841483 0.6636952 0.6491843 -0.3715758 1.90735e-5 0.8560087 -0.5169616 -1.94013e-5 0.9999919 -0.004043936 0.6652793 0.7464758 0.01332032 0.6705788 0.6327771 0.3871914 9.11951e-6 0.8459593 0.5332474 -8.22544e-6 0.5187327 0.8549365 0.6979551 0.3116714 0.6447634 0.9136443 0.3493886 0.2078022 0.9215658 0.3881966 0.004473745 0.9280591 0.195199 0.3171809 0.9219745 0.3344174 -0.1952641 0.8984702 0.2843067 0.334546 0.8512902 0.3214792 0.4146757 0.767694 0.6272399 0.1312102 0.8828117 0.4358698 0.1751031 0.865372 0.4266377 0.2628909 0.9278687 0.1402623 0.3455229 0.8909619 0.07376557 0.4480465 0.8286034 0.4448639 0.3398714 0.874905 0.4485297 0.1826535 0.7902316 0.6022071 0.1134938 0.8479915 0.5281873 0.04391658 0.8233222 0.5442277 -0.1611111 0.6898422 0.7002934 -0.1835944 0.7990872 0.4891363 -0.3495786 0.9078554 0.3808863 -0.175284 0.9430003 0.3207045 -0.08887773 0.9097585 0.2784669 -0.3078893 0.9458644 0.1606187 -0.2820323 0.9405993 0.2585591 -0.2200462 0.9100757 0.3904816 -0.1388755 0.831093 0.4877998 -0.2670878 0.8906 0.3548578 -0.284443 0.6801962 0.6878654 -0.2533267 -6.85453e-6 0.9746932 -0.223547 0.6471887 0.7226842 -0.2426404 1.22786e-5 0.9582589 -0.2859019 0.7828835 0.4358405 -0.4440007 0.7564377 0.3911358 -0.5242281 0.8341881 0.2267633 -0.5027014 0.741778 0.1173102 -0.6603058 0.9259091 0.08214688 -0.3687063 0.8433213 -0.08427816 -0.5307601 0.9732646 -0.1158125 -0.198352 0.9796992 -0.01095443 -0.2001739 0.948649 0.2469379 -0.197704 0.9969527 0.05745172 -0.05276906 0.9587562 0.2759183 0.06823348 0.8942326 0.4466687 -0.02890354 0.9419662 0.2907726 0.1677826 0.8757804 0.4802788 0.04838687 0.9965156 -0.05920827 0.05874472 0.7664705 0.02890151 0.641629 1.81943e-5 0.06587606 0.9978279 0.745784 0.05466794 0.6639411 1.01924e-5 0.09631139 0.9953513 0.926163 -0.1509193 0.3456091 0.9281116 -0.2191952 0.3009359 0.962257 -0.2678511 0.04813992 0.9661795 -0.2524622 0.05253815 0.9700155 -0.1297102 -0.2055369 0.9629164 -0.1397227 -0.2308022 0.9819117 0.03211879 -0.1865952 0.9806231 0.002913832 -0.1958824 0.9988692 -0.04359769 -0.0189619 0.990974 0.1339928 0.004067838 0.9823186 -0.0876668 0.1654231 0.9810363 0.1588839 0.1110125 0.9153698 -0.02466547 0.4018581 0.9918377 0.112358 0.06027901 0.9953779 0.005459547 -0.09588015 0.9968765 0.06940066 0.03769201 0.9933964 -0.1012063 0.05404782 0.951838 0.2844833 0.1143405 0.9192698 0.3678575 0.1400852 0.9598932 0.2753309 -0.05289447 0.9737105 0.1673421 -0.1545467 0.9244624 0.380831 -0.01835989 0.9970596 0.0592643 0.04858046 0.9780561 0.1153303 0.1735088 0.9857202 -0.03161215 0.1653977 0.9294943 -0.006171524 0.3687848 0.9498043 0.2360395 -0.2053221 0.9804908 0.08594894 -0.1767787 0.9701595 0.1059798 -0.21808 1.47522e-5 0.6808322 0.7324395 -0.5442069 0.2677286 0.7950851 4.61936e-6 0.2856116 0.9583455 -0.5886362 0.5559706 0.5868596 -7.09295e-6 0.8934468 0.4491693 -0.5721054 0.7510233 0.3296355 -2.17557e-5 0.9926974 0.1206318 -0.5988152 0.8007601 -0.01427036 -0.8725612 0.4036784 0.2751014 -0.8545356 0.2193819 0.4707872 -0.9940893 0.08416587 0.06857621 -0.8593139 0.5071076 0.06649547 -0.8561795 0.4842199 -0.1802443 -0.4910162 -0.1215367 0.8626309 -1.63615e-5 -0.1677561 0.9858286 -0.4711994 -0.555827 0.6848558 -1.62423e-5 -0.6443316 0.7647462 2.23219e-5 -0.937246 0.3486689 -0.5236164 -0.7873709 0.3253812 -0.818986 -0.07911795 0.5683329 -0.876722 -0.2589364 0.4053523 -0.8742159 -0.4203107 0.2430752 -0.6126683 -0.7877195 -0.06430894 1.63913e-5 -0.9967586 -0.08045077 -0.6495205 -0.6569972 -0.3827242 -1.88947e-5 -0.8696077 -0.4937435 -0.6530945 -0.4573499 -0.6035716 -1.0848e-5 -0.6395207 -0.7687739 -0.9383462 -0.2652541 -0.2216907 -0.9334895 -0.08913356 -0.3473508 -0.9873788 0.1090454 -0.1148577 -0.9433662 0.3099467 -0.118294 -0.9336063 0.03763765 -0.3563182 -0.9331803 0.3586415 0.02347171 -0.9402821 -0.3394611 -0.02521502 -0.652438 -0.2650754 -0.7099716 -4.17232e-7 -0.4185765 -0.9081816 1.53184e-5 -0.2493587 -0.9684113 -0.6400637 -0.1281494 -0.7575595 -0.9332926 0.1099425 -0.3418735 -0.9167014 0.3899127 0.08733159 1.88947e-5 -0.06477415 -0.9979 -0.6336448 0.003286182 -0.7736172 -0.6341983 0.1458631 -0.7592868 -7.48038e-6 0.1507775 -0.9885677 -0.6374456 0.3881521 -0.6655834 1.4782e-5 0.4970706 -0.8677101 -0.9010319 0.1544716 -0.4053148 -0.9321637 0.1345136 -0.3361204 -0.9119882 0.2453141 -0.3287836 -0.9042044 0.3853613 0.1841499 -0.6636946 0.649185 -0.3715755 -1.809e-5 0.8560082 -0.5169623 1.97291e-5 0.9999919 -0.004042923 -0.6652792 0.7464759 0.01332145 -0.6705789 0.6327797 0.3871872 -8.76188e-6 0.8459593 0.5332476 8.28505e-6 0.5187324 0.8549367 -0.6979532 0.3116734 0.6447643 -0.9136446 0.3493847 0.2078077 -0.9215654 0.3881975 0.004476964 -0.9280589 0.195198 0.3171821 -0.9219738 0.3344222 -0.1952592 -0.8984802 0.2843254 0.3345034 -0.8512901 0.3214791 0.4146764 -0.7677149 0.6272094 0.1312339 -0.882812 0.4358696 0.1751026 -0.8653721 0.4266372 0.2628915 -0.9278684 0.1402627 0.3455237 -0.8909618 0.07376593 0.4480466 -0.8286029 0.4448644 0.339872 -0.8749058 0.4485269 0.1826565 -0.7902311 0.6022075 0.113495 -0.8479912 0.5281876 0.04391819 -0.8233226 0.5442283 -0.161107 -0.6898416 0.7002938 -0.1835953 -0.7990875 0.4891366 -0.3495778 -0.9078554 0.3808863 -0.1752837 -0.9429965 0.3207152 -0.08888006 -0.9097423 0.2785102 -0.307898 -0.9458792 0.1606016 -0.2819924 -0.9406045 0.2585183 -0.2200719 -0.91008 0.390442 -0.1389596 -0.8310933 0.487799 -0.2670881 -0.890599 0.3548592 -0.2844443 -0.6801975 0.6878646 -0.2533254 6.94394e-6 0.9746931 -0.2235475 -0.6471896 0.7226839 -0.2426393 -1.21519e-5 0.9582589 -0.285902 -0.7828825 0.4358385 -0.4440044 -0.7564358 0.3911353 -0.5242311 -0.8341853 0.2267692 -0.5027034 -0.7417776 0.1173095 -0.6603063 -0.9259092 0.0821461 -0.3687064 -0.8433209 -0.08427935 -0.5307606 -0.973255 -0.1158567 -0.1983734 -0.9796976 -0.01090639 -0.2001842 -0.9486496 0.2469353 -0.1977041 -0.996953 0.05744498 -0.05277222 -0.9587572 0.2759148 0.06823325 -0.8942325 0.446672 -0.02885335 -0.9419597 0.2907652 0.1678318 -0.8757811 0.4802774 0.04838526 -0.9965157 -0.05920839 0.05874472 -0.7664703 0.02890157 0.6416292 -1.81496e-5 0.065876 0.9978279 -1.01626e-5 0.09631162 0.9953512 -0.7456832 0.05453985 0.6640647 -0.9261632 -0.1509189 0.3456085 -0.9281115 -0.2191954 0.3009359 -0.9622569 -0.2678514 0.04814016 -0.9661791 -0.2524636 0.05253821 -0.9700149 -0.1297113 -0.2055386 -0.9629172 -0.1397224 -0.2307994 -0.981912 0.0321176 -0.1865944 -0.9806229 0.002914011 -0.1958833 -0.9988692 -0.04359674 -0.01896268 -0.9909741 0.1339921 0.004067659 -0.9823186 -0.08766692 0.165423 -0.9810363 0.1588841 0.1110126 -0.9153691 -0.02466785 0.4018596 -0.9918376 0.1123624 0.06027376 -0.9953743 0.005483388 -0.09591698 -0.9968769 0.06939983 0.03768658 -0.9933962 -0.1012066 0.0540477 -0.9518377 0.284484 0.1143407 -0.9192705 0.3678385 0.1401312 -0.9598929 0.2753325 -0.05289369 -0.9737103 0.1673433 -0.1545462 -0.9244623 0.3808312 -0.01835942 -0.9970598 0.05926173 0.04857695 -0.9780547 0.1153355 0.1735128 -0.9857203 -0.03161197 0.1653975 -0.9295082 -0.006198644 0.3687494 -0.9498008 0.2359835 -0.2054031 -0.9804908 0.08594954 -0.1767778 -0.9701596 0.1059799 -0.2180799 0.594651 0.6435237 0.4819415 0.6433587 0.3140111 0.6982025 0.6740348 0.2729588 0.6864187 0.5186579 0.4789971 0.7082061 0.4729971 0.2205696 0.8530081 0.5845165 -0.07665228 0.8077531 0.1848044 0.1284442 0.9743456 0.1458784 -0.2768387 0.9497789 -0.1310725 0.1834341 0.9742546 0.2335338 0.5330835 0.8131937 -0.1867015 0.5287142 0.8280121 -0.1535779 0.812722 0.5620471 0.3245368 0.7439473 0.5841389 0.1230989 0.9722304 0.1990345 0.5599637 0.8282688 0.02028393 -0.4004873 -0.153813 0.9033004 -0.5931555 0.36884 0.7156282 -0.4543204 0.826689 0.3319312 0.03715986 0.9982408 0.04620242 0.5205947 0.8477597 -0.1014143 0.06497377 0.9977045 -0.01908701 0.7837554 0.6206893 0.0217297 0.8937198 0.4345248 -0.1115943 0.8618565 0.3846521 -0.3305242 0.824217 0.4480301 0.346317 0.9538365 0.04643863 -0.2967144 0.9051471 -0.004440248 0.4250753 0.8936998 0.4345665 -0.1115918 0.9860756 -0.1639276 0.02797412 0.6885842 -0.4705395 0.5517649 0.7071729 -0.6943519 0.1333497 0.2051119 -0.9462187 0.2501986 0.06812614 -0.9486549 -0.3088896 -0.2969493 -0.9172509 -0.2654659 -0.2680278 -0.916137 0.298084 0.6186135 -0.662996 -0.4216085 0.1717056 -0.6983209 0.6948849 -0.3854461 -0.5397127 0.748426 0.9018696 -0.17347 -0.3956508 0.6186139 -0.6629841 -0.4216267 0.5618427 -0.08246564 0.8231236 0.132147 -0.3053343 0.9430314 -0.388476 -0.1397386 0.9108016 -0.3070859 0.07493162 0.9487273 -0.6472945 0.2844228 0.7071871 -0.6436648 0.006117999 0.7652831 -0.6564275 -0.2866329 0.6978141 -0.5378427 0.3644948 0.7601768 -0.4004176 0.7619194 0.5090624 -0.3278058 0.3330957 0.8840761 -0.7868219 0.251078 0.5638008 -0.4235222 0.0693165 0.9032299 0.1550377 0.01332873 0.9878187 0.4550119 0.07899439 0.8869747 0.4417994 -0.5102459 -0.737877 0.03598135 0.475476 0.8789927 0.4900882 0.2584639 0.8324722 0.1194948 0.3003459 0.9463157 0.2481062 0.1876453 0.9503855 -0.1682813 0.2020879 0.9648016 -0.2938413 0.465346 0.8349314 -0.2307373 0.815375 0.5309651 0.6391353 -0.2088791 -0.7401863 0.9538381 0.04643422 -0.29671 0.8618592 0.3846607 -0.330507 0.5719417 -0.2703517 0.7744629 0.09921842 -0.391296 0.9149007 -0.4647629 -0.2287098 0.8553873 -0.7293165 0.2593033 0.6331346 -0.6503258 0.7248528 0.227299 0.4418046 -0.5102466 -0.7378734 0.09938085 -0.3185795 -0.942672 0.6391422 -0.2088896 -0.7401773 -0.08763599 -0.6017023 -0.7938983 0.2180937 -0.2830944 -0.9339662 0.07531946 -0.39342 -0.9162685 -5.33998e-4 -0.3399491 -0.9404438 2.98686e-4 -0.3438965 -0.9390076 0.2565674 -0.3040938 -0.9174423 0.2538443 -0.351195 -0.9012354 -2.86102e-6 -0.4088831 -0.9125868 0.1799132 -0.5316236 -0.8276519 3.43472e-6 -0.6402061 -0.7682033 5.52088e-6 -0.8663583 -0.4994232 0.2980874 -0.7953324 -0.5278164 0.1622451 -0.8498589 -0.5014144 -5.26011e-6 -0.8083683 -0.5886772 3.85024e-4 -0.3481585 -0.9374356 -1.75685e-5 -0.5470963 -0.8370698 0.4076572 -0.5933834 -0.6940546 0.7402723 -0.4558183 -0.494193 0.9451883 0.1856818 -0.2685915 0.9549053 0.09785473 -0.2803221 0.9206668 -0.04742479 -0.3874582 0.881423 -0.3655695 -0.2990859 0.8985846 0.1886664 -0.3961703 0.2162832 0.8770306 0.4289978 -1.19731e-5 0.9642665 0.2649343 1.5229e-5 0.9133911 0.4070832 0.2314053 0.9415084 0.2449767 0.1624111 0.9838378 0.07540547 1.90064e-5 0.9988761 0.04739934 0.1637201 0.8348884 0.5255067 -1.15912e-5 0.8043268 0.5941871 0.6979498 0.539091 0.4714309 0.381249 0.3861315 0.8399713 0.7866669 0.3513636 0.5076407 0.3179405 0.468672 0.8241726 0.9549068 0.09787994 -0.2803083 0.945187 0.1857008 -0.2685827 7.09202e-7 0.3576019 0.9338741 3.24021e-6 0.3627706 0.9318785 0.8512879 0.1983561 0.4857613 0.9206712 -0.04745995 -0.3874431 3.45205e-6 -0.1134577 0.9935428 0.4669709 0.2127399 0.8583007 0.7414205 0.5241105 0.4190514 0.8985769 0.1886541 -0.3961933 0.1645657 0.2441691 0.9556671 0 0.1655594 0.9861999 0.461599 0.2391977 0.8542312 0.9619344 0.05140697 0.268402 0.8814123 -0.365592 -0.2990903 0.93555 -0.1572101 -0.3162772 0.9513438 0.2534222 -0.1752775 0.915588 0.04341799 0.3997668 0.2314321 0.9415079 0.2449533 0.1624138 0.9838392 0.07538068 0.6174353 0.5376344 -0.574215 3.63588e-6 0.6093705 -0.7928856 -1.7345e-5 0.9988774 0.04737132 0.2162897 0.8770494 0.428956 0.5959584 -0.01190626 -0.802927 0.2980566 -0.7953256 -0.5278442 0.1622582 -0.8498521 -0.5014218 2.74926e-5 -0.808369 -0.588676 1.72853e-6 0.13967 -0.9901981 0.1637132 0.8349074 0.5254785 0.5298741 0.1480038 0.835062 -1.39922e-5 0.8043252 0.5941894 1.78698e-7 0.2073004 0.9782773 0.6149504 -0.1731542 0.7693203 1.11361e-6 -0.2837063 0.9589113 -0.5298742 0.1480041 0.8350619 -0.1637129 0.8349074 0.5254786 -0.6149515 -0.1731551 0.7693192 -0.9155887 0.04341852 0.3997651 -0.2162879 0.8770501 0.4289554 -0.2314322 0.9415078 0.2449536 -0.9513428 0.2534247 -0.1752796 -0.1624329 0.9838348 0.07539761 -0.6174335 0.5376349 -0.5742167 -3.51667e-6 0.6093704 -0.7928858 1.7181e-5 0.9988774 0.0473712 -0.9618404 0.05120521 0.2687771 -0.93555 -0.15721 -0.3162772 -0.5959617 -0.01190656 -0.8029246 -0.2980567 -0.7953255 -0.5278444 -0.1622588 -0.8498519 -0.5014221 -2.76193e-5 -0.8083693 -0.5886757 -1.78814e-6 0.1396698 -0.9901981 -0.880701 -0.368246 -0.2979272 -0.9015502 0.1781652 -0.3942899 -0.7430086 0.5217782 0.4191491 -0.942771 0.1850918 -0.2773519 -0.6992474 0.5398607 0.4686188 -0.9538609 0.1011312 -0.2827047 -0.7866668 0.3513636 0.5076405 -0.3812482 0.3861306 0.839972 -0.3179407 0.4686707 0.8241733 -0.8512879 0.1983573 0.4857607 -0.9206712 -0.04745966 -0.3874432 -0.4669798 0.2127397 0.8582959 -0.1645637 0.2441694 0.9556674 0 0.05789434 0.9983228 -0.1436121 0.1024641 0.9843154 -0.03910708 0.07948625 0.9960685 0 -0.03078353 0.9995262 0.143612 0.1024641 0.9843154 0.0391072 0.07948625 0.9960686 -0.4615995 0.2391968 0.8542312 -0.1846013 0.1994257 0.9623678 -0.4996043 0.4575669 0.7355462 -0.8388333 0.4831389 0.2508695 -0.049923 0.07889145 0.9956324 -0.004194557 0.3009595 0.9536277 0.02157407 0.1115918 0.9935199 -0.3278306 0.3330898 0.8840692 -0.4235461 0.06928676 0.9032209 0.03596901 0.4754678 0.8789975 -0.9553487 0.06641656 -0.2879199 0.4901076 0.2585006 0.8324494 0.8379918 0.1042912 0.5356242 0.953831 0.04643762 -0.2967323 0.6391323 -0.2088807 -0.7401884 -0.6057597 -0.2043012 -0.7689709 -0.2676904 0.6371305 0.7227771 -0.3984379 0.3019306 0.8660746 -0.1879787 -0.699822 -0.6891395 -0.4817096 -0.7856626 -0.3881885 1.19358e-5 0.9642666 0.2649341 -0.2162833 0.8770303 0.4289981 -1.53109e-5 0.9133913 0.407083 -0.2314054 0.9415083 0.244977 -0.162411 0.9838378 0.07540547 -1.89822e-5 0.9988761 0.04739934 -0.1636902 0.8349126 0.5254775 1.15298e-5 0.8043268 0.5941871 -0.2530907 -0.3514814 -0.9013356 2.97196e-4 -0.3439006 -0.939006 -0.2572829 -0.3018487 -0.9179831 -3.51667e-6 -0.408885 -0.912586 -0.2187849 -0.2828814 -0.933869 -5.00858e-4 -0.3399509 -0.9404431 -0.181536 -0.5326033 -0.826667 -3.41982e-6 -0.6402062 -0.7682032 -5.69969e-6 -0.8663584 -0.4994229 -0.2980875 -0.7953327 -0.5278161 -0.1622451 -0.8498589 -0.5014143 5.16884e-6 -0.8083682 -0.5886774 -0.07569843 -0.394427 -0.9158041 3.91975e-4 -0.3481547 -0.937437 -0.09937739 -0.3185861 -0.9426702 0.1879787 -0.699822 -0.6891395 0.4817096 -0.7856626 -0.3881884 0.08761411 -0.5989699 -0.7959641 1.75013e-5 -0.5470962 -0.8370698 -0.4076573 -0.5933833 -0.6940547 -0.7402724 -0.4558182 -0.494193 -0.8806948 -0.3682411 -0.2979522 -0.9015527 0.1781647 -0.3942843 -0.9427706 0.1850963 -0.2773499 -0.9538631 0.1011447 -0.2826926 -0.9206667 -0.04742491 -0.3874582 -0.3735389 -0.5373286 -0.7561394 -0.6057638 -0.2042436 -0.768983 0.6457976 0.3869692 0.6581795 0.8728755 0.003094255 0.4879332 0.7887105 0.3455905 0.508432 0.7377564 -0.1189298 0.6645082 0.6948959 0.6233931 0.3584702 0.553933 0.7326144 0.3955181 0.8664469 -0.4465657 0.2232685 0.5095381 -0.5667887 0.647396 0.5837038 -0.7966264 0.1570874 -0.004547417 -0.9907906 0.1353271 -1.55568e-5 -0.8664625 -0.4992423 0.5184222 -0.7377767 -0.432347 -0.06962513 -0.7141812 0.6964895 -0.5243059 -0.5581489 0.6430966 -0.5657213 -0.8150205 0.1253037 1.54972e-5 -0.8664625 -0.4992423 -0.5184223 -0.7377768 -0.4323468 0.8057473 -0.5079728 -0.3045243 0.4076601 -0.5933845 -0.6940521 0.7402704 -0.4558221 -0.4941923 -0.07811999 -0.2948884 0.952333 -0.4861698 -0.1772518 0.8556991 -0.7730081 -0.2396647 0.5873835 -0.6902222 0.1168745 0.7140964 -0.47745 0.09447723 0.8735648 -0.6333634 0.3350493 0.697562 -0.06416785 0.03128629 0.9974486 0.3838876 -0.05073553 0.921985 0.2952721 0.1281832 0.9467753 3.36766e-6 -0.5470858 -0.8370766 -0.4076599 -0.5933844 -0.6940522 -0.805698 -0.5079959 -0.3046163 -0.7402719 -0.4558206 -0.4941914 -0.8591683 -0.5009512 0.104297 0.4437139 0.3416031 0.828508 0.4015032 0.4145401 0.8166713 0.321681 0.8247724 0.4650505 0.3101041 0.5499833 0.7754702 0.3454494 0.2455204 0.9057508 0.4546167 -0.008045554 0.8906509 0.007169604 0.182698 0.983143 -0.04033172 -0.2363617 0.9708277 -0.3266131 0.1856029 0.9267553 0.05672955 0.5659912 0.8224572 -0.3757672 0.5130029 0.7717689 -0.3390575 0.7523912 0.5647545 0.05524313 0.8621683 0.5036012 -0.4941897 -0.06428551 0.8669739 -0.6755681 0.3987929 0.6201387 -0.4445104 0.8210463 0.3581809 0.02297508 0.9822376 0.1862297 0.3551849 0.9141706 0.1952841 0.5586841 0.8033646 0.2061009 -0.02895039 0.9995304 -0.01003909 -0.5043017 0.8027667 0.3181907 -0.7942263 0.3135697 0.5204601 -0.5460702 -0.142591 0.8255151 -0.07575243 -0.3856691 0.9195222 0.4271621 -0.1326697 0.8943889 0.1562297 0.1725945 0.9725244 -0.07258075 0.2691732 0.960353 -0.3028999 0.2090482 0.9298121 -0.2690687 0.4941002 0.8267207 0.01949077 0.6082639 0.7934955 -0.4628611 0.8081366 0.3642458 -0.6296074 0.6897143 0.3576152 -0.6816868 0.5054578 0.528976 -0.2677031 0.6371424 0.7227619 -0.004160523 0.30095 0.9536309 -0.3984345 0.3019429 0.8660719 0.143197 0.8017132 0.5803022 0.02155768 0.111586 0.9935209 0.5485523 0.314445 0.7747353 0.289811 0.224801 0.9303086 0.4981007 0.01100814 0.8670494 0.288645 0.5958347 0.7494432 0.1759847 -0.1712659 0.96938 0.6719955 0.5148717 0.5322867 0.3801928 0.8181905 0.4312978 0.162398 0.9332721 0.3203593 0.04955881 0.717388 0.6949089 -0.225047 0.9247512 0.3069025 -0.3958864 0.6982218 0.5964567 0.1936405 0.4303305 0.881657 -0.07125937 0.4750583 0.8770643 0.1453967 0.1737197 0.9740027 -0.1705744 0.0945689 0.9807962 -0.4312317 0.1249126 0.8935526 -0.4417994 0.4552736 0.7730067 0.413418 0.8727934 0.2594559 0.6903011 0.5964573 0.4095403 0.7777375 0.3370599 0.5305801 0.8517581 0.3966376 0.3423255 0.6791961 0.1311971 0.7221357 0.3363748 0.2845726 0.897703 0.04950273 0.09982019 0.9937734 -0.105206 0.1648576 0.9806904 -0.2307578 0.2321335 0.9449154 -0.2328674 0.05693835 0.9708402 -0.4546895 0.06837368 0.8880217 -0.3381229 0.2201038 0.9150012 -0.6325803 0.3044588 0.7121427 -0.4670276 0.4159557 0.7802989 -0.6190018 0.6302338 0.46866 -0.4567196 0.6868875 0.5653256 -0.365989 0.9123525 0.1834802 -0.1829051 0.8963648 0.4038267 -0.01148176 0.920496 0.3905833 -0.4996032 0.4575853 0.7355355 -0.1846358 0.1994462 0.9623569 -0.5469003 0.8371565 0.008314609 -0.838822 0.4831728 0.2508425 -0.8160693 0.5376791 -0.2119722 -0.9553598 0.06639975 -0.2878867 -0.8374639 0.1764667 -0.5172174 -0.8555424 0.462893 0.2318997 -0.9603884 0.2758069 0.03980767 -0.8593396 0.05807197 0.5080975 -0.9348706 -0.176469 0.3080189 -0.618035 -0.2266973 0.7527558 -0.6529384 -0.5245382 0.5463801 -0.1942465 -0.3351643 0.9219183 -0.182346 -0.6981249 0.6923667 -0.1697486 -0.960651 0.2198526 -0.6198255 -0.777345 0.1074771 -0.06291252 -0.9487963 -0.3095605 -0.5288946 -0.7410175 -0.4137192 0.2601375 -0.5461893 0.7962449 -0.9138363 -0.3903049 -0.1120962 -0.5289085 -0.7410015 -0.4137302 -0.7835827 -0.2684798 -0.5602827 -0.9743859 -0.001840889 -0.2248755 -0.3735321 -0.5373185 -0.75615 -0.6057392 -0.2042623 -0.7689975 -0.8374639 0.1764922 -0.5172087 0.239938 -0.9235233 0.2992231 0.4463203 -0.6000882 0.6638466 0.5418093 -0.8241825 0.1648209 0.3012823 -0.9163801 -0.2635841 0.5423713 -0.8079864 -0.2301986 0.1879684 -0.6998206 -0.6891437 0.4817069 -0.7856557 -0.3882056 0.08760917 -0.5989763 -0.79596 -0.9553494 0.0663864 -0.2879244 -0.3735428 -0.5373221 -0.7561421 0.5828005 -0.0995478 0.8064949 -0.163607 -0.2941319 0.9416577 0.2769839 -0.2954796 0.914315 0.2975336 -0.1059554 0.9488136 -0.1970294 -0.3917338 0.8987348 -0.6054795 -0.18206 0.7747572 -0.6378448 -0.269329 0.7215372 -0.8668903 0.141703 0.4779349 -0.7564276 0.2908402 0.5858578 -0.7724189 0.5635195 0.2929417 -0.6613583 0.6442785 0.3840709 -0.51962 0.8530102 -0.04867005 -0.4268786 0.9031454 0.04585891 0.004229247 0.9948483 -0.1012871 0.06531631 0.99764 0.0211752 -3.28338e-6 -0.5470859 -0.8370765 -0.1879683 -0.6998206 -0.6891437 -0.5424519 -0.807934 -0.2301928 -0.4817069 -0.7856557 -0.3882057 -0.5747587 -0.7517864 0.3232177 -0.08761316 -0.6017286 -0.7938808 0.4417771 -0.5102521 -0.7378861</float_array>
          <technique_common>
            <accessor source="#pm0058_00_41_HairBSkin-mesh-normals-array" count="677" stride="3">
              <param name="X" type="float"/>
              <param name="Y" type="float"/>
              <param name="Z" type="float"/>
            </accessor>
          </technique_common>
        </source>
        <source id="pm0058_00_41_HairBSkin-mesh-map-0">
          <float_array id="pm0058_00_41_HairBSkin-mesh-map-0-array" count="5964">0.6070927 0.2408767 0.5772907 0.2574886 0.5929918 0.228594 0.6070927 0.2408767 0.595747 0.263383 0.5772907 0.2574886 0.595747 0.263383 0.5743607 0.2940896 0.5772907 0.2574886 0.595747 0.263383 0.5923771 0.2942898 0.5743607 0.2940896 0.5923771 0.2942898 0.5839865 0.3266913 0.5743607 0.2940896 0.5923771 0.2942898 0.5985538 0.3209409 0.5839865 0.3266913 0.6070927 0.2408767 0.6174706 0.2720783 0.595747 0.263383 0.6174706 0.2720783 0.5923771 0.2942898 0.595747 0.263383 0.6070927 0.2408767 0.6266195 0.2539219 0.6174706 0.2720783 0.6266195 0.2539219 0.6500069 0.2678329 0.6174706 0.2720783 0.6174706 0.2720783 0.6120576 0.297044 0.5923771 0.2942898 0.5985538 0.3209409 0.5923771 0.2942898 0.6120576 0.297044 0.5985538 0.3209409 0.6120576 0.297044 0.6154624 0.3169465 0.6276176 0.2246248 0.6070927 0.2408767 0.5929918 0.228594 0.6276176 0.2246248 0.6266195 0.2539219 0.6070927 0.2408767 0.6276176 0.2246248 0.5929918 0.228594 0.6203379 0.2076994 0.6571704 0.2190808 0.6276176 0.2246248 0.6203379 0.2076994 0.6571704 0.2190808 0.6203379 0.2076994 0.6584479 0.2000783 0.6970478 0.2118289 0.6571704 0.2190808 0.6584479 0.2000783 0.6970478 0.2118289 0.6849728 0.2307815 0.6571704 0.2190808 0.6571704 0.2190808 0.6374413 0.2426686 0.6276176 0.2246248 0.6276176 0.2246248 0.6374413 0.2426686 0.6266195 0.2539219 0.6374413 0.2426686 0.6500069 0.2678329 0.6266195 0.2539219 0.6571704 0.2190808 0.6551033 0.2431759 0.6374413 0.2426686 0.6374413 0.2426686 0.6551033 0.2431759 0.6500069 0.2678329 0.6571704 0.2190808 0.6709875 0.2476204 0.6551033 0.2431759 0.6571704 0.2190808 0.6849728 0.2307815 0.6709875 0.2476204 0.6709875 0.2476204 0.6500069 0.2678329 0.6551033 0.2431759 0.6970478 0.2118289 0.7027348 0.2508909 0.6849728 0.2307815 0.6970478 0.2118289 0.7247764 0.2360681 0.7027348 0.2508909 0.7127943 0.276772 0.7027348 0.2508909 0.7247764 0.2360681 0.7127943 0.276772 0.7247764 0.2360681 0.7414281 0.2725646 0.7145343 0.3053963 0.7127943 0.276772 0.7414281 0.2725646 0.7145343 0.3053963 0.7414281 0.2725646 0.7425248 0.3077533 0.6872349 0.2828514 0.7127943 0.276772 0.7145343 0.3053963 0.7027348 0.2508909 0.7127943 0.276772 0.6872349 0.2828514 0.6872349 0.2828514 0.7145343 0.3053963 0.6899744 0.3062987 0.6694548 0.2879542 0.6872349 0.2828514 0.6899744 0.3062987 0.6694548 0.2879542 0.6899744 0.3062987 0.6737291 0.307325 0.6737291 0.307325 0.6899744 0.3062987 0.6870091 0.3290832 0.6737291 0.307325 0.6870091 0.3290832 0.6717603 0.3283097 0.7027348 0.2508909 0.6872349 0.2828514 0.678981 0.2615737 0.6694548 0.2879542 0.678981 0.2615737 0.6872349 0.2828514 0.6899744 0.3062987 0.7096602 0.3317918 0.6870091 0.3290832 0.6899744 0.3062987 0.7145343 0.3053963 0.7096602 0.3317918 0.7145343 0.3053963 0.7345786 0.3383077 0.7096602 0.3317918 0.7145343 0.3053963 0.7425248 0.3077533 0.7345786 0.3383077 0.7096602 0.3317918 0.7345786 0.3383077 0.7167747 0.3698317 0.7096602 0.3317918 0.7167747 0.3698317 0.6989733 0.3606212 0.6870091 0.3290832 0.7096602 0.3317918 0.6989733 0.3606212 0.6796581 0.3518351 0.6717603 0.3283097 0.6870091 0.3290832 0.6870091 0.3290832 0.6989733 0.3606212 0.6796581 0.3518351 0.6796581 0.3518351 0.6667715 0.3489054 0.6717603 0.3283097 0.6989733 0.3606212 0.7167747 0.3698317 0.6958339 0.3932952 0.6989733 0.3606212 0.6958339 0.3932952 0.6844223 0.3822184 0.6796581 0.3518351 0.6989733 0.3606212 0.6844223 0.3822184 0.6673307 0.3977223 0.6844223 0.3822184 0.6958339 0.3932952 0.6673307 0.3977223 0.6958339 0.3932952 0.6735898 0.4094501 0.6510558 0.4055392 0.6673307 0.3977223 0.6735898 0.4094501 0.6510558 0.4055392 0.6735898 0.4094501 0.6523024 0.4170299 0.6599352 0.3840334 0.6844223 0.3822184 0.6673307 0.3977223 0.6599352 0.3840334 0.6699474 0.3715122 0.6844223 0.3822184 0.6796581 0.3518351 0.6844223 0.3822184 0.6699474 0.3715122 0.6493343 0.3928325 0.6673307 0.3977223 0.6510558 0.4055392 0.6493343 0.3928325 0.6599352 0.3840334 0.6673307 0.3977223 0.6796581 0.3518351 0.6615049 0.359922 0.6667715 0.3489054 0.6796581 0.3518351 0.6699474 0.3715122 0.6615049 0.359922 0.6339418 0.4060984 0.6510558 0.4055392 0.6523024 0.4170299 0.6339418 0.4060984 0.6523024 0.4170299 0.6316516 0.4164885 0.6339418 0.4060984 0.6316516 0.4164885 0.6129204 0.4060167 0.6339418 0.4060984 0.6129204 0.4060167 0.618741 0.399029 0.6080241 0.3850181 0.618741 0.399029 0.6129204 0.4060167 0.6080241 0.3850181 0.6129204 0.4060167 0.5995723 0.3873098 0.6080241 0.3850181 0.5995723 0.3873098 0.5965806 0.3670265 0.6080241 0.3850181 0.5965806 0.3670265 0.6073514 0.3658689 0.6195945 0.3819034 0.618741 0.399029 0.6080241 0.3850181 0.6195945 0.3819034 0.6080241 0.3850181 0.6073514 0.3658689 0.6195945 0.3819034 0.6274254 0.39041 0.618741 0.399029 0.6274254 0.39041 0.6339418 0.4060984 0.618741 0.399029 0.6195945 0.3819034 0.6073514 0.3658689 0.6193193 0.366886 0.6274254 0.39041 0.6386108 0.3951018 0.6339418 0.4060984 0.6510558 0.4055392 0.6386108 0.3951018 0.6493343 0.3928325 0.6510558 0.4055392 0.6339418 0.4060984 0.6386108 0.3951018 0.6615049 0.359922 0.6699474 0.3715122 0.6631173 0.3714121 0.6615049 0.359922 0.6631173 0.3714121 0.6562249 0.3712967 0.6615049 0.359922 0.6562249 0.3712967 0.6535225 0.3576368 0.6535225 0.3576368 0.6442493 0.3456314 0.6615049 0.359922 0.6535225 0.3576368 0.6366953 0.3443821 0.6442493 0.3456314 0.6562249 0.3712967 0.6631173 0.3714121 0.6560747 0.380575 0.6562249 0.3712967 0.6560747 0.380575 0.6529994 0.3778361 0.6442493 0.3456314 0.6366953 0.3443821 0.6544391 0.3268682 0.6442493 0.3456314 0.6544391 0.3268682 0.6613089 0.3275813 0.6613089 0.3275813 0.6544391 0.3268682 0.6603935 0.3094004 0.6613089 0.3275813 0.6603935 0.3094004 0.6662337 0.308556 0.6603935 0.3094004 0.6600515 0.2931736 0.6662337 0.308556 0.6603935 0.3094004 0.655681 0.2955915 0.6600515 0.2931736 0.6600515 0.2931736 0.655681 0.2955915 0.6451971 0.2879531 0.6600515 0.2931736 0.6451971 0.2879531 0.646348 0.2827975 0.6303618 0.2866939 0.646348 0.2827975 0.6451971 0.2879531 0.6303618 0.2866939 0.6451971 0.2879531 0.633379 0.2900022 0.6303618 0.2866939 0.633379 0.2900022 0.6259786 0.2998223 0.6303618 0.2866939 0.6259786 0.2998223 0.6212014 0.2989201 0.6280319 0.3135181 0.6212014 0.2989201 0.6259786 0.2998223 0.6154624 0.3169465 0.6212014 0.2989201 0.6280319 0.3135181 0.6260268 0.33292 0.6154624 0.3169465 0.6280319 0.3135181 0.6260268 0.33292 0.6280319 0.3135181 0.6385729 0.3201402 0.6154624 0.3169465 0.6260268 0.33292 0.6149412 0.3405693 0.6154624 0.3169465 0.6149412 0.3405693 0.5985538 0.3209409 0.5985538 0.3209409 0.6149412 0.3405693 0.5969425 0.3452197 0.6143259 0.3467792 0.5969425 0.3452197 0.6149412 0.3405693 0.6143259 0.3467792 0.6012524 0.3497342 0.5969425 0.3452197 0.6335145 0.341197 0.6143259 0.3467792 0.6149412 0.3405693 0.6149412 0.3405693 0.6260268 0.33292 0.6335145 0.341197 0.6335145 0.341197 0.6260268 0.33292 0.6385729 0.3201402 0.6335145 0.341197 0.6366953 0.3443821 0.6143259 0.3467792 0.6503693 0.3251379 0.6366953 0.3443821 0.6335145 0.341197 0.6335145 0.341197 0.6385729 0.3201402 0.6503693 0.3251379 0.6503693 0.3251379 0.6544391 0.3268682 0.6366953 0.3443821 0.657086 0.3085812 0.6544391 0.3268682 0.6503693 0.3251379 0.657086 0.3085812 0.6503693 0.3251379 0.6385729 0.3201402 0.657086 0.3085812 0.6603935 0.3094004 0.6544391 0.3268682 0.655681 0.2955915 0.6603935 0.3094004 0.657086 0.3085812 0.655681 0.2955915 0.657086 0.3085812 0.6528695 0.2973598 0.5985538 0.3209409 0.5969425 0.3452197 0.5839865 0.3266913 0.657086 0.3085812 0.6385729 0.3201402 0.6421301 0.3035794 0.6528695 0.2973598 0.657086 0.3085812 0.6421301 0.3035794 0.6528695 0.2973598 0.6421301 0.3035794 0.6444932 0.291301 0.655681 0.2955915 0.6528695 0.2973598 0.6444932 0.291301 0.6357298 0.2928573 0.6444932 0.291301 0.6421301 0.3035794 0.6357298 0.2928573 0.6421301 0.3035794 0.6309132 0.3010942 0.6309132 0.3010942 0.633379 0.2900022 0.6357298 0.2928573 0.6309132 0.3010942 0.6259786 0.2998223 0.633379 0.2900022 0.6259786 0.2998223 0.6309132 0.3010942 0.6280319 0.3135181 0.6421301 0.3035794 0.6280319 0.3135181 0.6309132 0.3010942 0.6421301 0.3035794 0.6385729 0.3201402 0.6280319 0.3135181 0.6357298 0.2928573 0.6451971 0.2879531 0.6444932 0.291301 0.6357298 0.2928573 0.633379 0.2900022 0.6451971 0.2879531 0.655681 0.2955915 0.6444932 0.291301 0.6451971 0.2879531 0.6156674 0.3516942 0.6012524 0.3497342 0.6143259 0.3467792 0.6156674 0.3516942 0.5990981 0.3553065 0.6012524 0.3497342 0.6156674 0.3516942 0.6143259 0.3467792 0.6366953 0.3443821 0.6156674 0.3516942 0.6366953 0.3443821 0.6368179 0.3499076 0.6535225 0.3576368 0.6368179 0.3499076 0.6366953 0.3443821 0.6535225 0.3576368 0.6500419 0.3600304 0.6368179 0.3499076 0.6520137 0.3692976 0.6500419 0.3600304 0.6535225 0.3576368 0.6520137 0.3692976 0.6535225 0.3576368 0.6562249 0.3712967 0.6491926 0.3748363 0.6520137 0.3692976 0.6562249 0.3712967 0.6491926 0.3748363 0.6562249 0.3712967 0.6529994 0.3778361 0.6453766 0.3655999 0.6520137 0.3692976 0.6491926 0.3748363 0.6520137 0.3692976 0.6453766 0.3655999 0.6500419 0.3600304 0.6453766 0.3655999 0.6491926 0.3748363 0.6400106 0.3727407 0.6371979 0.3590646 0.6453766 0.3655999 0.6400106 0.3727407 0.6500419 0.3600304 0.6371979 0.3590646 0.6368179 0.3499076 0.6500419 0.3600304 0.6453766 0.3655999 0.6371979 0.3590646 0.6371979 0.3590646 0.6400106 0.3727407 0.6315385 0.3673576 0.6269202 0.3568441 0.6371979 0.3590646 0.6315385 0.3673576 0.6269202 0.3568441 0.6368179 0.3499076 0.6371979 0.3590646 0.6269202 0.3568441 0.6156674 0.3516942 0.6368179 0.3499076 0.6269202 0.3568441 0.6315385 0.3673576 0.6193193 0.366886 0.6193193 0.366886 0.6156674 0.3516942 0.6269202 0.3568441 0.626542 0.3787726 0.6193193 0.366886 0.6315385 0.3673576 0.6315385 0.3673576 0.6300116 0.3772953 0.626542 0.3787726 0.6331967 0.3848206 0.626542 0.3787726 0.6300116 0.3772953 0.6331967 0.3848206 0.6300116 0.3772953 0.6357601 0.3826876 0.6274254 0.39041 0.626542 0.3787726 0.6331967 0.3848206 0.6274254 0.39041 0.6195945 0.3819034 0.626542 0.3787726 0.626542 0.3787726 0.6195945 0.3819034 0.6193193 0.366886 0.6333758 0.3755482 0.6315385 0.3673576 0.6400106 0.3727407 0.6333758 0.3755482 0.6300116 0.3772953 0.6315385 0.3673576 0.638217 0.3802161 0.6333758 0.3755482 0.6400106 0.3727407 0.638217 0.3802161 0.6400106 0.3727407 0.6421769 0.3793973 0.6333758 0.3755482 0.6357601 0.3826876 0.6300116 0.3772953 0.6333758 0.3755482 0.638217 0.3802161 0.6357601 0.3826876 0.6331967 0.3848206 0.6386108 0.3951018 0.6274254 0.39041 0.6331967 0.3848206 0.6414384 0.3876622 0.6386108 0.3951018 0.6414384 0.3876622 0.6331967 0.3848206 0.6357601 0.3826876 0.6493343 0.3928325 0.6386108 0.3951018 0.6414384 0.3876622 0.6493343 0.3928325 0.6414384 0.3876622 0.6491073 0.3850523 0.6491073 0.3850523 0.6599352 0.3840334 0.6493343 0.3928325 0.6491073 0.3850523 0.6560747 0.380575 0.6599352 0.3840334 0.6631173 0.3714121 0.6599352 0.3840334 0.6560747 0.380575 0.6631173 0.3714121 0.6699474 0.3715122 0.6599352 0.3840334 0.6491073 0.3850523 0.6414384 0.3876622 0.6426439 0.3842295 0.6491073 0.3850523 0.6426439 0.3842295 0.6488565 0.3818597 0.6560747 0.380575 0.6491073 0.3850523 0.6488565 0.3818597 0.6414384 0.3876622 0.6357601 0.3826876 0.6426439 0.3842295 0.638217 0.3802161 0.6426439 0.3842295 0.6357601 0.3826876 0.638217 0.3802161 0.6421769 0.3793973 0.6426439 0.3842295 0.6426439 0.3842295 0.6421769 0.3793973 0.6457324 0.3786412 0.6426439 0.3842295 0.6457324 0.3786412 0.6488565 0.3818597 0.6560747 0.380575 0.6488565 0.3818597 0.6529994 0.3778361 0.6491926 0.3748363 0.6488565 0.3818597 0.6457324 0.3786412 0.6491926 0.3748363 0.6529994 0.3778361 0.6488565 0.3818597 0.6457324 0.3786412 0.6400106 0.3727407 0.6491926 0.3748363 0.6457324 0.3786412 0.6421769 0.3793973 0.6400106 0.3727407 0.6694548 0.2879542 0.6500069 0.2678329 0.678981 0.2615737 0.6709875 0.2476204 0.678981 0.2615737 0.6500069 0.2678329 0.6849728 0.2307815 0.678981 0.2615737 0.6709875 0.2476204 0.6849728 0.2307815 0.7027348 0.2508909 0.678981 0.2615737 0.6694548 0.2879542 0.646348 0.2827975 0.6500069 0.2678329 0.6303618 0.2866939 0.6500069 0.2678329 0.646348 0.2827975 0.6303618 0.2866939 0.6174706 0.2720783 0.6500069 0.2678329 0.6303618 0.2866939 0.6120576 0.297044 0.6174706 0.2720783 0.6303618 0.2866939 0.6212014 0.2989201 0.6120576 0.297044 0.6154624 0.3169465 0.6120576 0.297044 0.6212014 0.2989201 0.6694548 0.2879542 0.6600515 0.2931736 0.646348 0.2827975 0.6737291 0.307325 0.6600515 0.2931736 0.6694548 0.2879542 0.6737291 0.307325 0.6662337 0.308556 0.6600515 0.2931736 0.6662337 0.308556 0.6737291 0.307325 0.6717603 0.3283097 0.6662337 0.308556 0.6717603 0.3283097 0.6613089 0.3275813 0.6613089 0.3275813 0.6717603 0.3283097 0.6667715 0.3489054 0.6613089 0.3275813 0.6667715 0.3489054 0.6442493 0.3456314 0.6442493 0.3456314 0.6667715 0.3489054 0.6615049 0.359922 0.6193193 0.366886 0.6073514 0.3658689 0.6156674 0.3516942 0.6073514 0.3658689 0.5990981 0.3553065 0.6156674 0.3516942 0.6073514 0.3658689 0.5965806 0.3670265 0.5990981 0.3553065 0.4227093 0.2574886 0.3929073 0.2408767 0.4070082 0.228594 0.4227093 0.2574886 0.404253 0.263383 0.3929073 0.2408767 0.4256393 0.2940896 0.404253 0.263383 0.4227093 0.2574886 0.4256393 0.2940896 0.4076229 0.2942898 0.404253 0.263383 0.4160135 0.3266913 0.4076229 0.2942898 0.4256393 0.2940896 0.4160135 0.3266913 0.4014462 0.3209409 0.4076229 0.2942898 0.3825294 0.2720783 0.3929073 0.2408767 0.404253 0.263383 0.3825294 0.2720783 0.404253 0.263383 0.4076229 0.2942898 0.3825294 0.2720783 0.3733806 0.2539219 0.3929073 0.2408767 0.3499931 0.2678328 0.3733806 0.2539219 0.3825294 0.2720783 0.3825294 0.2720783 0.4076229 0.2942898 0.3879424 0.297044 0.3879424 0.297044 0.4076229 0.2942898 0.4014462 0.3209409 0.3879424 0.297044 0.4014462 0.3209409 0.3845376 0.3169465 0.4070082 0.228594 0.3929073 0.2408767 0.3723824 0.2246248 0.3723824 0.2246248 0.3929073 0.2408767 0.3733806 0.2539219 0.4070082 0.228594 0.3723824 0.2246248 0.3796621 0.2076994 0.3796621 0.2076994 0.3723824 0.2246248 0.3428297 0.2190808 0.3796621 0.2076994 0.3428297 0.2190808 0.3415521 0.2000783 0.3029522 0.2118288 0.3415521 0.2000783 0.3428297 0.2190808 0.3029522 0.2118288 0.3428297 0.2190808 0.3150273 0.2307815 0.3625587 0.2426686 0.3428297 0.2190808 0.3723824 0.2246248 0.3723824 0.2246248 0.3733806 0.2539219 0.3625587 0.2426686 0.3625587 0.2426686 0.3733806 0.2539219 0.3499931 0.2678328 0.3625587 0.2426686 0.3448966 0.2431759 0.3428297 0.2190808 0.3625587 0.2426686 0.3499931 0.2678328 0.3448966 0.2431759 0.3290125 0.2476204 0.3428297 0.2190808 0.3448966 0.2431759 0.3290125 0.2476204 0.3150273 0.2307815 0.3428297 0.2190808 0.3290125 0.2476204 0.3448966 0.2431759 0.3499931 0.2678328 0.2972652 0.2508909 0.3029522 0.2118288 0.3150273 0.2307815 0.2972652 0.2508909 0.2752236 0.2360681 0.3029522 0.2118288 0.2752236 0.2360681 0.2972652 0.2508909 0.2872057 0.276772 0.2752236 0.2360681 0.2872057 0.276772 0.2585719 0.2725646 0.2585719 0.2725646 0.2872057 0.276772 0.2854657 0.3053963 0.2585719 0.2725646 0.2854657 0.3053963 0.2574752 0.3077533 0.2854657 0.3053963 0.2872057 0.276772 0.3127651 0.2828514 0.3127651 0.2828514 0.2872057 0.276772 0.2972652 0.2508909 0.2854657 0.3053963 0.3127651 0.2828514 0.3100256 0.3062987 0.3305451 0.2879542 0.3100256 0.3062987 0.3127651 0.2828514 0.3305451 0.2879542 0.3262709 0.307325 0.3100256 0.3062987 0.3129909 0.3290832 0.3100256 0.3062987 0.3262709 0.307325 0.3129909 0.3290832 0.3262709 0.307325 0.3282397 0.3283097 0.3127651 0.2828514 0.2972652 0.2508909 0.3210191 0.2615737 0.3210191 0.2615737 0.3305451 0.2879542 0.3127651 0.2828514 0.3100256 0.3062987 0.2903398 0.3317918 0.2854657 0.3053963 0.3100256 0.3062987 0.3129909 0.3290832 0.2903398 0.3317918 0.2854657 0.3053963 0.2654213 0.3383077 0.2574752 0.3077533 0.2854657 0.3053963 0.2903398 0.3317918 0.2654213 0.3383077 0.2903398 0.3317918 0.2832253 0.3698317 0.2654213 0.3383077 0.2903398 0.3317918 0.3010267 0.3606212 0.2832253 0.3698317 0.3129909 0.3290832 0.3010267 0.3606212 0.2903398 0.3317918 0.3282397 0.3283097 0.320342 0.3518351 0.3129909 0.3290832 0.3129909 0.3290832 0.320342 0.3518351 0.3010267 0.3606212 0.3282397 0.3283097 0.3332285 0.3489054 0.320342 0.3518351 0.3010267 0.3606212 0.3041661 0.3932952 0.2832253 0.3698317 0.3010267 0.3606212 0.3155778 0.3822184 0.3041661 0.3932952 0.320342 0.3518351 0.3155778 0.3822184 0.3010267 0.3606212 0.3041661 0.3932952 0.3155778 0.3822184 0.3326693 0.3977223 0.3041661 0.3932952 0.3326693 0.3977223 0.3264101 0.4094501 0.3264101 0.4094501 0.3326693 0.3977223 0.3489441 0.4055392 0.3264101 0.4094501 0.3489441 0.4055392 0.3476976 0.4170299 0.3155778 0.3822184 0.3400647 0.3840334 0.3326693 0.3977223 0.3155778 0.3822184 0.3300526 0.3715122 0.3400647 0.3840334 0.320342 0.3518351 0.3300526 0.3715122 0.3155778 0.3822184 0.3506656 0.3928325 0.3326693 0.3977223 0.3400647 0.3840334 0.3506656 0.3928325 0.3489441 0.4055392 0.3326693 0.3977223 0.3384951 0.359922 0.320342 0.3518351 0.3332285 0.3489054 0.3384951 0.359922 0.3300526 0.3715122 0.320342 0.3518351 0.3476976 0.4170299 0.3489441 0.4055392 0.3660582 0.4060984 0.3476976 0.4170299 0.3660582 0.4060984 0.3683484 0.4164885 0.3660582 0.4060984 0.3870796 0.4060167 0.3683484 0.4164885 0.3660582 0.4060984 0.381259 0.399029 0.3870796 0.4060167 0.3870796 0.4060167 0.381259 0.399029 0.3919759 0.3850181 0.3870796 0.4060167 0.3919759 0.3850181 0.4004278 0.3873098 0.3919759 0.3850181 0.4034194 0.3670264 0.4004278 0.3873098 0.3919759 0.3850181 0.3926486 0.3658689 0.4034194 0.3670264 0.381259 0.399029 0.3804055 0.3819034 0.3919759 0.3850181 0.3804055 0.3819034 0.3926486 0.3658689 0.3919759 0.3850181 0.381259 0.399029 0.3725746 0.39041 0.3804055 0.3819034 0.3660582 0.4060984 0.3725746 0.39041 0.381259 0.399029 0.3804055 0.3819034 0.3806807 0.366886 0.3926486 0.3658689 0.3660582 0.4060984 0.3613892 0.3951018 0.3725746 0.39041 0.3489441 0.4055392 0.3613892 0.3951018 0.3660582 0.4060984 0.3489441 0.4055392 0.3506656 0.3928325 0.3613892 0.3951018 0.3300526 0.3715122 0.3384951 0.359922 0.3368827 0.3714121 0.3384951 0.359922 0.3437751 0.3712967 0.3368827 0.3714121 0.3384951 0.359922 0.3464775 0.3576368 0.3437751 0.3712967 0.3557507 0.3456314 0.3464775 0.3576368 0.3384951 0.359922 0.3557507 0.3456314 0.3633047 0.3443821 0.3464775 0.3576368 0.3437751 0.3712967 0.3439254 0.380575 0.3368827 0.3714121 0.3437751 0.3712967 0.3470007 0.3778361 0.3439254 0.380575 0.3557507 0.3456314 0.3455609 0.3268682 0.3633047 0.3443821 0.3557507 0.3456314 0.338691 0.3275813 0.3455609 0.3268682 0.338691 0.3275813 0.3396065 0.3094004 0.3455609 0.3268682 0.338691 0.3275813 0.3337662 0.308556 0.3396065 0.3094004 0.3396065 0.3094004 0.3337662 0.308556 0.3399485 0.2931736 0.3396065 0.3094004 0.3399485 0.2931736 0.3443191 0.2955915 0.3548029 0.2879531 0.3443191 0.2955915 0.3399485 0.2931736 0.3548029 0.2879531 0.3399485 0.2931736 0.353652 0.2827975 0.3696382 0.2866939 0.3548029 0.2879531 0.353652 0.2827975 0.3696382 0.2866939 0.366621 0.2900022 0.3548029 0.2879531 0.3740214 0.2998223 0.366621 0.2900022 0.3696382 0.2866939 0.3740214 0.2998223 0.3696382 0.2866939 0.3787986 0.2989201 0.3787986 0.2989201 0.3719681 0.3135181 0.3740214 0.2998223 0.3845376 0.3169465 0.3719681 0.3135181 0.3787986 0.2989201 0.3739732 0.33292 0.3719681 0.3135181 0.3845376 0.3169465 0.3739732 0.33292 0.3614271 0.3201403 0.3719681 0.3135181 0.3850588 0.3405693 0.3739732 0.33292 0.3845376 0.3169465 0.3850588 0.3405693 0.3845376 0.3169465 0.4014462 0.3209409 0.4030575 0.3452197 0.3850588 0.3405693 0.4014462 0.3209409 0.3856741 0.3467792 0.3850588 0.3405693 0.4030575 0.3452197 0.3856741 0.3467792 0.4030575 0.3452197 0.3987475 0.3497342 0.3664855 0.341197 0.3850588 0.3405693 0.3856741 0.3467792 0.3739732 0.33292 0.3850588 0.3405693 0.3664855 0.341197 0.3614271 0.3201403 0.3739732 0.33292 0.3664855 0.341197 0.3664855 0.341197 0.3856741 0.3467792 0.3633047 0.3443821 0.3496307 0.3251379 0.3664855 0.341197 0.3633047 0.3443821 0.3614271 0.3201403 0.3664855 0.341197 0.3496307 0.3251379 0.3496307 0.3251379 0.3633047 0.3443821 0.3455609 0.3268682 0.3455609 0.3268682 0.342914 0.3085812 0.3496307 0.3251379 0.3614271 0.3201403 0.3496307 0.3251379 0.342914 0.3085812 0.3455609 0.3268682 0.3396065 0.3094004 0.342914 0.3085812 0.342914 0.3085812 0.3396065 0.3094004 0.3443191 0.2955915 0.342914 0.3085812 0.3443191 0.2955915 0.3471305 0.2973598 0.4030575 0.3452197 0.4014462 0.3209409 0.4160135 0.3266913 0.3614271 0.3201403 0.342914 0.3085812 0.3578699 0.3035794 0.3578699 0.3035794 0.342914 0.3085812 0.3471305 0.2973598 0.3578699 0.3035794 0.3471305 0.2973598 0.3555068 0.291301 0.3555068 0.291301 0.3471305 0.2973598 0.3443191 0.2955915 0.3642702 0.2928573 0.3578699 0.3035794 0.3555068 0.291301 0.3642702 0.2928573 0.3690868 0.3010942 0.3578699 0.3035794 0.3690868 0.3010942 0.3642702 0.2928573 0.366621 0.2900022 0.3690868 0.3010942 0.366621 0.2900022 0.3740214 0.2998223 0.3690868 0.3010942 0.3740214 0.2998223 0.3719681 0.3135181 0.3578699 0.3035794 0.3690868 0.3010942 0.3719681 0.3135181 0.3578699 0.3035794 0.3719681 0.3135181 0.3614271 0.3201403 0.3548029 0.2879531 0.3642702 0.2928573 0.3555068 0.291301 0.3548029 0.2879531 0.366621 0.2900022 0.3642702 0.2928573 0.3555068 0.291301 0.3443191 0.2955915 0.3548029 0.2879531 0.3843325 0.3516942 0.3987475 0.3497342 0.4009019 0.3553065 0.3843325 0.3516942 0.3856741 0.3467792 0.3987475 0.3497342 0.3633047 0.3443821 0.3856741 0.3467792 0.3843325 0.3516942 0.3633047 0.3443821 0.3843325 0.3516942 0.3631821 0.3499076 0.3631821 0.3499076 0.3464775 0.3576368 0.3633047 0.3443821 0.3631821 0.3499076 0.349958 0.3600304 0.3464775 0.3576368 0.3464775 0.3576368 0.349958 0.3600304 0.3479864 0.3692976 0.3464775 0.3576368 0.3479864 0.3692976 0.3437751 0.3712967 0.3437751 0.3712967 0.3479864 0.3692976 0.3508074 0.3748363 0.3437751 0.3712967 0.3508074 0.3748363 0.3470007 0.3778361 0.3508074 0.3748363 0.3479864 0.3692976 0.3546235 0.3656 0.3546235 0.3656 0.3479864 0.3692976 0.349958 0.3600304 0.3508074 0.3748363 0.3546235 0.3656 0.3599894 0.3727407 0.3628022 0.3590646 0.3599894 0.3727407 0.3546235 0.3656 0.3628022 0.3590646 0.349958 0.3600304 0.3631821 0.3499076 0.3628022 0.3590646 0.3546235 0.3656 0.349958 0.3600304 0.3628022 0.3590646 0.3684615 0.3673576 0.3599894 0.3727407 0.3730798 0.3568441 0.3684615 0.3673576 0.3628022 0.3590646 0.3631821 0.3499076 0.3730798 0.3568441 0.3628022 0.3590646 0.3631821 0.3499076 0.3843325 0.3516942 0.3730798 0.3568441 0.3730798 0.3568441 0.3806807 0.366886 0.3684615 0.3673576 0.3843325 0.3516942 0.3806807 0.366886 0.3730798 0.3568441 0.373458 0.3787726 0.3684615 0.3673576 0.3806807 0.366886 0.3699884 0.3772953 0.3684615 0.3673576 0.373458 0.3787726 0.3699884 0.3772953 0.373458 0.3787726 0.3668034 0.3848206 0.3699884 0.3772953 0.3668034 0.3848206 0.3642399 0.3826876 0.3725746 0.39041 0.3668034 0.3848206 0.373458 0.3787726 0.3725746 0.39041 0.373458 0.3787726 0.3804055 0.3819034 0.373458 0.3787726 0.3806807 0.366886 0.3804055 0.3819034 0.3684615 0.3673576 0.3666242 0.3755482 0.3599894 0.3727407 0.3699884 0.3772953 0.3666242 0.3755482 0.3684615 0.3673576 0.3617829 0.3802161 0.3599894 0.3727407 0.3666242 0.3755482 0.3617829 0.3802161 0.3578231 0.3793973 0.3599894 0.3727407 0.3642399 0.3826876 0.3666242 0.3755482 0.3699884 0.3772953 0.3642399 0.3826876 0.3617829 0.3802161 0.3666242 0.3755482 0.3668034 0.3848206 0.3725746 0.39041 0.3613892 0.3951018 0.3668034 0.3848206 0.3613892 0.3951018 0.3585616 0.3876622 0.3642399 0.3826876 0.3668034 0.3848206 0.3585616 0.3876622 0.3506656 0.3928325 0.3585616 0.3876622 0.3613892 0.3951018 0.3506656 0.3928325 0.350892 0.3850606 0.3585616 0.3876622 0.350892 0.3850606 0.3506656 0.3928325 0.3400647 0.3840334 0.350892 0.3850606 0.3400647 0.3840334 0.3439254 0.380575 0.3368827 0.3714121 0.3439254 0.380575 0.3400647 0.3840334 0.3368827 0.3714121 0.3400647 0.3840334 0.3300526 0.3715122 0.3573561 0.3842295 0.3585616 0.3876622 0.350892 0.3850606 0.3573561 0.3842295 0.350892 0.3850606 0.3511435 0.3818597 0.3511435 0.3818597 0.350892 0.3850606 0.3439254 0.380575 0.3642399 0.3826876 0.3585616 0.3876622 0.3573561 0.3842295 0.3573561 0.3842295 0.3617829 0.3802161 0.3642399 0.3826876 0.3573561 0.3842295 0.3578231 0.3793973 0.3617829 0.3802161 0.3573561 0.3842295 0.3542677 0.3786412 0.3578231 0.3793973 0.3573561 0.3842295 0.3511435 0.3818597 0.3542677 0.3786412 0.3511435 0.3818597 0.3439254 0.380575 0.3470007 0.3778361 0.3511435 0.3818597 0.3508074 0.3748363 0.3542677 0.3786412 0.3511435 0.3818597 0.3470007 0.3778361 0.3508074 0.3748363 0.3542677 0.3786412 0.3508074 0.3748363 0.3599894 0.3727407 0.3542677 0.3786412 0.3599894 0.3727407 0.3578231 0.3793973 0.3210191 0.2615737 0.3499931 0.2678328 0.3305451 0.2879542 0.3290125 0.2476204 0.3499931 0.2678328 0.3210191 0.2615737 0.3210191 0.2615737 0.3150273 0.2307815 0.3290125 0.2476204 0.3210191 0.2615737 0.2972652 0.2508909 0.3150273 0.2307815 0.353652 0.2827975 0.3305451 0.2879542 0.3499931 0.2678328 0.3499931 0.2678328 0.3696382 0.2866939 0.353652 0.2827975 0.3499931 0.2678328 0.3825294 0.2720783 0.3696382 0.2866939 0.3696382 0.2866939 0.3825294 0.2720783 0.3879424 0.297044 0.3696382 0.2866939 0.3879424 0.297044 0.3787986 0.2989201 0.3845376 0.3169465 0.3787986 0.2989201 0.3879424 0.297044 0.353652 0.2827975 0.3399485 0.2931736 0.3305451 0.2879542 0.3399485 0.2931736 0.3262709 0.307325 0.3305451 0.2879542 0.3399485 0.2931736 0.3337662 0.308556 0.3262709 0.307325 0.3282397 0.3283097 0.3262709 0.307325 0.3337662 0.308556 0.3282397 0.3283097 0.3337662 0.308556 0.338691 0.3275813 0.3332285 0.3489054 0.3282397 0.3283097 0.338691 0.3275813 0.3332285 0.3489054 0.338691 0.3275813 0.3557507 0.3456314 0.3332285 0.3489054 0.3557507 0.3456314 0.3384951 0.359922 0.3843325 0.3516942 0.3926486 0.3658689 0.3806807 0.366886 0.3926486 0.3658689 0.3843325 0.3516942 0.4009019 0.3553065 0.3926486 0.3658689 0.4009019 0.3553065 0.4034194 0.3670264 0.3132322 0.9572882 0.3047778 0.9494833 0.3090365 0.9451077 0.3024811 0.9514297 0.3047778 0.9494833 0.3132322 0.9572882 0.2981795 0.9481393 0.3047778 0.9494833 0.3024811 0.9514297 0.2981795 0.9481393 0.2982671 0.9454892 0.3047778 0.9494833 0.293314 0.9487338 0.2982671 0.9454892 0.2981795 0.9481393 0.293314 0.9487338 0.2920836 0.9453011 0.2982671 0.9454892 0.2920836 0.9453011 0.293314 0.9487338 0.2877456 0.9515999 0.2877456 0.9515999 0.293314 0.9487338 0.2972473 0.9554752 0.2972473 0.9554752 0.2981795 0.9481393 0.3024811 0.9514297 0.2972473 0.9554752 0.293314 0.9487338 0.2981795 0.9481393 0.2877456 0.9515999 0.2972473 0.9554752 0.2887292 0.9601259 0.2956554 0.9693643 0.2887292 0.9601259 0.2972473 0.9554752 0.2956554 0.9693643 0.2972473 0.9554752 0.3034289 0.9643356 0.3034289 0.9643356 0.3024811 0.9514297 0.3132322 0.9572882 0.3034289 0.9643356 0.2972473 0.9554752 0.3024811 0.9514297 0.3132322 0.9572882 0.3061746 0.9716755 0.3034289 0.9643356 0.3034289 0.9643356 0.3061746 0.9716755 0.2956554 0.9693643 0.3132322 0.9572882 0.3199275 0.9659081 0.3061746 0.9716755 0.2920836 0.9453011 0.2877456 0.9515999 0.2850716 0.9500597 0.2838072 0.9615924 0.2877456 0.9515999 0.2887292 0.9601259 0.2838072 0.9615924 0.2850716 0.9500597 0.2877456 0.9515999 0.2887292 0.9601259 0.2904108 0.9741539 0.2838072 0.9615924 0.2887292 0.9601259 0.2956554 0.9693643 0.2904108 0.9741539 0.2904108 0.9741539 0.2956554 0.9693643 0.3061746 0.9716755 0.2904108 0.9741539 0.3061746 0.9716755 0.3100828 0.9829739 0.3199275 0.9659081 0.3100828 0.9829739 0.3061746 0.9716755 0.3199275 0.9659081 0.3266305 0.977285 0.3100828 0.9829739 0.3110998 0.9857217 0.3100828 0.9829739 0.3266305 0.977285 0.3110998 0.9857217 0.3266305 0.977285 0.336588 0.9794218 0.3266305 0.977285 0.3199275 0.9659081 0.3335449 0.952481 0.3266305 0.977285 0.3335449 0.952481 0.3465506 0.9648435 0.3465506 0.9648435 0.336588 0.9794218 0.3266305 0.977285 0.3199275 0.9659081 0.3220194 0.9474797 0.3335449 0.952481 0.3199275 0.9659081 0.3132322 0.9572882 0.3220194 0.9474797 0.3465506 0.9648435 0.3552563 0.9758685 0.336588 0.9794218 0.3220194 0.9474797 0.3132322 0.9572882 0.3090365 0.9451077 0.3220194 0.9474797 0.3090365 0.9451077 0.3143429 0.9379907 0.3316227 0.9417825 0.3220194 0.9474797 0.3143429 0.9379907 0.3316227 0.9417825 0.3143429 0.9379907 0.3222107 0.9279284 0.3222107 0.9279284 0.3143429 0.9379907 0.3031898 0.9291702 0.3222107 0.9279284 0.3031898 0.9291702 0.3086537 0.9096851 0.3031898 0.9291702 0.2906866 0.9092379 0.3086537 0.9096851 0.3086537 0.9096851 0.2906866 0.9092379 0.2921123 0.8904173 0.2906866 0.9092379 0.2743519 0.8892123 0.2921123 0.8904173 0.2906866 0.9092379 0.2722344 0.9098069 0.2743519 0.8892123 0.3086537 0.9096851 0.2921123 0.8904173 0.3089451 0.8902338 0.3031898 0.9291702 0.2869375 0.9252681 0.2906866 0.9092379 0.2722344 0.9098069 0.2906866 0.9092379 0.2869375 0.9252681 0.2722344 0.9098069 0.2869375 0.9252681 0.2698696 0.928994 0.3322234 0.9176415 0.3222107 0.9279284 0.3086537 0.9096851 0.3322234 0.9176415 0.3086537 0.9096851 0.3239241 0.8993293 0.3018358 0.938578 0.3031898 0.9291702 0.3143429 0.9379907 0.3090365 0.9451077 0.3018358 0.938578 0.3143429 0.9379907 0.2882881 0.9359772 0.2698696 0.928994 0.2869375 0.9252681 0.3031898 0.9291702 0.2882881 0.9359772 0.2869375 0.9252681 0.3031898 0.9291702 0.3018358 0.938578 0.2882881 0.9359772 0.2882881 0.9359772 0.2742279 0.9407849 0.2698696 0.928994 0.2797577 0.9461786 0.2742279 0.9407849 0.2882881 0.9359772 0.2797577 0.9461786 0.2658423 0.9642123 0.2742279 0.9407849 0.2742279 0.9407849 0.2658423 0.9642123 0.2530803 0.9500786 0.2742279 0.9407849 0.2530803 0.9500786 0.2541128 0.9353581 0.2742279 0.9407849 0.2541128 0.9353581 0.2698696 0.928994 0.2797577 0.9461786 0.2765315 0.962984 0.2658423 0.9642123 0.2869444 0.9791351 0.2658423 0.9642123 0.2765315 0.962984 0.2869444 0.9791351 0.2689339 0.9900338 0.2658423 0.9642123 0.2689339 0.9900338 0.251828 0.9697855 0.2658423 0.9642123 0.251828 0.9697855 0.2530803 0.9500786 0.2658423 0.9642123 0.2689339 0.9900338 0.2521959 0.9897931 0.251828 0.9697855 0.2797577 0.9461786 0.2882881 0.9359772 0.2902759 0.9406738 0.2902759 0.9406738 0.2882881 0.9359772 0.3018358 0.938578 0.2902759 0.9406738 0.3018358 0.938578 0.2995156 0.9419537 0.337343 0.8962256 0.3322234 0.9176415 0.3239241 0.8993293 0.2880089 0.990509 0.2689339 0.9900338 0.2869444 0.9791351 0.2880089 0.990509 0.2869444 0.9791351 0.3110998 0.9857217 0.2995156 0.9419537 0.2911848 0.9427237 0.2902759 0.9406738 0.2995156 0.9419537 0.2984022 0.943522 0.2911848 0.9427237 0.3047778 0.9494833 0.2984022 0.943522 0.2995156 0.9419537 0.3090365 0.9451077 0.3047778 0.9494833 0.2995156 0.9419537 0.3090365 0.9451077 0.2995156 0.9419537 0.3018358 0.938578 0.2902759 0.9406738 0.2911848 0.9427237 0.282469 0.9484884 0.2902759 0.9406738 0.282469 0.9484884 0.2797577 0.9461786 0.282469 0.9484884 0.2765315 0.962984 0.2797577 0.9461786 0.282469 0.9484884 0.2803739 0.9624632 0.2765315 0.962984 0.2765315 0.962984 0.2803739 0.9624632 0.2884532 0.9761134 0.2765315 0.962984 0.2884532 0.9761134 0.2869444 0.9791351 0.2869444 0.9791351 0.2884532 0.9761134 0.3110998 0.9857217 0.337343 0.8962256 0.3472327 0.9071005 0.3322234 0.9176415 0.3535441 0.9253172 0.3322234 0.9176415 0.3472327 0.9071005 0.3535441 0.9253172 0.3439922 0.9324642 0.3322234 0.9176415 0.3439922 0.9324642 0.3222107 0.9279284 0.3322234 0.9176415 0.3439922 0.9324642 0.3316227 0.9417825 0.3222107 0.9279284 0.2982671 0.9454892 0.2984022 0.943522 0.3047778 0.9494833 0.2920836 0.9453011 0.2984022 0.943522 0.2982671 0.9454892 0.2920836 0.9453011 0.2911848 0.9427237 0.2984022 0.943522 0.2850716 0.9500597 0.2911848 0.9427237 0.2920836 0.9453011 0.2850716 0.9500597 0.282469 0.9484884 0.2911848 0.9427237 0.2803739 0.9624632 0.282469 0.9484884 0.2850716 0.9500597 0.2803739 0.9624632 0.2850716 0.9500597 0.2838072 0.9615924 0.2838072 0.9615924 0.2884532 0.9761134 0.2803739 0.9624632 0.2838072 0.9615924 0.2904108 0.9741539 0.2884532 0.9761134 0.2884532 0.9761134 0.2904108 0.9741539 0.3100828 0.9829739 0.2884532 0.9761134 0.3100828 0.9829739 0.3110998 0.9857217 0.8118827 0.5439721 0.8025815 0.5278249 0.815295 0.5311521 0.8118827 0.5439721 0.8003872 0.5463137 0.8025815 0.5278249 0.8052498 0.4968954 0.815295 0.5311521 0.8025815 0.5278249 0.770766 0.5326856 0.8052498 0.4968954 0.8025815 0.5278249 0.770766 0.5326856 0.7494087 0.5042213 0.8052498 0.4968954 0.7494087 0.4765797 0.8052498 0.4968954 0.7494087 0.5042213 0.7494087 0.4765797 0.8042654 0.4750014 0.8052498 0.4968954 0.798815 0.4574816 0.8042654 0.4750014 0.7494087 0.4765797 0.798815 0.4574816 0.7494087 0.4765797 0.7494087 0.4563521 0.7494087 0.4563521 0.7915272 0.4427779 0.798815 0.4574816 0.7494087 0.4563521 0.7494087 0.4399015 0.7915272 0.4427779 0.7915272 0.4427779 0.7494087 0.4399015 0.7494087 0.4288734 0.7915272 0.4427779 0.7494087 0.4288734 0.796418 0.4293422 0.7494087 0.4288734 0.7819238 0.4009947 0.796418 0.4293422 0.7494087 0.4288734 0.7494087 0.3912514 0.7819238 0.4009947 0.770766 0.5326856 0.7494087 0.5252299 0.7494087 0.5042213 0.770766 0.5326856 0.7494087 0.5471904 0.7494087 0.5252299 0.770766 0.5326856 0.7664158 0.5478069 0.7494087 0.5471904 0.770766 0.5326856 0.7749022 0.5477196 0.7664158 0.5478069 0.8133053 0.4581428 0.8042654 0.4750014 0.798815 0.4574816 0.8133053 0.4581428 0.817009 0.4743571 0.8042654 0.4750014 0.8042654 0.4750014 0.817009 0.4743571 0.8192045 0.495358 0.8042654 0.4750014 0.8192045 0.495358 0.8052498 0.4968954 0.8052498 0.4968954 0.8192045 0.495358 0.815295 0.5311521 0.8001234 0.4402843 0.7915272 0.4427779 0.796418 0.4293422 0.807102 0.4471294 0.8133053 0.4581428 0.798815 0.4574816 0.807102 0.4471294 0.798815 0.4574816 0.7915272 0.4427779 0.8001234 0.4402843 0.807102 0.4471294 0.7915272 0.4427779 0.8231406 0.6165646 0.7955395 0.5648544 0.8244577 0.5648546 0.8231406 0.6165646 0.7932915 0.6180952 0.7955395 0.5648544 0.7614666 0.5984988 0.7955395 0.5648544 0.7932915 0.6180952 0.7614666 0.5984988 0.7504283 0.5648541 0.7955395 0.5648544 0.8476369 0.5970854 0.8231406 0.6165646 0.8244577 0.5648546 0.8476369 0.5970854 0.8244577 0.5648546 0.856682 0.5648548 0.5700274 0.8148666 0.5439806 0.7924699 0.5731616 0.7978968 0.5700274 0.8148666 0.5381689 0.808851 0.5439806 0.7924699 0.5700274 0.8148666 0.5731616 0.7978968 0.5893049 0.8017982 0.5700274 0.8148666 0.5893049 0.8017982 0.5846708 0.81924 0.5 0.7887515 0.5439806 0.7924699 0.5381689 0.808851 0.5 0.7887515 0.5381689 0.808851 0.5 0.8043155 0.5893049 0.8017982 0.5731616 0.7978968 0.5775952 0.7777118 0.5893049 0.8017982 0.5775952 0.7777118 0.5944259 0.7797154 0.5000001 0.8091278 0.5 0.8043155 0.5381689 0.808851 0.5000001 0.8091278 0.5381689 0.808851 0.5369287 0.8150598 0.5369287 0.8150598 0.5381689 0.808851 0.5700274 0.8148666 0.5369287 0.8150598 0.5700274 0.8148666 0.5705032 0.8277644 0.5705032 0.8277644 0.5700274 0.8148666 0.5846708 0.81924 0.5705032 0.8277644 0.5846708 0.81924 0.5848765 0.8327687 0.5 0.7887515 0.5237269 0.776713 0.5439806 0.7924699 0.5 0.7887515 0.5 0.7754921 0.5237269 0.776713 0.5515027 0.773929 0.5731616 0.7978968 0.5439806 0.7924699 0.5237269 0.776713 0.5515027 0.773929 0.5439806 0.7924699 0.5515027 0.773929 0.5775952 0.7777118 0.5731616 0.7978968 0.573431 0.8385244 0.5705032 0.8277644 0.5848765 0.8327687 0.573431 0.8385244 0.5848765 0.8327687 0.5904231 0.8418934 0.5904231 0.8418934 0.5940976 0.857392 0.573431 0.8385244 0.5869322 0.8646028 0.573431 0.8385244 0.5940976 0.857392 0.5869322 0.8646028 0.564486 0.8460823 0.573431 0.8385244 0.581471 0.868708 0.564486 0.8460823 0.5869322 0.8646028 0.6076815 0.8889017 0.581471 0.868708 0.5869322 0.8646028 0.6076815 0.8889017 0.5869322 0.8646028 0.6128683 0.8832247 0.6128683 0.8832247 0.5869322 0.8646028 0.5940976 0.857392 0.6076815 0.8889017 0.6128683 0.8832247 0.6339812 0.9067752 0.6076815 0.8889017 0.6339812 0.9067752 0.6285977 0.9100341 0.581471 0.868708 0.5596442 0.8498443 0.564486 0.8460823 0.6128683 0.8832247 0.5940976 0.857392 0.6190155 0.8779612 0.6190155 0.8779612 0.6339812 0.9067752 0.6128683 0.8832247 0.6190155 0.8779612 0.5940976 0.857392 0.6000862 0.8529403 0.5904231 0.8418934 0.6000862 0.8529403 0.5940976 0.857392 0.6190155 0.8779612 0.6000862 0.8529403 0.6221166 0.8741099 0.6190155 0.8779612 0.6221166 0.8741099 0.6431642 0.8966568 0.6190155 0.8779612 0.6431642 0.8966568 0.6404553 0.9005373 0.6190155 0.8779612 0.6404553 0.9005373 0.6339812 0.9067752 0.564486 0.8460823 0.5596442 0.8498443 0.5319669 0.8352409 0.564486 0.8460823 0.5319669 0.8352409 0.5337792 0.8273624 0.5337792 0.8273624 0.5319669 0.8352409 0.5000001 0.8306417 0.5337792 0.8273624 0.5000001 0.8306417 0.5000001 0.8218376 0.5367513 0.8201881 0.5337792 0.8273624 0.5000001 0.8218376 0.5367513 0.8201881 0.5000001 0.8218376 0.5000001 0.813735 0.564486 0.8460823 0.5337792 0.8273624 0.5367513 0.8201881 0.564486 0.8460823 0.5367513 0.8201881 0.573431 0.8385244 0.5367513 0.8201881 0.5705032 0.8277644 0.573431 0.8385244 0.5367513 0.8201881 0.5369287 0.8150598 0.5705032 0.8277644 0.5000001 0.813735 0.5369287 0.8150598 0.5367513 0.8201881 0.5000001 0.813735 0.5000001 0.8091278 0.5369287 0.8150598 0.5000001 0.8306417 0.4662209 0.8273627 0.5000001 0.8218376 0.5000001 0.8306417 0.4680333 0.835241 0.4662209 0.8273627 0.5000001 0.8218376 0.4632488 0.8201883 0.5000001 0.813735 0.5000001 0.8218376 0.4662209 0.8273627 0.4632488 0.8201883 0.4680333 0.835241 0.4355141 0.8460828 0.4662209 0.8273627 0.4355141 0.8460828 0.4632488 0.8201883 0.4662209 0.8273627 0.4680333 0.835241 0.4403561 0.8498447 0.4355141 0.8460828 0.4185293 0.8687086 0.4355141 0.8460828 0.4403561 0.8498447 0.4185293 0.8687086 0.4130683 0.8646034 0.4355141 0.8460828 0.392319 0.8889024 0.4130683 0.8646034 0.4185293 0.8687086 0.392319 0.8889024 0.3871323 0.8832255 0.4130683 0.8646034 0.3660193 0.9067761 0.3871323 0.8832255 0.392319 0.8889024 0.3660193 0.9067761 0.392319 0.8889024 0.3714029 0.9100349 0.4130683 0.8646034 0.4265692 0.8385248 0.4355141 0.8460828 0.4355141 0.8460828 0.4265692 0.8385248 0.4632488 0.8201883 0.4130683 0.8646034 0.4059028 0.8573926 0.4265692 0.8385248 0.3871323 0.8832255 0.4059028 0.8573926 0.4130683 0.8646034 0.3871323 0.8832255 0.380985 0.8779619 0.4059028 0.8573926 0.380985 0.8779619 0.3871323 0.8832255 0.3660193 0.9067761 0.380985 0.8779619 0.399914 0.852941 0.4059028 0.8573926 0.380985 0.8779619 0.3778839 0.8741106 0.399914 0.852941 0.3568365 0.8966577 0.3778839 0.8741106 0.380985 0.8779619 0.3568365 0.8966577 0.380985 0.8779619 0.3595452 0.9005382 0.380985 0.8779619 0.3660193 0.9067761 0.3595452 0.9005382 0.4095772 0.841894 0.4059028 0.8573926 0.399914 0.852941 0.4095772 0.841894 0.4265692 0.8385248 0.4059028 0.8573926 0.4265692 0.8385248 0.4095772 0.841894 0.4151235 0.8327692 0.4265692 0.8385248 0.4151235 0.8327692 0.429497 0.8277648 0.429497 0.8277648 0.4151235 0.8327692 0.4153293 0.8192405 0.429497 0.8277648 0.4153293 0.8192405 0.4299728 0.814867 0.4299728 0.814867 0.4153293 0.8192405 0.4106949 0.8017988 0.4299728 0.814867 0.4106949 0.8017988 0.4268385 0.7978972 0.4560193 0.7924702 0.4299728 0.814867 0.4268385 0.7978972 0.4560193 0.7924702 0.461831 0.8088513 0.4299728 0.814867 0.461831 0.8088513 0.4560193 0.7924702 0.5 0.7887515 0.461831 0.8088513 0.5 0.7887515 0.5 0.8043155 0.4224044 0.7777122 0.4268385 0.7978972 0.4106949 0.8017988 0.4224044 0.7777122 0.4106949 0.8017988 0.4055739 0.779716 0.461831 0.8088513 0.5 0.8043155 0.5000001 0.8091278 0.461831 0.8088513 0.5000001 0.8091278 0.4630714 0.81506 0.4299728 0.814867 0.4630714 0.81506 0.429497 0.8277648 0.4299728 0.814867 0.461831 0.8088513 0.4630714 0.81506 0.429497 0.8277648 0.4630714 0.81506 0.4632488 0.8201883 0.429497 0.8277648 0.4632488 0.8201883 0.4265692 0.8385248 0.4630714 0.81506 0.5000001 0.813735 0.4632488 0.8201883 0.4630714 0.81506 0.5000001 0.8091278 0.5000001 0.813735 0.476273 0.7767131 0.5 0.7887515 0.4560193 0.7924702 0.476273 0.7767131 0.5 0.7754921 0.5 0.7887515 0.476273 0.7767131 0.4999999 0.7618665 0.5 0.7754921 0.476273 0.7767131 0.4730851 0.7629152 0.4999999 0.7618665 0.4823529 0.7488377 0.4999999 0.7618665 0.4730851 0.7629152 0.4823529 0.7488377 0.4999999 0.7492687 0.4999999 0.7618665 0.5237269 0.776713 0.5 0.7754921 0.4999999 0.7618665 0.5237269 0.776713 0.4999999 0.7618665 0.5269146 0.762915 0.5237269 0.776713 0.5269146 0.762915 0.5515027 0.773929 0.5176468 0.7488376 0.4999999 0.7618665 0.4999999 0.7492687 0.5176468 0.7488376 0.5269146 0.762915 0.4999999 0.7618665 0.476273 0.7767131 0.4484969 0.7739293 0.4730851 0.7629152 0.4601858 0.7540786 0.4730851 0.7629152 0.4484969 0.7739293 0.4601858 0.7540786 0.4484969 0.7739293 0.4417899 0.7620803 0.4417899 0.7620803 0.4484969 0.7739293 0.4224044 0.7777122 0.4417899 0.7620803 0.4224044 0.7777122 0.4199687 0.7628169 0.476273 0.7767131 0.4560193 0.7924702 0.4484969 0.7739293 0.4484969 0.7739293 0.4268385 0.7978972 0.4224044 0.7777122 0.4484969 0.7739293 0.4560193 0.7924702 0.4268385 0.7978972 0.4696663 0.7435244 0.4730851 0.7629152 0.4601858 0.7540786 0.4696663 0.7435244 0.4823529 0.7488377 0.4730851 0.7629152 0.4999998 0.7420677 0.5176468 0.7488376 0.4999999 0.7492687 0.4823529 0.7488377 0.4999998 0.7420677 0.4999999 0.7492687 0.4999998 0.7420677 0.5163581 0.737108 0.5176468 0.7488376 0.5303333 0.7435242 0.5176468 0.7488376 0.5163581 0.737108 0.5303333 0.7435242 0.5269146 0.762915 0.5176468 0.7488376 0.5303333 0.7435242 0.5163581 0.737108 0.5263243 0.7331551 0.5303333 0.7435242 0.539814 0.7540784 0.5269146 0.762915 0.5515027 0.773929 0.5269146 0.762915 0.539814 0.7540784 0.4057759 0.7569114 0.4199687 0.7628169 0.4224044 0.7777122 0.5515027 0.773929 0.539814 0.7540784 0.5582099 0.76208 0.5582099 0.76208 0.5775952 0.7777118 0.5515027 0.773929 0.5582099 0.76208 0.5800309 0.7628164 0.5775952 0.7777118 0.5942237 0.7569108 0.5775952 0.7777118 0.5800309 0.7628164 0.5942237 0.7569108 0.5944259 0.7797154 0.5775952 0.7777118 0.5942237 0.7569108 0.6066547 0.7436156 0.5944259 0.7797154 0.4055739 0.779716 0.3933449 0.7436163 0.4057759 0.7569114 0.4224044 0.7777122 0.4055739 0.779716 0.4057759 0.7569114 0.4823529 0.7488377 0.4836414 0.7371081 0.4999998 0.7420677 0.4836414 0.7371081 0.4823529 0.7488377 0.4696663 0.7435244 0.4836414 0.7371081 0.4696663 0.7435244 0.4736754 0.7331553 0.770766 0.5326856 0.7836682 0.5468724 0.7749022 0.5477196 0.8025815 0.5278249 0.7836682 0.5468724 0.770766 0.5326856 0.8025815 0.5278249 0.8003872 0.5463137 0.7836682 0.5468724 0.2044605 0.5648545 0.1768586 0.6165643 0.1755422 0.5648543 0.2044605 0.5648545 0.2067078 0.6180953 0.1768586 0.6165643 0.2385329 0.5984993 0.2067078 0.6180953 0.2044605 0.5648545 0.2385329 0.5984993 0.2044605 0.5648545 0.2495716 0.5648548 0.1755422 0.5648543 0.1768586 0.6165643 0.1523625 0.5970847 0.1755422 0.5648543 0.1523625 0.5970847 0.1433179 0.5648541 0.2011851 0.4574816 0.2505913 0.4765797 0.1957346 0.4750014 0.2011851 0.4574816 0.2505913 0.4563521 0.2505913 0.4765797 0.1947501 0.4968954 0.1957346 0.4750014 0.2505913 0.4765797 0.1947501 0.4968954 0.2505913 0.4765797 0.2505913 0.5042213 0.2505913 0.4563521 0.2011851 0.4574816 0.2084728 0.4427779 0.2505913 0.4563521 0.2084728 0.4427779 0.2505913 0.4399015 0.2505913 0.4288734 0.2505913 0.4399015 0.2084728 0.4427779 0.2505913 0.4288734 0.2084728 0.4427779 0.203582 0.4293422 0.2180762 0.4009947 0.2505913 0.4288734 0.203582 0.4293422 0.2180762 0.4009947 0.2505913 0.3912514 0.2505913 0.4288734 0.1947501 0.4968954 0.2505913 0.5042213 0.2292339 0.5326856 0.2505913 0.5042213 0.2505913 0.5252299 0.2292339 0.5326856 0.1947501 0.4968954 0.2292339 0.5326856 0.1974185 0.5278249 0.1974185 0.5278249 0.2292339 0.5326856 0.2163318 0.5468724 0.2292339 0.5326856 0.2250978 0.5477196 0.2163318 0.5468724 0.1974185 0.5278249 0.2163318 0.5468724 0.1996127 0.5463137 0.2505913 0.5471904 0.2292339 0.5326856 0.2505913 0.5252299 0.2505913 0.5471904 0.2335841 0.5478069 0.2292339 0.5326856 0.2335841 0.5478069 0.2250978 0.5477196 0.2292339 0.5326856 0.1998766 0.4402843 0.203582 0.4293422 0.2084728 0.4427779 0.1998766 0.4402843 0.2084728 0.4427779 0.192898 0.4471294 0.192898 0.4471294 0.2084728 0.4427779 0.2011851 0.4574816 0.192898 0.4471294 0.2011851 0.4574816 0.1866948 0.4581428 0.1866948 0.4581428 0.2011851 0.4574816 0.1957346 0.4750014 0.1866948 0.4581428 0.1957346 0.4750014 0.182991 0.4743571 0.1807955 0.495358 0.182991 0.4743571 0.1957346 0.4750014 0.1807955 0.495358 0.1957346 0.4750014 0.1947501 0.4968954 0.1881172 0.5439721 0.1974185 0.5278249 0.1996127 0.5463137 0.1947501 0.4968954 0.184705 0.5311521 0.1807955 0.495358 0.1881172 0.5439721 0.184705 0.5311521 0.1974185 0.5278249 0.1947501 0.4968954 0.1974185 0.5278249 0.184705 0.5311521 0.2086712 0.9515915 0.2216032 0.9377968 0.2216653 0.9488726 0.2086712 0.9515915 0.2097335 0.9354308 0.2216032 0.9377968 0.2086712 0.9515915 0.2216653 0.9488726 0.2215383 0.9636997 0.2086712 0.9515915 0.2215383 0.9636997 0.2067613 0.9665222 0.2216032 0.9377968 0.2097335 0.9354308 0.2234113 0.9184796 0.2234113 0.9184796 0.2097335 0.9354308 0.1995223 0.9245352 0.2234113 0.9184796 0.1995223 0.9245352 0.2088738 0.9091525 0.1995223 0.9245352 0.1865893 0.899823 0.2088738 0.9091525 0.2088738 0.9091525 0.1865893 0.899823 0.2030398 0.8764746 0.2088738 0.9091525 0.2030398 0.8764746 0.2206377 0.8923095 0.2206377 0.8923095 0.2234113 0.9184796 0.2088738 0.9091525 0.1995223 0.9245352 0.1865893 0.9192056 0.1865893 0.899823 0.1865893 0.899823 0.1865893 0.9192056 0.1682797 0.9228903 0.1865893 0.899823 0.1682797 0.9228903 0.1643279 0.9081325 0.1717318 0.8761777 0.1865893 0.899823 0.1643279 0.9081325 0.1717318 0.8761777 0.1643279 0.9081325 0.1536177 0.8907073 0.2206377 0.8923095 0.2322307 0.9011157 0.2234113 0.9184796 0.2364125 0.8792115 0.2322307 0.9011157 0.2206377 0.8923095 0.2364125 0.8792115 0.2440369 0.8887132 0.2322307 0.9011157 0.1865893 0.9310443 0.1682797 0.9228903 0.1865893 0.9192056 0.1995223 0.9245352 0.1865893 0.9310443 0.1865893 0.9192056 0.1865893 0.9310443 0.1717302 0.934094 0.1682797 0.9228903 0.1717302 0.934094 0.1526088 0.9284923 0.1682797 0.9228903 0.1717302 0.934094 0.1524882 0.9415186 0.1526088 0.9284923 0.1524882 0.9415186 0.1717302 0.934094 0.1732453 0.9378424 0.1524882 0.9415186 0.1732453 0.9378424 0.1628877 0.9522981 0.1717302 0.934094 0.1865893 0.9351971 0.1732453 0.9378424 0.1717302 0.934094 0.1865893 0.9310443 0.1865893 0.9351971 0.1865893 0.9351971 0.1865893 0.9310443 0.1972002 0.9352015 0.1865893 0.9351971 0.1972002 0.9352015 0.1948918 0.9388178 0.1995223 0.9245352 0.1972002 0.9352015 0.1865893 0.9310443 0.1972002 0.9352015 0.1995223 0.9245352 0.2097335 0.9354308 0.1512994 0.8600131 0.1717318 0.8761777 0.1536177 0.8907073 0.1512994 0.8600131 0.1536177 0.8907073 0.1389549 0.8769359 0.1416776 0.8985541 0.1389549 0.8769359 0.1536177 0.8907073 0.1416776 0.8985541 0.1309176 0.8857325 0.1389549 0.8769359 0.1536177 0.8907073 0.1490266 0.9160484 0.1416776 0.8985541 0.1682797 0.9228903 0.1526088 0.9284923 0.1490266 0.9160484 0.1682797 0.9228903 0.1490266 0.9160484 0.1643279 0.9081325 0.1536177 0.8907073 0.1643279 0.9081325 0.1490266 0.9160484 0.202933 0.9526025 0.1948918 0.9388178 0.1972002 0.9352015 0.2097335 0.9354308 0.202933 0.9526025 0.1972002 0.9352015 0.202933 0.9526025 0.1980381 0.9532254 0.1948918 0.9388178 0.1980381 0.9532254 0.202933 0.9526025 0.1999043 0.9668293 0.1938601 0.9543048 0.1980381 0.9532254 0.1999043 0.9668293 0.1911429 0.946377 0.1980381 0.9532254 0.1938601 0.9543048 0.1911429 0.946377 0.192464 0.9433199 0.1980381 0.9532254 0.192464 0.9433199 0.1911429 0.946377 0.1865893 0.946199 0.192464 0.9433199 0.1865893 0.946199 0.1865893 0.9410274 0.1865893 0.9410274 0.1865893 0.946199 0.1793581 0.9468641 0.1793581 0.9468641 0.1865893 0.946199 0.1865893 0.9556711 0.1865893 0.9556711 0.1911429 0.946377 0.1938601 0.9543048 0.1865893 0.9556711 0.1865893 0.946199 0.1911429 0.946377 0.1793581 0.9468641 0.1865893 0.9556711 0.1773964 0.9546997 0.1779918 0.9657079 0.1773964 0.9546997 0.1865893 0.9556711 0.1779918 0.9657079 0.1865893 0.9556711 0.1865893 0.9677723 0.1865893 0.9677723 0.1938601 0.9543048 0.1999043 0.9668293 0.1865893 0.9677723 0.1865893 0.9556711 0.1938601 0.9543048 0.1865893 0.9410274 0.1793581 0.9468641 0.1762579 0.9430139 0.1699293 0.9534704 0.1793581 0.9468641 0.1773964 0.9546997 0.1699293 0.9534704 0.1762579 0.9430139 0.1793581 0.9468641 0.1699293 0.9534704 0.1773964 0.9546997 0.1779918 0.9657079 0.1699293 0.9534704 0.1779918 0.9657079 0.1725534 0.9685296 0.1725534 0.9685296 0.1779918 0.9657079 0.1865893 0.9677723 0.1725534 0.9685296 0.1865893 0.9677723 0.1865893 0.9809627 0.1865893 0.9809627 0.1865893 0.9677723 0.1999043 0.9668293 0.1865893 0.9809627 0.1999043 0.9668293 0.2074033 0.9828753 0.2074033 0.9828753 0.1999043 0.9668293 0.2067613 0.9665222 0.2074033 0.9828753 0.2067613 0.9665222 0.2212702 0.9787534 0.2215383 0.9636997 0.2212702 0.9787534 0.2067613 0.9665222 0.202933 0.9526025 0.2067613 0.9665222 0.1999043 0.9668293 0.202933 0.9526025 0.2086712 0.9515915 0.2067613 0.9665222 0.2097335 0.9354308 0.2086712 0.9515915 0.202933 0.9526025 0.1865893 0.985454 0.1865893 0.9809627 0.2074033 0.9828753 0.1700485 0.9697032 0.1865893 0.9809627 0.1865893 0.985454 0.1700485 0.9697032 0.1725534 0.9685296 0.1865893 0.9809627 0.1699293 0.9534704 0.1725534 0.9685296 0.1700485 0.9697032 0.1699293 0.9534704 0.1700485 0.9697032 0.1668269 0.9528481 0.1668269 0.9528481 0.1762579 0.9430139 0.1699293 0.9534704 0.1668269 0.9528481 0.1745076 0.9406798 0.1762579 0.9430139 0.1762579 0.9430139 0.1745076 0.9406798 0.1865893 0.9379985 0.1762579 0.9430139 0.1865893 0.9379985 0.1865893 0.9410274 0.1865893 0.9410274 0.1865893 0.9379985 0.1935045 0.9408893 0.1865893 0.9410274 0.1935045 0.9408893 0.192464 0.9433199 0.192464 0.9433199 0.1935045 0.9408893 0.1980381 0.9532254 0.1980381 0.9532254 0.1935045 0.9408893 0.1948918 0.9388178 0.1948918 0.9388178 0.1935045 0.9408893 0.1865893 0.9379985 0.1948918 0.9388178 0.1865893 0.9379985 0.1865893 0.9351971 0.1732453 0.9378424 0.1865893 0.9351971 0.1865893 0.9379985 0.1732453 0.9378424 0.1865893 0.9379985 0.1745076 0.9406798 0.1628877 0.9522981 0.1732453 0.9378424 0.1745076 0.9406798 0.1628877 0.9522981 0.1745076 0.9406798 0.1668269 0.9528481 0.1628877 0.9522981 0.1668269 0.9528481 0.1700485 0.9697032 0.1628877 0.9522981 0.1700485 0.9697032 0.1679193 0.9719223 0.1534321 0.9694002 0.1628877 0.9522981 0.1679193 0.9719223 0.1534321 0.9694002 0.1527621 0.9576321 0.1628877 0.9522981 0.1657947 0.9838681 0.1534321 0.9694002 0.1679193 0.9719223 0.1657947 0.9838681 0.1679193 0.9719223 0.1865893 0.9902386 0.1657947 0.9838681 0.1516373 0.9801278 0.1534321 0.9694002 0.1679193 0.9719223 0.1865893 0.985454 0.1865893 0.9902386 0.1679193 0.9719223 0.1700485 0.9697032 0.1865893 0.985454 0.1865893 0.9902386 0.1865893 0.985454 0.2074033 0.9828753 0.1527621 0.9576321 0.1524882 0.9415186 0.1628877 0.9522981 0.1014136 0.9626394 0.09566551 0.9512763 0.1046264 0.9455632 0.1014136 0.9626394 0.08841913 0.9636181 0.09566551 0.9512763 0.09566551 0.9512763 0.09539973 0.9384533 0.1046264 0.9455632 0.1044205 0.9740071 0.08841913 0.9636181 0.1014136 0.9626394 0.1044205 0.9740071 0.08747041 0.9748666 0.08841913 0.9636181 0.07392567 0.9696224 0.08841913 0.9636181 0.08747041 0.9748666 0.07392567 0.9696224 0.07785069 0.960996 0.08841913 0.9636181 0.07022839 0.9641868 0.07785069 0.960996 0.07392567 0.9696224 0.07022839 0.9641868 0.07069677 0.9573078 0.07785069 0.960996 0.07785069 0.960996 0.08730119 0.9537323 0.08841913 0.9636181 0.07785069 0.960996 0.08077704 0.9523868 0.08730119 0.9537323 0.07069677 0.9573078 0.08077704 0.9523868 0.07785069 0.960996 0.08077704 0.9523868 0.08640354 0.9470717 0.08730119 0.9537323 0.08077704 0.9523868 0.08217191 0.9448667 0.08640354 0.9470717 0.07644194 0.943838 0.08217191 0.9448667 0.08077704 0.9523868 0.07644194 0.943838 0.08077704 0.9523868 0.07336992 0.9493169 0.07069677 0.9573078 0.07336992 0.9493169 0.08077704 0.9523868 0.1044205 0.9740071 0.08619093 0.9897236 0.08747041 0.9748666 0.1044205 0.9740071 0.1072673 0.9902552 0.08619093 0.9897236 0.1072673 0.9902552 0.1044205 0.9740071 0.1256805 0.9745549 0.1072673 0.9902552 0.1256805 0.9745549 0.1262202 0.9896876 0.1257663 0.9579539 0.1256805 0.9745549 0.1044205 0.9740071 0.08640354 0.9470717 0.08975017 0.9540867 0.08730119 0.9537323 0.08730119 0.9537323 0.08975017 0.9540867 0.08841913 0.9636181 0.08841913 0.9636181 0.08975017 0.9540867 0.09566551 0.9512763 0.09566551 0.9512763 0.08975017 0.9540867 0.09265094 0.941641 0.08975017 0.9540867 0.09033465 0.9439207 0.09265094 0.941641 0.09265094 0.941641 0.09033465 0.9439207 0.0833624 0.9381529 0.09265094 0.941641 0.0833624 0.9381529 0.0840367 0.9355859 0.07366114 0.9362064 0.0840367 0.9355859 0.0833624 0.9381529 0.07366114 0.9362064 0.0833624 0.9381529 0.07428002 0.9384302 0.06666147 0.9419517 0.07366114 0.9362064 0.07428002 0.9384302 0.06666147 0.9419517 0.07428002 0.9384302 0.0682491 0.9445455 0.06135529 0.9508873 0.06666147 0.9419517 0.0682491 0.9445455 0.06135529 0.9508873 0.0682491 0.9445455 0.06362217 0.9526914 0.05832755 0.9618291 0.06135529 0.9508873 0.06362217 0.9526914 0.05832755 0.9618291 0.06362217 0.9526914 0.06052869 0.9627706 0.05832755 0.9618291 0.06052869 0.9627706 0.06363046 0.9785889 0.05832755 0.9618291 0.06363046 0.9785889 0.06024551 0.9818126 0.06024551 0.9818126 0.06363046 0.9785889 0.08619093 0.9897236 0.05357319 0.9595845 0.05832755 0.9618291 0.06024551 0.9818126 0.05357319 0.9595845 0.06135529 0.9508873 0.05832755 0.9618291 0.05357319 0.9595845 0.06024551 0.9818126 0.03688824 0.9673544 0.05357319 0.9595845 0.03688824 0.9673544 0.04062169 0.9530045 0.04062169 0.9530045 0.03688824 0.9673544 0.02030801 0.9553764 0.04062169 0.9530045 0.02030801 0.9553764 0.02883327 0.9403981 0.05739688 0.9474487 0.05357319 0.9595845 0.04062169 0.9530045 0.05357319 0.9595845 0.05739688 0.9474487 0.06135529 0.9508873 0.05739688 0.9474487 0.06666147 0.9419517 0.06135529 0.9508873 0.05739688 0.9474487 0.04062169 0.9530045 0.04779726 0.9397091 0.04779726 0.9397091 0.04062169 0.9530045 0.02883327 0.9403981 0.06452876 0.9383846 0.05739688 0.9474487 0.04779726 0.9397091 0.06452876 0.9383846 0.04779726 0.9397091 0.05757349 0.9287238 0.07285535 0.9333529 0.06452876 0.9383846 0.05757349 0.9287238 0.07285535 0.9333529 0.05757349 0.9287238 0.06986898 0.9222362 0.084858 0.9319667 0.07285535 0.9333529 0.06986898 0.9222362 0.084858 0.9319667 0.06986898 0.9222362 0.08481019 0.9196641 0.08140784 0.9029649 0.08481019 0.9196641 0.06986898 0.9222362 0.08140784 0.9029649 0.06986898 0.9222362 0.06140059 0.9059233 0.06140059 0.9059233 0.06986898 0.9222362 0.05757349 0.9287238 0.07781863 0.8820755 0.08140784 0.9029649 0.06140059 0.9059233 0.07781863 0.8820755 0.06140059 0.9059233 0.05859822 0.8841682 0.1046653 0.9243611 0.084858 0.9319667 0.08481019 0.9196641 0.1046653 0.9243611 0.09539973 0.9384533 0.084858 0.9319667 0.06140059 0.9059233 0.05757349 0.9287238 0.04836905 0.9174608 0.04836905 0.9174608 0.04190605 0.8964929 0.06140059 0.9059233 0.04836905 0.9174608 0.0334174 0.9125137 0.04190605 0.8964929 0.05757349 0.9287238 0.03936612 0.9308046 0.04836905 0.9174608 0.03936612 0.9308046 0.0334174 0.9125137 0.04836905 0.9174608 0.05757349 0.9287238 0.04779726 0.9397091 0.03936612 0.9308046 0.02582037 0.8946552 0.04190605 0.8964929 0.0334174 0.9125137 0.02582037 0.8946552 0.0334174 0.9125137 0.01586925 0.9087406 0.03936612 0.9308046 0.02573549 0.9304549 0.0334174 0.9125137 0.02573549 0.9304549 0.01586925 0.9087406 0.0334174 0.9125137 0.1017643 0.9013661 0.08481019 0.9196641 0.08140784 0.9029649 0.1017643 0.9013661 0.1046653 0.9243611 0.08481019 0.9196641 0.1017643 0.9013661 0.1196003 0.9168478 0.1046653 0.9243611 0.1017643 0.9013661 0.1163219 0.8992937 0.1196003 0.9168478 0.09683597 0.878902 0.1163219 0.8992937 0.1017643 0.9013661 0.09683597 0.878902 0.1101838 0.8746153 0.1163219 0.8992937 0.09614813 0.8586264 0.1101838 0.8746153 0.09683597 0.878902 0.09614813 0.8586264 0.1087424 0.8565284 0.1101838 0.8746153 0.09683597 0.878902 0.1017643 0.9013661 0.08140784 0.9029649 0.09683597 0.878902 0.08140784 0.9029649 0.07781863 0.8820755 0.09683597 0.878902 0.07401955 0.8622104 0.09614813 0.8586264 0.09683597 0.878902 0.07781863 0.8820755 0.07401955 0.8622104 0.04779726 0.9397091 0.02883327 0.9403981 0.03936612 0.9308046 0.02573549 0.9304549 0.009572446 0.9305884 0.01586925 0.9087406 0.05942404 0.8677067 0.07401955 0.8622104 0.07781863 0.8820755 0.05942404 0.8677067 0.07781863 0.8820755 0.05859822 0.8841682 0.1244084 0.9352234 0.1046653 0.9243611 0.1196003 0.9168478 0.1244084 0.9352234 0.1046264 0.9455632 0.1046653 0.9243611 0.1257663 0.9579539 0.1046264 0.9455632 0.1244084 0.9352234 0.1257663 0.9579539 0.1014136 0.9626394 0.1046264 0.9455632 0.1257663 0.9579539 0.1044205 0.9740071 0.1014136 0.9626394 0.09539973 0.9384533 0.1046653 0.9243611 0.1046264 0.9455632 0.0840367 0.9355859 0.09539973 0.9384533 0.09265094 0.941641 0.0840367 0.9355859 0.084858 0.9319667 0.09539973 0.9384533 0.07285535 0.9333529 0.084858 0.9319667 0.0840367 0.9355859 0.07285535 0.9333529 0.0840367 0.9355859 0.07366114 0.9362064 0.06452876 0.9383846 0.07285535 0.9333529 0.07366114 0.9362064 0.06452876 0.9383846 0.07366114 0.9362064 0.06666147 0.9419517 0.05739688 0.9474487 0.06452876 0.9383846 0.06666147 0.9419517 0.09566551 0.9512763 0.09265094 0.941641 0.09539973 0.9384533 0.0828852 0.9411877 0.09033465 0.9439207 0.0889486 0.9451723 0.0828852 0.9411877 0.0833624 0.9381529 0.09033465 0.9439207 0.07524877 0.9408494 0.0833624 0.9381529 0.0828852 0.9411877 0.07524877 0.9408494 0.07428002 0.9384302 0.0833624 0.9381529 0.0682491 0.9445455 0.07428002 0.9384302 0.07524877 0.9408494 0.0682491 0.9445455 0.07524877 0.9408494 0.07008254 0.9462841 0.06362217 0.9526914 0.0682491 0.9445455 0.07008254 0.9462841 0.06362217 0.9526914 0.07008254 0.9462841 0.06616145 0.9544483 0.06616145 0.9544483 0.06052869 0.9627706 0.06362217 0.9526914 0.06616145 0.9544483 0.06392729 0.9634427 0.06052869 0.9627706 0.06392729 0.9634427 0.06363046 0.9785889 0.06052869 0.9627706 0.06392729 0.9634427 0.06784677 0.9753043 0.06363046 0.9785889 0.08619093 0.9897236 0.06363046 0.9785889 0.06784677 0.9753043 0.0889486 0.9451723 0.09033465 0.9439207 0.08975017 0.9540867 0.08640354 0.9470717 0.0889486 0.9451723 0.08975017 0.9540867 0.0828852 0.9411877 0.07644194 0.943838 0.07524877 0.9408494 0.07008254 0.9462841 0.07524877 0.9408494 0.07644194 0.943838 0.0828852 0.9411877 0.08217191 0.9448667 0.07644194 0.943838 0.0889486 0.9451723 0.08217191 0.9448667 0.0828852 0.9411877 0.0889486 0.9451723 0.08640354 0.9470717 0.08217191 0.9448667 0.07008254 0.9462841 0.07644194 0.943838 0.07336992 0.9493169 0.06616145 0.9544483 0.07008254 0.9462841 0.07336992 0.9493169 0.06616145 0.9544483 0.07336992 0.9493169 0.07069677 0.9573078 0.07069677 0.9573078 0.06392729 0.9634427 0.06616145 0.9544483 0.07069677 0.9573078 0.07022839 0.9641868 0.06392729 0.9634427 0.07022839 0.9641868 0.06784677 0.9753043 0.06392729 0.9634427 0.07022839 0.9641868 0.07392567 0.9696224 0.06784677 0.9753043 0.06784677 0.9753043 0.08747041 0.9748666 0.08619093 0.9897236 0.06784677 0.9753043 0.07392567 0.9696224 0.08747041 0.9748666 0.2206377 0.8923095 0.2248904 0.8612009 0.2364125 0.8792115 0.2206377 0.8923095 0.2030398 0.8764746 0.2248904 0.8612009 0.2730494 0.8709505 0.261921 0.8866053 0.2613845 0.8701213 0.2730494 0.8709505 0.2743519 0.8892123 0.261921 0.8866053 0.2743519 0.8892123 0.2586298 0.9096836 0.261921 0.8866053 0.2743519 0.8892123 0.2722344 0.9098069 0.2586298 0.9096836 0.2586298 0.9096836 0.2722344 0.9098069 0.2698696 0.928994 0.293162 0.8722196 0.2743519 0.8892123 0.2730494 0.8709505 0.293162 0.8722196 0.2921123 0.8904173 0.2743519 0.8892123 0.3066489 0.8757334 0.2921123 0.8904173 0.293162 0.8722196 0.3066489 0.8757334 0.3089451 0.8902338 0.2921123 0.8904173 0.2541128 0.9353581 0.2586298 0.9096836 0.2698696 0.928994</float_array>
          <technique_common>
            <accessor source="#pm0058_00_41_HairBSkin-mesh-map-0-array" count="2982" stride="2">
              <param name="S" type="float"/>
              <param name="T" type="float"/>
            </accessor>
          </technique_common>
        </source>
        <vertices id="pm0058_00_41_HairBSkin-mesh-vertices">
          <input semantic="POSITION" source="#pm0058_00_41_HairBSkin-mesh-positions"/>
        </vertices>
        <triangles material="pm0058_00_41-Body01-material" count="994">
          <input semantic="VERTEX" source="#pm0058_00_41_HairBSkin-mesh-vertices" offset="0"/>
          <input semantic="NORMAL" source="#pm0058_00_41_HairBSkin-mesh-normals" offset="1"/>
          <input semantic="TEXCOORD" source="#pm0058_00_41_HairBSkin-mesh-map-0" offset="2" set="0"/>
          <p>2 0 0 1 1 1 0 2 2 2 0 3 3 3 4 1 1 5 3 3 6 4 4 7 1 1 8 3 3 9 5 5 10 4 4 11 5 5 12 6 6 13 4 4 14 5 5 15 7 7 16 6 6 17 2 0 18 8 8 19 3 3 20 8 8 21 5 5 22 3 3 23 2 0 24 9 9 25 8 8 26 9 9 27 10 10 28 8 8 29 8 8 30 11 11 31 5 5 32 7 7 33 5 5 34 11 11 35 7 7 36 11 11 37 12 12 38 13 13 39 2 0 40 0 2 41 13 13 42 9 9 43 2 0 44 13 13 45 0 2 46 14 14 47 15 15 48 13 13 49 14 14 50 15 15 51 14 14 52 16 16 53 17 17 54 15 15 55 16 16 56 17 17 57 18 18 58 15 15 59 15 15 60 19 19 61 13 13 62 13 13 63 19 19 64 9 9 65 19 19 66 10 10 67 9 9 68 15 15 69 20 20 70 19 19 71 19 19 72 20 20 73 10 10 74 15 15 75 21 21 76 20 20 77 15 15 78 18 18 79 21 21 80 21 21 81 10 10 82 20 20 83 17 17 84 22 22 85 18 18 86 17 17 87 23 23 88 22 22 89 24 24 90 22 22 91 23 23 92 24 24 93 23 23 94 25 25 95 26 26 96 24 24 97 25 25 98 26 26 99 25 25 100 27 27 101 28 28 102 24 24 103 26 26 104 22 22 105 24 24 106 28 28 107 28 28 108 26 26 109 29 29 110 30 30 111 28 28 112 29 29 113 30 30 114 29 29 115 31 31 116 31 31 117 29 29 118 32 32 119 31 31 120 32 32 121 33 33 122 22 22 123 28 28 124 34 34 125 30 30 126 34 34 127 28 28 128 29 29 129 35 35 130 32 32 131 29 29 132 26 26 133 35 35 134 26 26 135 36 36 136 35 35 137 26 26 138 27 27 139 36 36 140 35 35 141 36 36 142 37 37 143 35 35 144 37 37 145 38 38 146 32 32 147 35 35 148 38 38 149 39 39 150 33 33 151 32 32 152 32 32 153 38 38 154 39 39 155 39 39 156 40 40 157 33 33 158 38 38 159 37 37 160 41 41 161 38 38 162 41 41 163 42 42 164 39 39 165 38 38 166 42 42 167 43 43 168 42 42 169 41 41 170 43 43 171 41 41 172 44 44 173 45 45 174 43 43 175 44 44 176 45 45 177 44 44 178 46 46 179 47 47 180 42 42 181 43 43 182 47 47 183 48 48 184 42 42 185 39 39 186 42 42 187 48 48 188 49 49 189 43 43 190 45 45 191 49 49 192 47 47 193 43 43 194 39 39 195 50 50 196 40 40 197 39 39 198 48 48 199 50 50 200 51 51 201 45 45 202 46 46 203 51 51 204 46 46 205 52 52 206 51 51 207 52 52 208 53 53 209 51 51 210 53 53 211 54 54 212 55 55 213 54 54 214 53 53 215 55 55 216 53 53 217 56 56 218 55 55 219 56 56 220 57 57 221 55 55 222 57 57 223 58 58 224 59 59 225 54 54 226 55 55 227 59 59 228 55 55 229 58 58 230 59 59 231 60 60 232 54 54 233 60 60 234 51 51 235 54 54 236 59 59 237 58 58 238 61 61 239 60 60 240 62 62 241 51 51 242 45 45 243 62 62 244 49 49 245 45 45 246 51 51 247 62 62 248 50 50 249 48 48 250 63 63 251 50 50 252 63 63 253 64 64 254 50 50 255 64 64 256 65 65 257 65 65 258 66 66 259 50 50 260 65 65 261 67 67 262 66 66 263 64 64 264 63 63 265 68 68 266 64 64 267 68 68 268 69 69 269 66 66 270 67 67 271 70 70 272 66 66 273 70 70 274 71 71 275 71 71 276 70 70 277 72 72 278 71 71 279 72 72 280 73 73 281 72 72 282 74 74 283 73 73 284 72 72 285 75 75 286 74 74 287 74 74 288 75 75 289 76 76 290 74 74 291 76 76 292 77 77 293 78 78 294 77 77 295 76 76 296 78 78 297 76 76 298 79 79 299 78 78 300 79 79 301 80 80 302 78 78 303 80 80 304 81 81 305 82 82 306 81 81 307 80 80 308 12 12 309 81 81 310 82 82 311 83 83 312 12 12 313 82 82 314 83 83 315 82 82 316 84 84 317 12 12 318 83 83 319 85 85 320 12 12 321 85 85 322 7 7 323 7 7 324 85 85 325 86 86 326 87 87 327 86 86 328 85 85 329 87 87 330 88 88 331 86 86 332 89 89 333 87 87 334 85 85 335 85 85 336 83 83 337 89 89 338 89 89 339 83 83 340 84 84 341 89 89 342 90 90 343 87 87 344 91 91 345 90 90 346 89 89 347 89 89 348 84 84 349 91 91 350 91 91 351 92 92 352 90 90 353 93 93 354 92 92 355 91 91 356 93 93 357 91 91 358 84 84 359 93 93 360 94 94 361 92 92 362 95 95 363 94 94 364 93 93 365 95 95 366 93 93 367 96 96 368 7 7 369 86 86 370 6 6 371 93 93 372 84 84 373 97 97 374 96 96 375 93 93 376 97 97 377 96 96 378 97 97 379 98 98 380 95 95 381 96 96 382 98 98 383 99 99 384 98 98 385 97 97 386 99 99 387 97 97 388 100 100 389 100 100 390 101 101 391 99 99 392 100 100 393 102 102 394 101 101 395 102 102 396 100 100 397 82 82 398 97 97 399 82 82 400 100 100 401 97 97 402 84 84 403 82 82 404 99 99 405 103 103 406 98 98 407 99 99 408 101 101 409 103 103 410 95 95 411 98 98 412 103 103 413 106 104 414 105 105 415 104 106 416 106 104 417 107 107 418 105 105 419 106 104 420 104 106 421 108 108 422 106 104 423 108 108 424 109 109 425 110 110 426 109 109 427 108 108 428 110 110 429 111 111 430 109 109 431 112 112 432 111 111 433 110 110 434 112 112 435 110 110 436 113 113 437 114 114 438 112 112 439 113 113 440 114 114 441 113 113 442 115 115 443 116 116 444 112 112 445 114 114 446 112 112 447 116 116 448 111 111 449 116 116 450 114 114 451 117 117 452 118 118 453 116 116 454 117 117 455 111 111 456 118 118 457 109 109 458 111 111 459 116 116 460 118 118 461 118 118 462 117 117 463 119 119 464 120 120 465 118 118 466 119 119 467 120 120 468 109 109 469 118 118 470 120 120 471 106 104 472 109 109 473 120 120 474 119 119 475 61 61 476 61 61 477 106 104 478 120 120 479 121 121 480 61 61 481 119 119 482 119 119 483 122 122 484 121 121 485 123 123 486 121 121 487 122 122 488 123 123 489 122 122 490 124 124 491 60 60 492 121 121 493 123 123 494 60 60 495 59 59 496 121 121 497 121 121 498 59 59 499 61 61 500 125 125 501 119 119 502 117 117 503 125 125 504 126 126 505 119 119 506 127 127 507 125 125 508 117 117 509 127 127 510 117 117 511 128 128 512 125 125 513 129 129 514 126 126 515 125 125 516 127 127 517 129 129 518 123 123 519 62 62 520 60 60 521 123 123 522 130 130 523 62 62 524 130 130 525 123 123 526 124 124 527 49 49 528 62 62 529 130 130 530 49 49 531 130 130 532 131 131 533 131 131 534 47 47 535 49 49 536 131 131 537 68 68 538 47 47 539 63 63 540 47 47 541 68 68 542 63 63 543 48 48 544 47 47 545 131 131 546 130 130 547 132 132 548 131 131 549 132 132 550 133 133 551 68 68 552 131 131 553 133 133 554 130 130 555 124 124 556 132 132 557 127 127 558 134 134 559 129 129 560 127 127 561 128 128 562 134 134 563 134 134 564 128 128 565 135 135 566 134 134 567 135 135 568 136 136 569 68 68 570 133 133 571 69 69 572 114 114 573 136 136 574 135 135 575 114 114 576 115 115 577 136 136 578 135 135 579 117 117 580 114 114 581 135 135 582 128 128 583 117 117 584 30 30 585 10 10 586 34 34 587 21 21 588 34 34 589 10 10 590 18 18 591 34 34 592 21 21 593 18 18 594 22 22 595 34 34 596 30 30 597 77 77 598 10 10 599 78 78 600 10 10 601 77 77 602 78 78 603 8 8 604 10 10 605 78 78 606 11 11 607 8 8 608 78 78 609 81 81 610 11 11 611 12 12 612 11 11 613 81 81 614 30 30 615 74 74 616 77 77 617 31 31 618 74 74 619 30 30 620 31 31 621 73 73 622 74 74 623 73 73 624 31 31 625 33 33 626 73 73 627 33 33 628 71 71 629 71 71 630 33 33 631 40 40 632 71 71 633 40 40 634 66 66 635 66 66 636 40 40 637 50 50 638 61 61 639 58 58 640 106 104 641 58 58 642 107 107 643 106 104 644 58 58 645 57 57 646 107 107 647 139 137 648 138 138 649 137 139 650 139 137 651 140 140 652 138 138 653 141 141 654 140 140 655 139 137 656 141 141 657 142 142 658 140 140 659 143 143 660 142 142 661 141 141 662 143 143 663 144 144 664 142 142 665 145 145 666 138 138 667 140 140 668 145 145 669 140 140 670 142 142 671 145 145 672 146 146 673 138 138 674 147 147 675 146 146 676 145 145 677 145 145 678 142 142 679 148 148 680 148 148 681 142 142 682 144 144 683 148 148 684 144 144 685 149 149 686 137 139 687 138 138 688 150 150 689 150 150 690 138 138 691 146 146 692 137 139 693 150 150 694 151 151 695 151 151 696 150 150 697 152 152 698 151 151 699 152 152 700 153 153 701 154 154 702 153 153 703 152 152 704 154 154 705 152 152 706 155 155 707 156 156 708 152 152 709 150 150 710 150 150 711 146 146 712 156 156 713 156 156 714 146 146 715 147 147 716 156 156 717 157 157 718 152 152 719 156 156 720 147 147 721 157 157 722 158 158 723 152 152 724 157 157 725 158 158 726 155 155 727 152 152 728 158 158 729 157 157 730 147 147 731 159 159 732 154 154 733 155 155 734 159 159 735 160 160 736 154 154 737 160 160 738 159 159 739 161 161 740 160 160 741 161 161 742 162 162 743 162 162 744 161 161 745 163 163 746 162 162 747 163 163 748 164 164 749 163 163 750 161 161 751 165 165 752 165 165 753 161 161 754 159 159 755 163 163 756 165 165 757 166 166 758 167 167 759 166 166 760 165 165 761 167 167 762 168 168 763 166 166 764 169 169 765 166 166 766 168 168 767 169 169 768 168 168 769 170 170 770 165 165 771 159 159 772 171 171 773 171 171 774 167 167 775 165 165 776 166 166 777 172 172 778 163 163 779 166 166 780 169 169 781 172 172 782 163 163 783 173 173 784 164 164 785 163 163 786 172 172 787 173 173 788 172 172 789 174 174 790 173 173 791 172 172 792 175 175 793 174 174 794 169 169 795 175 175 796 172 172 797 170 170 798 176 176 799 169 169 800 169 169 801 176 176 802 175 175 803 170 170 804 177 177 805 176 176 806 175 175 807 178 178 808 174 174 809 175 175 810 179 179 811 178 178 812 176 176 813 179 179 814 175 175 815 178 178 816 179 179 817 180 180 818 178 178 819 180 180 820 181 181 821 181 181 822 180 180 823 182 182 824 181 181 825 182 182 826 183 183 827 179 179 828 184 184 829 180 180 830 179 179 831 185 185 832 184 184 833 176 176 834 185 185 835 179 179 836 186 186 837 180 180 838 184 184 839 186 186 840 182 182 841 180 180 842 187 187 843 176 176 844 177 177 845 187 187 846 185 185 847 176 176 848 183 183 849 182 182 850 188 188 851 183 183 852 188 188 853 189 189 854 188 188 855 190 190 856 189 189 857 188 188 858 191 191 859 190 190 860 190 190 861 191 191 862 192 192 863 190 190 864 192 192 865 193 193 866 192 192 867 194 194 868 193 193 869 192 192 870 195 195 871 194 194 872 191 191 873 196 196 874 192 192 875 196 196 876 195 195 877 192 192 878 191 191 879 197 197 880 196 196 881 188 188 882 197 197 883 191 191 884 196 196 885 198 198 886 195 195 887 188 188 888 199 199 889 197 197 890 182 182 891 199 199 892 188 188 893 182 182 894 186 186 895 199 199 896 185 185 897 187 187 898 200 200 899 187 187 900 201 201 901 200 200 902 187 187 903 202 202 904 201 201 905 203 203 906 202 202 907 187 187 908 203 203 909 204 204 910 202 202 911 201 201 912 205 205 913 200 200 914 201 201 915 206 206 916 205 205 917 203 203 918 207 207 919 204 204 920 203 203 921 208 208 922 207 207 923 208 208 924 209 209 925 207 207 926 208 208 927 210 210 928 209 209 929 209 209 930 210 210 931 211 211 932 209 209 933 211 211 934 212 212 935 213 213 936 212 212 937 211 211 938 213 213 939 211 211 940 214 214 941 215 215 942 213 213 943 214 214 944 215 215 945 216 216 946 213 213 947 217 217 948 216 216 949 215 215 950 217 217 951 215 215 952 218 218 953 218 218 954 219 219 955 217 217 956 149 149 957 219 219 958 218 218 959 220 220 960 219 219 961 149 149 962 220 220 963 221 221 964 219 219 965 222 222 966 220 220 967 149 149 968 222 222 969 149 149 970 144 144 971 223 223 972 222 222 973 144 144 974 224 224 975 222 222 976 223 223 977 224 224 978 223 223 979 225 225 980 226 226 981 222 222 982 224 224 983 220 220 984 222 222 985 226 226 986 221 221 987 220 220 988 226 226 989 226 226 990 224 224 991 227 227 992 228 228 993 226 226 994 227 227 995 221 221 996 226 226 997 228 228 998 228 228 999 227 227 1000 229 229 1001 229 229 1002 230 230 1003 228 228 1004 221 221 1005 228 228 1006 230 230 1007 229 229 1008 231 231 1009 230 230 1010 230 230 1011 231 231 1012 232 232 1013 230 230 1014 232 232 1015 233 233 1016 223 223 1017 144 144 1018 143 143 1019 221 221 1020 230 230 1021 234 234 1022 234 234 1023 230 230 1024 233 233 1025 234 234 1026 233 233 1027 235 235 1028 235 235 1029 233 233 1030 232 232 1031 236 236 1032 234 234 1033 235 235 1034 236 236 1035 237 237 1036 234 234 1037 237 237 1038 236 236 1039 238 238 1040 237 237 1041 238 238 1042 239 239 1043 237 237 1044 239 239 1045 219 219 1046 234 234 1047 237 237 1048 219 219 1049 234 234 1050 219 219 1051 221 221 1052 240 240 1053 236 236 1054 235 235 1055 240 240 1056 238 238 1057 236 236 1058 235 235 1059 232 232 1060 240 240 1061 243 241 1062 242 242 1063 241 243 1064 243 241 1065 244 244 1066 242 242 1067 245 245 1068 244 244 1069 243 241 1070 245 245 1071 243 241 1072 246 246 1073 246 246 1074 247 247 1075 245 245 1076 246 246 1077 248 248 1078 247 247 1079 247 247 1080 248 248 1081 249 249 1082 247 247 1083 249 249 1084 250 250 1085 250 250 1086 249 249 1087 251 251 1088 250 250 1089 251 251 1090 252 252 1091 251 251 1092 249 249 1093 253 253 1094 253 253 1095 249 249 1096 248 248 1097 251 251 1098 253 253 1099 254 254 1100 255 255 1101 254 254 1102 253 253 1103 255 255 1104 248 248 1105 246 246 1106 255 255 1107 253 253 1108 248 248 1109 255 255 1110 256 256 1111 254 254 1112 257 257 1113 256 256 1114 255 255 1115 246 246 1116 257 257 1117 255 255 1118 246 246 1119 243 241 1120 257 257 1121 257 257 1122 198 198 1123 256 256 1124 243 241 1125 198 198 1126 257 257 1127 258 258 1128 256 256 1129 198 198 1130 259 259 1131 256 256 1132 258 258 1133 259 259 1134 258 258 1135 260 260 1136 259 259 1137 260 260 1138 261 261 1139 197 197 1140 260 260 1141 258 258 1142 197 197 1143 258 258 1144 196 196 1145 258 258 1146 198 198 1147 196 196 1148 256 256 1149 262 262 1150 254 254 1151 263 263 1152 262 262 1153 256 256 1154 264 264 1155 254 254 1156 262 262 1157 264 264 1158 265 265 1159 254 254 1160 266 266 1161 262 262 1162 263 263 1163 266 266 1164 264 264 1165 262 262 1166 260 260 1167 197 197 1168 199 199 1169 260 260 1170 199 199 1171 267 267 1172 261 261 1173 260 260 1174 267 267 1175 186 186 1176 267 267 1177 199 199 1178 186 186 1179 268 268 1180 267 267 1181 268 268 1182 186 186 1183 184 184 1184 268 268 1185 184 184 1186 205 205 1187 200 200 1188 205 205 1189 184 184 1190 200 200 1191 184 184 1192 185 185 1193 269 269 1194 267 267 1195 268 268 1196 269 269 1197 268 268 1198 270 270 1199 270 270 1200 268 268 1201 205 205 1202 261 261 1203 267 267 1204 269 269 1205 271 271 1206 264 264 1207 266 266 1208 271 271 1209 265 265 1210 264 264 1211 271 271 1212 272 272 1213 265 265 1214 271 271 1215 273 273 1216 272 272 1217 270 270 1218 205 205 1219 206 206 1220 273 273 1221 251 251 1222 272 272 1223 273 273 1224 252 252 1225 251 251 1226 272 272 1227 251 251 1228 254 254 1229 272 272 1230 254 254 1231 265 265 1232 171 171 1233 147 147 1234 167 167 1235 158 158 1236 147 147 1237 171 171 1238 171 171 1239 155 155 1240 158 158 1241 171 171 1242 159 159 1243 155 155 1244 214 214 1245 167 167 1246 147 147 1247 147 147 1248 215 215 1249 214 214 1250 147 147 1251 145 145 1252 215 215 1253 215 215 1254 145 145 1255 148 148 1256 215 215 1257 148 148 1258 218 218 1259 149 149 1260 218 218 1261 148 148 1262 214 214 1263 211 211 1264 167 167 1265 211 211 1266 168 168 1267 167 167 1268 211 211 1269 210 210 1270 168 168 1271 170 170 1272 168 168 1273 210 210 1274 170 170 1275 210 210 1276 208 208 1277 177 177 1278 170 170 1279 208 208 1280 177 177 1281 208 208 1282 203 203 1283 177 177 1284 203 203 1285 187 187 1286 243 241 1287 195 195 1288 198 198 1289 195 195 1290 243 241 1291 241 243 1292 195 195 1293 241 243 1294 194 194 1295 276 274 1296 275 275 1297 274 276 1298 277 277 1299 275 275 1300 276 274 1301 278 278 1302 275 275 1303 277 277 1304 278 278 1305 279 279 1306 275 275 1307 280 280 1308 279 279 1309 278 278 1310 280 280 1311 281 281 1312 279 279 1313 281 281 1314 280 280 1315 282 282 1316 282 282 1317 280 280 1318 283 283 1319 283 283 1320 278 278 1321 277 277 1322 283 283 1323 280 280 1324 278 278 1325 282 282 1326 283 283 1327 284 284 1328 285 285 1329 284 284 1330 283 283 1331 285 285 1332 283 283 1333 286 286 1334 286 286 1335 277 277 1336 276 274 1337 286 286 1338 283 283 1339 277 277 1340 276 274 1341 287 287 1342 286 286 1343 286 286 1344 287 287 1345 285 285 1346 276 274 1347 288 288 1348 287 287 1349 281 281 1350 282 282 1351 289 289 1352 290 290 1353 282 282 1354 284 284 1355 290 290 1356 289 289 1357 282 282 1358 284 284 1359 291 291 1360 290 290 1361 284 284 1362 285 285 1363 291 291 1364 291 291 1365 285 285 1366 287 287 1367 291 291 1368 287 287 1369 292 292 1370 288 288 1371 292 292 1372 287 287 1373 288 288 1374 293 293 1375 292 292 1376 294 294 1377 292 292 1378 293 293 1379 294 294 1380 293 293 1381 295 295 1382 293 293 1383 288 288 1384 296 296 1385 293 293 1386 296 296 1387 297 297 1388 297 297 1389 295 295 1390 293 293 1391 288 288 1392 298 298 1393 296 296 1394 288 288 1395 276 274 1396 298 298 1397 297 297 1398 299 299 1399 295 295 1400 298 298 1401 276 274 1402 274 276 1403 298 298 1404 274 276 1405 300 300 1406 301 301 1407 298 298 1408 300 300 1409 301 301 1410 300 300 1411 302 302 1412 302 302 1413 300 300 1414 303 303 1415 302 302 1416 303 303 1417 304 304 1418 303 303 1419 305 305 1420 304 304 1421 304 304 1422 305 305 1423 306 306 1424 305 305 1425 307 307 1426 306 306 1427 305 305 1428 308 308 1429 307 307 1430 304 304 1431 306 306 1432 309 309 1433 303 303 1434 310 310 1435 305 305 1436 308 308 1437 305 305 1438 310 310 1439 308 308 1440 310 310 1441 311 311 1442 312 312 1443 302 302 1444 304 304 1445 312 312 1446 304 304 1447 313 313 1448 314 314 1449 303 303 1450 300 300 1451 274 276 1452 314 314 1453 300 300 1454 315 315 1455 311 311 1456 310 310 1457 303 303 1458 315 315 1459 310 310 1460 303 303 1461 314 314 1462 315 315 1463 315 315 1464 316 316 1465 311 311 1466 317 317 1467 316 316 1468 315 315 1469 317 317 1470 318 318 1471 316 316 1472 316 316 1473 318 318 1474 319 319 1475 316 316 1476 319 319 1477 320 320 1478 316 316 1479 320 320 1480 311 311 1481 317 317 1482 321 321 1483 318 318 1484 322 322 1485 318 318 1486 321 321 1487 322 322 1488 323 323 1489 318 318 1490 323 323 1491 324 324 1492 318 318 1493 324 324 1494 319 319 1495 318 318 1496 323 323 1497 325 325 1498 324 324 1499 317 317 1500 315 315 1501 326 326 1502 326 326 1503 315 315 1504 314 314 1505 326 326 1506 314 314 1507 327 327 1508 328 328 1509 312 312 1510 313 313 1511 329 329 1512 323 323 1513 322 322 1514 329 329 1515 322 322 1516 330 330 1517 327 327 1518 331 331 1519 326 326 1520 327 327 1521 332 332 1522 331 331 1523 275 275 1524 332 332 1525 327 327 1526 274 276 1527 275 275 1528 327 327 1529 274 276 1530 327 327 1531 314 314 1532 326 326 1533 331 331 1534 333 333 1535 326 326 1536 333 333 1537 317 317 1538 333 333 1539 321 321 1540 317 317 1541 333 333 1542 334 334 1543 321 321 1544 321 321 1545 334 334 1546 335 335 1547 321 321 1548 335 335 1549 322 322 1550 322 322 1551 335 335 1552 330 330 1553 328 328 1554 336 336 1555 312 312 1556 337 337 1557 312 312 1558 336 336 1559 337 337 1560 338 338 1561 312 312 1562 338 338 1563 302 302 1564 312 312 1565 338 338 1566 301 301 1567 302 302 1568 279 279 1569 339 339 1570 275 275 1571 281 281 1572 339 339 1573 279 279 1574 281 281 1575 340 340 1576 339 339 1577 289 289 1578 340 340 1579 281 281 1580 289 289 1581 341 341 1582 340 340 1583 342 342 1584 341 341 1585 289 289 1586 342 342 1587 289 289 1588 290 290 1589 290 290 1590 343 343 1591 342 342 1592 290 290 1593 291 291 1594 343 343 1595 343 343 1596 291 291 1597 292 292 1598 343 343 1599 292 292 1600 294 294 1601 346 344 1602 345 345 1603 344 346 1604 346 344 1605 347 347 1606 345 345 1607 348 348 1608 344 346 1609 345 345 1610 349 349 1611 348 348 1612 345 345 1613 349 349 1614 350 350 1615 348 348 1616 351 351 1617 348 348 1618 350 350 1619 351 351 1620 352 352 1621 348 348 1622 353 353 1623 352 352 1624 351 351 1625 353 353 1626 351 351 1627 354 354 1628 354 354 1629 355 355 1630 353 353 1631 354 354 1632 356 356 1633 355 355 1634 355 355 1635 356 356 1636 357 357 1637 355 355 1638 357 357 1639 358 358 1640 357 357 1641 359 359 1642 358 358 1643 357 357 1644 360 360 1645 359 359 1646 349 349 1647 361 361 1648 350 350 1649 349 349 1650 362 362 1651 361 361 1652 349 349 1653 363 363 1654 362 362 1655 349 349 1656 364 364 1657 363 363 1658 365 365 1659 352 352 1660 353 353 1661 365 365 1662 366 366 1663 352 352 1664 352 352 1665 366 366 1666 367 367 1667 352 352 1668 367 367 1669 348 348 1670 348 348 1671 367 367 1672 344 346 1673 368 368 1674 355 355 1675 358 358 1676 369 369 1677 365 365 1678 353 353 1679 369 369 1680 353 353 1681 355 355 1682 368 368 1683 369 369 1684 355 355 1685 372 370 1686 371 371 1687 370 372 1688 372 370 1689 373 373 1690 371 371 1691 374 374 1692 371 371 1693 373 373 1694 374 374 1695 375 375 1696 371 371 1697 376 376 1698 372 370 1699 370 372 1700 376 376 1701 370 372 1702 377 377 1703 380 378 1704 379 379 1705 378 380 1706 380 378 1707 381 381 1708 379 379 1709 380 378 1710 378 380 1711 382 382 1712 380 378 1713 382 382 1714 383 383 1715 384 384 1716 379 379 1717 381 381 1718 384 384 1719 381 381 1720 385 385 1721 382 382 1722 378 380 1723 386 386 1724 382 382 1725 386 386 1726 387 387 1727 388 388 1728 385 385 1729 381 381 1730 388 388 1731 381 381 1732 389 389 1733 389 389 1734 381 381 1735 380 378 1736 389 389 1737 380 378 1738 390 390 1739 390 390 1740 380 378 1741 383 383 1742 390 390 1743 383 383 1744 391 391 1745 384 384 1746 392 392 1747 379 379 1748 384 384 1749 393 393 1750 392 392 1751 394 394 1752 378 380 1753 379 379 1754 392 392 1755 394 394 1756 379 379 1757 394 394 1758 386 386 1759 378 380 1760 395 395 1761 390 390 1762 391 391 1763 395 395 1764 391 391 1765 396 396 1766 396 396 1767 397 397 1768 395 395 1769 398 398 1770 395 395 1771 397 397 1772 398 398 1773 399 399 1774 395 395 1775 400 400 1776 399 399 1777 398 398 1778 401 401 1779 400 400 1780 398 398 1781 401 401 1782 398 398 1783 402 402 1784 402 402 1785 398 398 1786 397 397 1787 401 401 1788 402 402 1789 403 403 1790 401 401 1791 403 403 1792 404 404 1793 400 400 1794 405 405 1795 399 399 1796 402 402 1797 397 397 1798 406 406 1799 406 406 1800 403 403 1801 402 402 1802 406 406 1803 397 397 1804 407 407 1805 396 396 1806 407 407 1807 397 397 1808 406 406 1809 407 407 1810 408 408 1811 406 406 1812 408 408 1813 409 409 1814 406 406 1815 409 409 1816 410 410 1817 406 406 1818 410 410 1819 403 403 1820 399 399 1821 405 405 1822 411 411 1823 399 399 1824 411 411 1825 412 412 1826 412 412 1827 411 411 1828 413 413 1829 412 412 1830 413 413 1831 414 414 1832 415 415 1833 412 412 1834 414 414 1835 415 415 1836 414 414 1837 416 416 1838 399 399 1839 412 412 1840 415 415 1841 399 399 1842 415 415 1843 395 395 1844 415 415 1845 390 390 1846 395 395 1847 415 415 1848 389 389 1849 390 390 1850 416 416 1851 389 389 1852 415 415 1853 416 416 1854 388 388 1855 389 389 1856 413 413 1857 417 417 1858 414 414 1859 413 413 1860 418 418 1861 417 417 1862 414 414 1863 419 419 1864 416 416 1865 414 414 1866 417 417 1867 419 419 1868 418 418 1869 420 420 1870 417 417 1871 420 420 1872 419 419 1873 417 417 1874 418 418 1875 421 421 1876 420 420 1877 422 422 1878 420 420 1879 421 421 1880 422 422 1881 423 423 1882 420 420 1883 424 424 1884 423 423 1885 422 422 1886 424 424 1887 425 425 1888 423 423 1889 426 426 1890 425 425 1891 424 424 1892 426 426 1893 424 424 1894 427 427 1895 423 423 1896 428 428 1897 420 420 1898 420 420 1899 428 428 1900 419 419 1901 423 423 1902 429 429 1903 428 428 1904 425 425 1905 429 429 1906 423 423 1907 425 425 1908 430 430 1909 429 429 1910 430 430 1911 425 425 1912 426 426 1913 430 430 1914 431 431 1915 429 429 1916 430 430 1917 432 432 1918 431 431 1919 433 433 1920 432 432 1921 430 430 1922 433 433 1923 430 430 1924 434 434 1925 430 430 1926 426 426 1927 434 434 1928 435 435 1929 429 429 1930 431 431 1931 435 435 1932 428 428 1933 429 429 1934 428 428 1935 435 435 1936 436 436 1937 428 428 1938 436 436 1939 437 437 1940 437 437 1941 436 436 1942 438 438 1943 437 437 1944 438 438 1945 439 439 1946 439 439 1947 438 438 1948 440 440 1949 439 439 1950 440 440 1951 441 441 1952 442 442 1953 439 439 1954 441 441 1955 442 442 1956 443 443 1957 439 439 1958 443 443 1959 442 442 1960 384 384 1961 443 443 1962 384 384 1963 385 385 1964 444 444 1965 441 441 1966 440 440 1967 444 444 1968 440 440 1969 445 445 1970 443 443 1971 385 385 1972 388 388 1973 443 443 1974 388 388 1975 446 446 1976 439 439 1977 446 446 1978 437 437 1979 439 439 1980 443 443 1981 446 446 1982 437 437 1983 446 446 1984 419 419 1985 437 437 1986 419 419 1987 428 428 1988 446 446 1989 416 416 1990 419 419 1991 446 446 1992 388 388 1993 416 416 1994 447 447 1995 384 384 1996 442 442 1997 447 447 1998 393 393 1999 384 384 2000 447 447 2001 448 448 2002 393 393 2003 447 447 2004 449 449 2005 448 448 2006 450 450 2007 448 448 2008 449 449 2009 450 450 2010 451 451 2011 448 448 2012 392 392 2013 393 393 2014 448 448 2015 392 392 2016 448 448 2017 452 452 2018 392 392 2019 452 452 2020 394 394 2021 453 453 2022 448 448 2023 451 451 2024 453 453 2025 452 452 2026 448 448 2027 447 447 2028 454 454 2029 449 449 2030 455 455 2031 449 449 2032 454 454 2033 455 455 2034 454 454 2035 456 456 2036 456 456 2037 454 454 2038 444 444 2039 456 456 2040 444 444 2041 457 457 2042 447 447 2043 442 442 2044 454 454 2045 454 454 2046 441 441 2047 444 444 2048 454 454 2049 442 442 2050 441 441 2051 458 458 2052 449 449 2053 455 455 2054 458 458 2055 450 450 2056 449 449 2057 459 459 2058 453 453 2059 451 451 2060 450 450 2061 459 459 2062 451 451 2063 459 459 2064 460 460 2065 453 453 2066 461 461 2067 453 453 2068 460 460 2069 461 461 2070 452 452 2071 453 453 2072 461 461 2073 460 460 2074 462 462 2075 461 461 2076 463 463 2077 452 452 2078 394 394 2079 452 452 2080 463 463 2081 464 464 2082 457 457 2083 444 444 2084 394 394 2085 463 463 2086 465 465 2087 465 465 2088 386 386 2089 394 394 2090 465 465 2091 466 466 2092 386 386 2093 467 467 2094 386 386 2095 466 466 2096 467 467 2097 387 387 2098 386 386 2099 467 467 2100 468 468 2101 387 387 2102 445 445 2103 469 469 2104 464 464 2105 444 444 2106 445 445 2107 464 464 2108 450 450 2109 470 470 2110 459 459 2111 470 470 2112 450 450 2113 458 458 2114 470 470 2115 458 458 2116 471 471 2117 349 349 2118 473 472 2119 472 473 2120 345 345 2121 473 472 2122 349 349 2123 345 345 2124 347 347 2125 473 472 2126 476 474 2127 475 475 2128 474 476 2129 476 474 2130 477 477 2131 475 475 2132 478 478 2133 477 477 2134 476 474 2135 478 478 2136 476 474 2137 479 479 2138 474 476 2139 475 475 2140 480 480 2141 474 476 2142 480 480 2143 481 481 2144 484 482 2145 483 483 2146 482 484 2147 484 482 2148 485 485 2149 483 483 2150 486 486 2151 482 484 2152 483 483 2153 486 486 2154 483 483 2155 487 487 2156 485 485 2157 484 482 2158 488 488 2159 485 485 2160 488 488 2161 489 489 2162 490 490 2163 489 489 2164 488 488 2165 490 490 2166 488 488 2167 491 491 2168 492 492 2169 490 490 2170 491 491 2171 492 492 2172 493 493 2173 490 490 2174 486 486 2175 487 487 2176 494 494 2177 487 487 2178 495 495 2179 494 494 2180 486 486 2181 494 494 2182 496 496 2183 496 496 2184 494 494 2185 497 497 2186 494 494 2187 498 498 2188 497 497 2189 496 496 2190 497 497 2191 499 499 2192 500 500 2193 494 494 2194 495 495 2195 500 500 2196 501 501 2197 494 494 2198 501 501 2199 502 502 2200 494 494 2201 503 503 2202 491 491 2203 488 488 2204 503 503 2205 488 488 2206 504 504 2207 504 504 2208 488 488 2209 484 482 2210 504 504 2211 484 482 2212 505 505 2213 505 505 2214 484 482 2215 482 484 2216 505 505 2217 482 484 2218 506 506 2219 507 507 2220 506 506 2221 482 484 2222 507 507 2223 482 484 2224 486 486 2225 508 508 2226 496 496 2227 499 499 2228 486 486 2229 509 509 2230 507 507 2231 508 508 2232 509 509 2233 496 496 2234 486 486 2235 496 496 2236 509 509 2237 512 510 2238 511 511 2239 510 512 2240 512 510 2241 513 513 2242 511 511 2243 512 510 2244 510 512 2245 514 514 2246 512 510 2247 514 514 2248 515 515 2249 511 511 2250 513 513 2251 516 516 2252 516 516 2253 513 513 2254 517 517 2255 516 516 2256 517 517 2257 518 518 2258 517 517 2259 519 519 2260 518 518 2261 518 518 2262 519 519 2263 520 520 2264 518 518 2265 520 520 2266 521 521 2267 521 521 2268 516 516 2269 518 518 2270 517 517 2271 522 522 2272 519 519 2273 519 519 2274 522 522 2275 523 523 2276 519 519 2277 523 523 2278 524 524 2279 525 525 2280 519 519 2281 524 524 2282 525 525 2283 524 524 2284 526 526 2285 521 521 2286 527 527 2287 516 516 2288 528 528 2289 527 527 2290 521 521 2291 528 528 2292 529 529 2293 527 527 2294 530 530 2295 523 523 2296 522 522 2297 517 517 2298 530 530 2299 522 522 2300 530 530 2301 531 531 2302 523 523 2303 531 531 2304 532 532 2305 523 523 2306 531 531 2307 533 533 2308 532 532 2309 533 533 2310 531 531 2311 534 534 2312 533 533 2313 534 534 2314 535 535 2315 531 531 2316 536 536 2317 534 534 2318 531 531 2319 530 530 2320 536 536 2321 536 536 2322 530 530 2323 537 537 2324 536 536 2325 537 537 2326 538 538 2327 517 517 2328 537 537 2329 530 530 2330 537 537 2331 517 517 2332 513 513 2333 539 539 2334 525 525 2335 526 526 2336 539 539 2337 526 526 2338 540 540 2339 541 541 2340 540 540 2341 526 526 2342 541 541 2343 542 542 2344 540 540 2345 526 526 2346 543 543 2347 541 541 2348 523 523 2349 532 532 2350 543 543 2351 523 523 2352 543 543 2353 524 524 2354 526 526 2355 524 524 2356 543 543 2357 544 544 2358 538 538 2359 537 537 2360 513 513 2361 544 544 2362 537 537 2363 544 544 2364 545 545 2365 538 538 2366 545 545 2367 544 544 2368 546 546 2369 547 547 2370 545 545 2371 546 546 2372 548 548 2373 545 545 2374 547 547 2375 548 548 2376 549 549 2377 545 545 2378 549 549 2379 548 548 2380 550 550 2381 549 549 2382 550 550 2383 551 551 2384 551 551 2385 550 550 2386 552 552 2387 552 552 2388 550 550 2389 553 553 2390 553 553 2391 548 548 2392 547 547 2393 553 553 2394 550 550 2395 548 548 2396 552 552 2397 553 553 2398 554 554 2399 555 555 2400 554 554 2401 553 553 2402 555 555 2403 553 553 2404 556 556 2405 556 556 2406 547 547 2407 546 546 2408 556 556 2409 553 553 2410 547 547 2411 551 551 2412 552 552 2413 557 557 2414 558 558 2415 552 552 2416 554 554 2417 558 558 2418 557 557 2419 552 552 2420 558 558 2421 554 554 2422 555 555 2423 558 558 2424 555 555 2425 559 559 2426 559 559 2427 555 555 2428 556 556 2429 559 559 2430 556 556 2431 560 560 2432 560 560 2433 556 556 2434 546 546 2435 560 560 2436 546 546 2437 561 561 2438 561 561 2439 546 546 2440 515 515 2441 561 561 2442 515 515 2443 562 562 2444 514 514 2445 562 562 2446 515 515 2447 544 544 2448 515 515 2449 546 546 2450 544 544 2451 512 510 2452 515 515 2453 513 513 2454 512 510 2455 544 544 2456 563 563 2457 560 560 2458 561 561 2459 564 564 2460 560 560 2461 563 563 2462 564 564 2463 559 559 2464 560 560 2465 558 558 2466 559 559 2467 564 564 2468 558 558 2469 564 564 2470 565 565 2471 565 565 2472 557 557 2473 558 558 2474 565 565 2475 566 566 2476 557 557 2477 557 557 2478 566 566 2479 567 567 2480 557 557 2481 567 567 2482 551 551 2483 551 551 2484 567 567 2485 568 568 2486 551 551 2487 568 568 2488 549 549 2489 549 549 2490 568 568 2491 545 545 2492 545 545 2493 569 569 2494 538 538 2495 538 538 2496 569 569 2497 570 570 2498 538 538 2499 570 570 2500 536 536 2501 534 534 2502 536 536 2503 570 570 2504 534 534 2505 570 570 2506 571 571 2507 535 535 2508 534 534 2509 571 571 2510 535 535 2511 571 571 2512 572 572 2513 535 535 2514 572 572 2515 573 573 2516 535 535 2517 573 573 2518 574 574 2519 575 575 2520 535 535 2521 574 574 2522 575 575 2523 576 576 2524 535 535 2525 577 577 2526 575 575 2527 574 574 2528 577 577 2529 574 574 2530 578 578 2531 577 577 2532 579 579 2533 575 575 2534 574 574 2535 580 580 2536 578 578 2537 574 574 2538 573 573 2539 580 580 2540 578 578 2541 580 580 2542 581 581 2543 576 576 2544 533 533 2545 535 535 2546 584 582 2547 583 583 2548 582 584 2549 584 582 2550 585 585 2551 583 583 2552 583 583 2553 586 586 2554 582 584 2555 587 587 2556 585 585 2557 584 582 2558 587 587 2559 588 588 2560 585 585 2561 589 589 2562 585 585 2563 588 588 2564 589 589 2565 590 590 2566 585 585 2567 591 591 2568 590 590 2569 589 589 2570 591 591 2571 592 592 2572 590 590 2573 590 590 2574 593 593 2575 585 585 2576 590 590 2577 594 594 2578 593 593 2579 592 592 2580 594 594 2581 590 590 2582 594 594 2583 595 595 2584 593 593 2585 594 594 2586 596 596 2587 595 595 2588 597 597 2589 596 596 2590 594 594 2591 597 597 2592 594 594 2593 598 598 2594 592 592 2595 598 598 2596 594 594 2597 587 587 2598 599 599 2599 588 588 2600 587 587 2601 600 600 2602 599 599 2603 600 600 2604 587 587 2605 601 601 2606 600 600 2607 601 601 2608 602 602 2609 603 603 2610 601 601 2611 587 587 2612 595 595 2613 604 604 2614 593 593 2615 593 593 2616 604 604 2617 585 585 2618 585 585 2619 604 604 2620 583 583 2621 583 583 2622 604 604 2623 605 605 2624 604 604 2625 606 606 2626 605 605 2627 605 605 2628 606 606 2629 607 607 2630 605 605 2631 607 607 2632 608 608 2633 609 609 2634 608 608 2635 607 607 2636 609 609 2637 607 607 2638 610 610 2639 611 611 2640 609 609 2641 610 610 2642 611 611 2643 610 610 2644 612 612 2645 613 613 2646 611 611 2647 612 612 2648 613 613 2649 612 612 2650 614 614 2651 615 615 2652 613 613 2653 614 614 2654 615 615 2655 614 614 2656 616 616 2657 615 615 2658 616 616 2659 617 617 2660 615 615 2661 617 617 2662 618 618 2663 618 618 2664 617 617 2665 619 619 2666 620 620 2667 615 615 2668 618 618 2669 620 620 2670 613 613 2671 615 615 2672 620 620 2673 618 618 2674 621 621 2675 620 620 2676 621 621 2677 622 622 2678 622 622 2679 621 621 2680 623 623 2681 622 622 2682 623 623 2683 624 624 2684 625 625 2685 620 620 2686 622 622 2687 620 620 2688 625 625 2689 613 613 2690 625 625 2691 611 611 2692 613 613 2693 625 625 2694 622 622 2695 626 626 2696 626 626 2697 622 622 2698 624 624 2699 627 627 2700 625 625 2701 626 626 2702 627 627 2703 626 626 2704 628 628 2705 629 629 2706 627 627 2707 628 628 2708 629 629 2709 628 628 2710 630 630 2711 631 631 2712 629 629 2713 630 630 2714 631 631 2715 630 630 2716 632 632 2717 633 633 2718 632 632 2719 630 630 2720 633 633 2721 630 630 2722 634 634 2723 634 634 2724 630 630 2725 628 628 2726 635 635 2727 633 633 2728 634 634 2729 635 635 2730 634 634 2731 636 636 2732 637 637 2733 631 631 2734 632 632 2735 637 637 2736 586 586 2737 631 631 2738 634 634 2739 628 628 2740 638 638 2741 638 638 2742 639 639 2743 634 634 2744 638 638 2745 640 640 2746 639 639 2747 628 628 2748 641 641 2749 638 638 2750 641 641 2751 640 640 2752 638 638 2753 628 628 2754 626 626 2755 641 641 2756 642 642 2757 639 639 2758 640 640 2759 642 642 2760 640 640 2761 643 643 2762 641 641 2763 644 644 2764 640 640 2765 644 644 2766 643 643 2767 640 640 2768 645 645 2769 632 632 2770 633 633 2771 645 645 2772 637 637 2773 632 632 2774 645 645 2775 646 646 2776 637 637 2777 645 645 2778 647 647 2779 646 646 2780 648 648 2781 647 647 2782 645 645 2783 648 648 2784 649 649 2785 647 647 2786 650 650 2787 649 649 2788 648 648 2789 650 650 2790 651 651 2791 649 649 2792 648 648 2793 645 645 2794 633 633 2795 648 648 2796 633 633 2797 635 635 2798 648 648 2799 652 652 2800 650 650 2801 648 648 2802 635 635 2803 652 652 2804 626 626 2805 624 624 2806 641 641 2807 644 644 2808 653 653 2809 643 643 2810 654 654 2811 652 652 2812 635 635 2813 654 654 2814 635 635 2815 636 636 2816 655 655 2817 637 637 2818 646 646 2819 655 655 2820 582 584 2821 637 637 2822 603 603 2823 582 584 2824 655 655 2825 603 603 2826 584 582 2827 582 584 2828 603 603 2829 587 587 2830 584 582 2831 586 586 2832 637 637 2833 582 584 2834 608 608 2835 586 586 2836 605 605 2837 608 608 2838 631 631 2839 586 586 2840 629 629 2841 631 631 2842 608 608 2843 629 629 2844 608 608 2845 609 609 2846 627 627 2847 629 629 2848 609 609 2849 627 627 2850 609 609 2851 611 611 2852 625 625 2853 627 627 2854 611 611 2855 583 583 2856 605 605 2857 586 586 2858 658 656 2859 657 657 2860 656 658 2861 658 656 2862 659 659 2863 657 657 2864 660 660 2865 659 659 2866 658 656 2867 660 660 2868 661 661 2869 659 659 2870 662 662 2871 661 661 2872 660 660 2873 662 662 2874 660 660 2875 663 663 2876 664 664 2877 662 662 2878 663 663 2879 664 664 2880 663 663 2881 665 665 2882 665 665 2883 666 666 2884 664 664 2885 665 665 2886 667 667 2887 666 666 2888 667 667 2889 668 668 2890 666 666 2891 667 667 2892 669 669 2893 668 668 2894 599 599 2895 668 668 2896 669 669 2897 656 658 2898 657 657 2899 604 604 2900 595 595 2901 656 658 2902 604 604 2903 658 656 2904 597 597 2905 660 660 2906 663 663 2907 660 660 2908 597 597 2909 658 656 2910 596 596 2911 597 597 2912 656 658 2913 596 596 2914 658 656 2915 656 658 2916 595 595 2917 596 596 2918 663 663 2919 597 597 2920 598 598 2921 665 665 2922 663 663 2923 598 598 2924 665 665 2925 598 598 2926 592 592 2927 592 592 2928 667 667 2929 665 665 2930 592 592 2931 591 591 2932 667 667 2933 591 591 2934 669 669 2935 667 667 2936 591 591 2937 589 589 2938 669 669 2939 669 669 2940 588 588 2941 599 599 2942 669 669 2943 589 589 2944 588 588 2945 521 521 2946 670 670 2947 528 528 2948 521 521 2949 520 520 2950 670 670 2951 673 671 2952 672 672 2953 671 673 2954 673 671 2955 307 307 2956 672 672 2957 307 307 2958 674 674 2959 672 672 2960 307 307 2961 308 308 2962 674 674 2963 674 674 2964 308 308 2965 311 311 2966 675 675 2967 307 307 2968 673 671 2969 675 675 2970 306 306 2971 307 307 2972 676 676 2973 306 306 2974 675 675 2975 676 676 2976 309 309 2977 306 306 2978 320 320 2979 674 674 2980 311 311 2981</p>
        </triangles>
      </mesh>
    </geometry>
    <geometry id="pm0058_00_41_EarSkin-mesh" name="pm0058_00_41_EarSkin">
      <mesh>
        <source id="pm0058_00_41_EarSkin-mesh-positions">
          <float_array id="pm0058_00_41_EarSkin-mesh-positions-array" count="372">0.1207854 0.5853678 0.08110833 0.120458 0.5948624 0.08842617 0.1347237 0.5968806 0.06097608 0.1371773 0.6121786 0.0727573 0.1523254 0.6072201 0.04649817 0.1543098 0.6239538 0.05849403 0.1229442 0.571443 0.07380914 0.136678 0.5787023 0.05362141 0.1278094 0.5544257 0.07159948 0.1428934 0.5588443 0.05186963 0.132565 0.5411846 0.07413631 0.1514908 0.5414555 0.05754202 0.1614904 0.5637937 0.0359025 0.1710165 0.5458548 0.0402292 0.1680024 0.6255171 0.04702997 0.1745539 0.6161798 0.04020303 0.1554561 0.5865443 0.03725677 0.184915 0.5687668 0.02858352 0.181847 0.5938199 0.03127896 0.1841606 0.5546005 0.02951377 0.149546 0.5237221 0.05552107 0.1234586 0.5248224 0.07779186 0.1762402 0.5291216 0.03264987 0.1928151 0.5439112 0.01890134 0.1969153 0.5709344 0.01480168 0.1931858 0.5992366 0.01862907 0.1826522 0.6252112 0.02899247 0.1685945 0.6395726 0.04297459 0.1486976 0.6387838 0.06070405 0.1285195 0.6255311 0.07789564 0.1080386 0.6030074 0.09683912 0.1285195 0.6255311 0.07789564 0.1080386 0.6030074 0.09683912 0.1174071 0.6226849 0.06328058 0.09437489 0.5990936 0.08029925 0.1152858 0.6076446 0.04735624 0.09128558 0.5898382 0.06812345 0.1186661 0.5787327 0.03863918 0.09388595 0.5697056 0.0597192 0.1015712 0.546515 0.05752855 0.1268574 0.549124 0.03575223 0.1116286 0.5275384 0.06426954 0.1381463 0.5266737 0.04258906 0.1234586 0.5248224 0.07779186 0.149546 0.5237221 0.05552107 0.1642849 0.5309632 0.0203197 0.1762402 0.5291216 0.03264987 0.1928151 0.5439112 0.01890134 0.1818386 0.5457879 0.006098687 0.1556403 0.5562639 0.01213455 0.1860129 0.5720802 0.002605736 0.1969153 0.5709344 0.01480168 0.1477288 0.5898554 0.01432675 0.1826564 0.60019 0.007248342 0.1711359 0.6258931 0.01773482 0.1407085 0.6201565 0.02726066 0.1826522 0.6252112 0.02899247 0.1931858 0.5992366 0.01862907 0.1568818 0.6397858 0.03026503 0.1375529 0.6373243 0.04635977 0.1685945 0.6395726 0.04297459 0.1486976 0.6387838 0.06070405 -0.1207854 0.5853678 0.08110833 -0.1355061 0.5966193 0.06101542 -0.120458 0.5948624 0.08842617 -0.1371773 0.6121786 0.0727573 -0.152637 0.6069397 0.0468952 -0.1543098 0.6239538 0.05849403 -0.1229442 0.571443 0.07380914 -0.1374266 0.5788941 0.0537672 -0.1278094 0.5544257 0.07159948 -0.1435091 0.5592142 0.05206519 -0.1514908 0.5414555 0.05754202 -0.132565 0.5411846 0.07413631 -0.1616828 0.5639073 0.03633427 -0.1710165 0.5458548 0.0402292 -0.1680024 0.6255171 0.04702997 -0.1745539 0.6161798 0.04020303 -0.1555244 0.5864313 0.0380305 -0.184915 0.5687668 0.02858352 -0.181847 0.5938199 0.03127896 -0.1841606 0.5546005 0.02951377 -0.149546 0.5237221 0.05552107 -0.1234586 0.5248224 0.07779186 -0.1762402 0.5291216 0.03264987 -0.1928151 0.5439112 0.01890134 -0.1969153 0.5709344 0.01480168 -0.1931509 0.5990508 0.01928871 -0.1827005 0.6249501 0.02942967 -0.1685945 0.6395726 0.04297459 -0.1486976 0.6387838 0.06070405 -0.1287672 0.62496 0.07760554 -0.1080386 0.6030074 0.09683912 -0.1287672 0.62496 0.07760554 -0.1174071 0.6226849 0.06328058 -0.1080386 0.6030074 0.09683912 -0.09437489 0.5990936 0.08029925 -0.1155241 0.6082501 0.04741716 -0.09128558 0.5898382 0.06812345 -0.1183208 0.5787304 0.03872793 -0.09388595 0.5697056 0.0597192 -0.1015712 0.546515 0.05752855 -0.126932 0.5487001 0.03574943 -0.1116286 0.5275384 0.06426954 -0.1381463 0.5266737 0.04258906 -0.1234586 0.5248224 0.07779186 -0.149546 0.5237221 0.05552107 -0.1638404 0.5317594 0.02027499 -0.1762402 0.5291216 0.03264987 -0.1928151 0.5439112 0.01890134 -0.1818386 0.5457879 0.006098687 -0.1556403 0.5562639 0.01213455 -0.1860129 0.5720802 0.002605736 -0.1969153 0.5709344 0.01480168 -0.1486282 0.5898692 0.01460945 -0.1820352 0.6001024 0.006975591 -0.1706969 0.6257787 0.01750171 -0.1407085 0.6201565 0.02726066 -0.1827005 0.6249501 0.02942967 -0.1931509 0.5990508 0.01928871 -0.1568818 0.6397858 0.03026503 -0.1375529 0.6373243 0.04635977 -0.1685945 0.6395726 0.04297459 -0.1486976 0.6387838 0.06070405</float_array>
          <technique_common>
            <accessor source="#pm0058_00_41_EarSkin-mesh-positions-array" count="124" stride="3">
              <param name="X" type="float"/>
              <param name="Y" type="float"/>
              <param name="Z" type="float"/>
            </accessor>
          </technique_common>
        </source>
        <source id="pm0058_00_41_EarSkin-mesh-normals">
          <float_array id="pm0058_00_41_EarSkin-mesh-normals-array" count="372">0.7762272 -0.3121552 0.5477504 0.7360791 -0.08122301 0.6720048 0.8559304 -0.2097953 0.4726194 0.7311798 -0.1915256 0.6547474 0.5941325 -0.3616095 0.718502 0.6848167 -0.1732594 0.7078187 0.8291607 0.00255382 0.5590047 0.7413918 -0.006978809 0.6710362 0.7475084 0.2533542 0.6140382 0.6331849 0.3053184 0.7112367 0.6682012 0.06209439 0.7413849 0.6358513 0.1752514 0.7516517 0.4713149 0.2130913 0.8558354 0.6117704 0.129123 0.7804257 0.6470633 -0.09370249 0.7566564 0.5634556 -0.166672 0.8091591 0.4769113 -0.1097359 0.8720744 0.505707 7.22706e-7 0.8627053 0.5084621 -0.09028959 0.8563376 0.621777 0.02455914 0.7828093 0.3650908 -0.8634318 0.3481299 0.2421432 -0.915959 0.3199781 0.5676211 -0.7887604 0.2359306 0.8747982 -0.4830782 -0.03692632 0.9953845 -0.0068053 -0.09572684 0.9694119 0.24193 0.04135942 0.8513896 0.5237455 -0.02874922 0.5008073 0.8392287 0.2118662 0.1626653 0.8312808 0.5315186 -0.03883284 0.7249782 0.6876763 -0.2194324 0.7383219 0.6377541 -0.6991025 0.7099052 -0.08538371 -0.2194798 0.7382767 0.63779 -0.03880852 0.7249926 0.6876626 -0.6998914 0.7140768 -0.0156992 -0.7267349 0.3128196 -0.6115557 -0.7356268 0.3521867 -0.5786344 -0.6564607 0.02327251 -0.7540012 -0.6550574 0.03574746 -0.7547332 -0.6008086 -0.286209 -0.7464004 -0.5967597 -0.2734282 -0.754397 -0.4075148 -0.7732455 -0.4858221 -0.3816245 -0.7671203 -0.5156444 0.2421717 -0.9159554 0.3199667 0.3650654 -0.8634473 0.3481181 -0.2336016 -0.7184954 -0.6551296 0.5675812 -0.7887794 0.2359634 0.8748039 -0.4830716 -0.03687852 0.1068204 -0.4162976 -0.9029318 -0.4626647 -0.1847472 -0.8670697 0.07858544 0.0203647 -0.9966994 0.9953883 -0.006818592 -0.09568619 -0.4851718 0.09688621 -0.8690347 0.06095153 0.2827242 -0.9572628 -0.01778453 0.4918413 -0.8705033 -0.5584198 0.3336547 -0.7595011 0.8514061 0.5237187 -0.02874612 0.9694153 0.2419185 0.04134547 -0.1746522 0.816736 -0.5499446 -0.5396508 0.7951017 -0.2767496 0.5007836 0.8392361 0.211893 0.1626505 0.8312873 0.5315133 -0.7315672 -0.07790797 0.6773033 -0.7718018 -0.3019296 0.5596075 -0.8417139 -0.2236892 0.4914073 -0.727858 -0.1782217 0.662163 -0.5999174 -0.3476224 0.7205955 -0.6829366 -0.1605846 0.712608 -0.814514 -0.006322264 0.5801096 -0.7347181 -0.01074069 0.6782876 -0.7046929 0.2819796 0.6510726 -0.6393887 0.3024179 0.7069126 -0.6501495 0.1467241 0.745505 -0.6511949 0.008188486 0.7588664 -0.4817528 0.2015886 0.8528049 -0.6149405 0.1188313 0.7795687 -0.6466443 -0.08517491 0.7580214 -0.5655302 -0.164342 0.8081877 -0.4865969 -0.107382 0.8670021 -0.5171062 -5.85029e-4 0.8559211 -0.5107455 -0.09187489 0.8548089 -0.6262 0.0208429 0.7793839 -0.3672494 -0.8653727 0.3409665 -0.2421435 -0.915959 0.3199778 -0.5527435 -0.8068555 0.2084677 -0.8700028 -0.4914569 -0.03956627 -0.9948153 -0.002900063 -0.101657 -0.9688723 0.2462289 0.02565002 -0.8484856 0.5272054 -0.04611581 -0.5003771 0.8414282 0.2040133 -0.1507822 0.8321316 0.5336872 0.03007495 0.7244848 0.6886345 0.217425 0.7425929 0.6334685 0.2174297 0.7426105 0.6334462 0.6908534 0.7194224 -0.07178485 0.03003662 0.7244979 0.6886224 0.6995596 0.7144611 -0.01271861 0.7268899 0.3177459 -0.6088258 0.7374634 0.3518439 -0.5765012 0.6523533 0.02543723 -0.757488 0.6584454 0.03395676 -0.7518622 0.6036209 -0.2863097 -0.7440891 0.5949602 -0.2806856 -0.7531521 0.4069955 -0.7757935 -0.4821817 0.3716993 -0.7731235 -0.5139259 -0.2421715 -0.9159554 0.319967 -0.3672561 -0.8653686 0.3409696 0.2365058 -0.7155924 -0.6572615 -0.5527405 -0.806859 0.208462 -0.8700047 -0.4914522 -0.03958177 -0.1084141 -0.422975 -0.8996325 0.4621917 -0.1751102 -0.8693188 -0.08196049 0.02208364 -0.9963909 -0.9948173 -0.002915441 -0.1016373 0.4846813 0.09303051 -0.8697296 -0.06819438 0.281073 -0.9572604 0.01320421 0.4923483 -0.8702982 0.5588958 0.3243511 -0.7631723 -0.8485096 0.527167 -0.04611492 -0.9688771 0.2462115 0.02563101 0.1736868 0.819608 -0.5459631 0.538993 0.7975119 -0.2710379 -0.5003483 0.8414399 0.2040355 -0.150819 0.8321538 0.5336419</float_array>
          <technique_common>
            <accessor source="#pm0058_00_41_EarSkin-mesh-normals-array" count="124" stride="3">
              <param name="X" type="float"/>
              <param name="Y" type="float"/>
              <param name="Z" type="float"/>
            </accessor>
          </technique_common>
        </source>
        <source id="pm0058_00_41_EarSkin-mesh-map-0">
          <float_array id="pm0058_00_41_EarSkin-mesh-map-0-array" count="1056">0.6663735 0.1322686 0.6595564 0.1150554 0.6669666 0.1162391 0.6663735 0.1322686 0.6550891 0.1315067 0.6595564 0.1150554 0.6653787 0.1457599 0.6550891 0.1315067 0.6663735 0.1322686 0.6653787 0.1457599 0.6540239 0.1463444 0.6550891 0.1315067 0.6766929 0.1174951 0.6663735 0.1322686 0.6669666 0.1162391 0.6766929 0.1174951 0.6771062 0.1324699 0.6663735 0.1322686 0.6875515 0.1174563 0.6771062 0.1324699 0.6766929 0.1174951 0.6875515 0.1174563 0.6885905 0.1322957 0.6771062 0.1324699 0.6960976 0.1162087 0.6885905 0.1322957 0.6875515 0.1174563 0.6960976 0.1162087 0.7000361 0.1306535 0.6885905 0.1322957 0.7000361 0.1306535 0.6897702 0.1458129 0.6885905 0.1322957 0.7000361 0.1306535 0.7013072 0.1459927 0.6897702 0.1458129 0.6571573 0.1559215 0.6540239 0.1463444 0.6653787 0.1457599 0.6571573 0.1559215 0.6653787 0.1457599 0.6637559 0.1590226 0.6772925 0.1460118 0.6637559 0.1590226 0.6653787 0.1457599 0.6772925 0.1460118 0.6663735 0.1322686 0.6771062 0.1324699 0.6772925 0.1460118 0.6653787 0.1457599 0.6663735 0.1322686 0.6772925 0.1460118 0.6885905 0.1322957 0.6897702 0.1458129 0.6772925 0.1460118 0.6771062 0.1324699 0.6885905 0.1322957 0.6911005 0.1594368 0.6772925 0.1460118 0.6897702 0.1458129 0.6911005 0.1594368 0.6772609 0.1611176 0.6772925 0.1460118 0.6772925 0.1460118 0.6772609 0.1611176 0.6637559 0.1590226 0.6986324 0.156641 0.6897702 0.1458129 0.7013072 0.1459927 0.6986324 0.156641 0.6911005 0.1594368 0.6897702 0.1458129 0.7102701 0.1279204 0.7000361 0.1306535 0.6960976 0.1162087 0.7013072 0.1459927 0.7000361 0.1306535 0.7102701 0.1279204 0.7102701 0.1279204 0.6960976 0.1162087 0.7042928 0.1082465 0.7013072 0.1459927 0.7102701 0.1279204 0.7120582 0.148801 0.6986324 0.156641 0.7013072 0.1459927 0.7120582 0.148801 0.6986324 0.156641 0.7120582 0.148801 0.7064233 0.1627782 0.6925774 0.1694576 0.6986324 0.156641 0.7064233 0.1627782 0.6925774 0.1694576 0.6911005 0.1594368 0.6986324 0.156641 0.6772609 0.1611176 0.6911005 0.1594368 0.6925774 0.1694576 0.6772609 0.1611176 0.6925774 0.1694576 0.6771753 0.1704154 0.6617696 0.1674375 0.6772609 0.1611176 0.6771753 0.1704154 0.6617696 0.1674375 0.6637559 0.1590226 0.6772609 0.1611176 0.6617696 0.1674375 0.6571573 0.1559215 0.6637559 0.1590226 0.6617696 0.1674375 0.6506028 0.1605788 0.6571573 0.1559215 0.6506028 0.1605788 0.6540239 0.1463444 0.6571573 0.1559215 0.6506028 0.1605788 0.6449963 0.1469107 0.6540239 0.1463444 0.6449963 0.1469107 0.6550891 0.1315067 0.6540239 0.1463444 0.6449963 0.1469107 0.6455262 0.1302092 0.6550891 0.1315067 0.6595564 0.1150554 0.6550891 0.1315067 0.6455262 0.1302092 0.6595564 0.1150554 0.6455262 0.1302092 0.6511282 0.108552 0.6925796 0.6414853 0.7006341 0.6189138 0.7036153 0.640976 0.6925796 0.6414853 0.6871072 0.6199055 0.7006341 0.6189138 0.6804364 0.6426744 0.6871072 0.6199055 0.6925796 0.6414853 0.6804364 0.6426744 0.6774243 0.6210838 0.6871072 0.6199055 0.6629642 0.6412211 0.6774243 0.6210838 0.6804364 0.6426744 0.6629642 0.6412211 0.6635903 0.6211109 0.6774243 0.6210838 0.6629642 0.6412211 0.6479372 0.6215584 0.6635903 0.6211109 0.6629642 0.6412211 0.6449628 0.6417649 0.6479372 0.6215584 0.6449628 0.6417649 0.6333077 0.6210948 0.6479372 0.6215584 0.6449628 0.6417649 0.629926 0.6421607 0.6333077 0.6210948 0.6215072 0.619853 0.6333077 0.6210948 0.629926 0.6421607 0.6215072 0.619853 0.629926 0.6421607 0.6190831 0.6420616 0.6190831 0.6420616 0.629926 0.6421607 0.6309548 0.6615686 0.6309548 0.6615686 0.629926 0.6421607 0.6449628 0.6417649 0.6190831 0.6420616 0.6309548 0.6615686 0.6212218 0.6646405 0.6293568 0.6798154 0.6212218 0.6646405 0.6309548 0.6615686 0.6293568 0.6798154 0.6309548 0.6615686 0.6365974 0.6740319 0.6450883 0.6624413 0.6365974 0.6740319 0.6309548 0.6615686 0.6309548 0.6615686 0.6449628 0.6417649 0.6450883 0.6624413 0.6450883 0.6624413 0.6486626 0.6803568 0.6365974 0.6740319 0.6451993 0.689177 0.6365974 0.6740319 0.6486626 0.6803568 0.6451993 0.689177 0.6293568 0.6798154 0.6365974 0.6740319 0.6486626 0.6803568 0.6450883 0.6624413 0.662932 0.6630177 0.662932 0.6630177 0.6449628 0.6417649 0.6629642 0.6412211 0.662932 0.6630177 0.6450883 0.6624413 0.6449628 0.6417649 0.6486626 0.6803568 0.662932 0.6630177 0.6639938 0.6817584 0.6796317 0.6774113 0.6639938 0.6817584 0.662932 0.6630177 0.6796317 0.6774113 0.662932 0.6630177 0.6802116 0.6610054 0.6836307 0.6863495 0.6639938 0.6817584 0.6796317 0.6774113 0.6836307 0.6863495 0.6644182 0.6916232 0.6639938 0.6817584 0.6644182 0.6916232 0.6486626 0.6803568 0.6639938 0.6817584 0.6644182 0.6916232 0.6451993 0.689177 0.6486626 0.6803568 0.6802116 0.6610054 0.6889687 0.6701202 0.6796317 0.6774113 0.6802116 0.6610054 0.6931321 0.658004 0.6889687 0.6701202 0.6965903 0.6758399 0.6889687 0.6701202 0.6931321 0.658004 0.6796317 0.6774113 0.6965903 0.6758399 0.6836307 0.6863495 0.6796317 0.6774113 0.6889687 0.6701202 0.6965903 0.6758399 0.6965903 0.6758399 0.6931321 0.658004 0.7033436 0.6597627 0.6802116 0.6610054 0.662932 0.6630177 0.6629642 0.6412211 0.6802116 0.6610054 0.6629642 0.6412211 0.6804364 0.6426744 0.6931321 0.658004 0.6802116 0.6610054 0.6804364 0.6426744 0.6931321 0.658004 0.6804364 0.6426744 0.6925796 0.6414853 0.7036153 0.640976 0.6931321 0.658004 0.6925796 0.6414853 0.7036153 0.640976 0.7033436 0.6597627 0.6931321 0.658004 0.3404436 0.1150554 0.3336265 0.1322686 0.3330335 0.1162391 0.3404436 0.1150554 0.3449109 0.1315067 0.3336265 0.1322686 0.3449109 0.1315067 0.3346213 0.1457598 0.3336265 0.1322686 0.3449109 0.1315067 0.3459761 0.1463443 0.3346213 0.1457598 0.3336265 0.1322686 0.3233072 0.1174951 0.3330335 0.1162391 0.3336265 0.1322686 0.3228939 0.1324699 0.3233072 0.1174951 0.3228939 0.1324699 0.3124485 0.1174563 0.3233072 0.1174951 0.3228939 0.1324699 0.3114095 0.1322957 0.3124485 0.1174563 0.299964 0.1306535 0.3124485 0.1174563 0.3114095 0.1322957 0.299964 0.1306535 0.3039024 0.1162087 0.3124485 0.1174563 0.299964 0.1306535 0.3114095 0.1322957 0.3102298 0.1458128 0.299964 0.1306535 0.3102298 0.1458128 0.2986928 0.1459926 0.3428427 0.1559215 0.3346213 0.1457598 0.3459761 0.1463443 0.3428427 0.1559215 0.3362441 0.1590226 0.3346213 0.1457598 0.3362441 0.1590226 0.3227075 0.1460117 0.3346213 0.1457598 0.3336265 0.1322686 0.3227075 0.1460117 0.3228939 0.1324699 0.3336265 0.1322686 0.3346213 0.1457598 0.3227075 0.1460117 0.3227075 0.1460117 0.3114095 0.1322957 0.3228939 0.1324699 0.3227075 0.1460117 0.3102298 0.1458128 0.3114095 0.1322957 0.3088995 0.1594368 0.3102298 0.1458128 0.3227075 0.1460117 0.3088995 0.1594368 0.3227075 0.1460117 0.3227391 0.1611176 0.3362441 0.1590226 0.3227391 0.1611176 0.3227075 0.1460117 0.3013677 0.156641 0.3102298 0.1458128 0.3088995 0.1594368 0.3013677 0.156641 0.2986928 0.1459926 0.3102298 0.1458128 0.3039024 0.1162087 0.299964 0.1306535 0.2897298 0.1279204 0.2986928 0.1459926 0.2897298 0.1279204 0.299964 0.1306535 0.3039024 0.1162087 0.2897298 0.1279204 0.2957072 0.1082465 0.2986928 0.1459926 0.2879417 0.1488009 0.2897298 0.1279204 0.3013677 0.156641 0.2879417 0.1488009 0.2986928 0.1459926 0.3013677 0.156641 0.2935767 0.1627782 0.2879417 0.1488009 0.3013677 0.156641 0.3074226 0.1694576 0.2935767 0.1627782 0.3013677 0.156641 0.3088995 0.1594368 0.3074226 0.1694576 0.3074226 0.1694576 0.3088995 0.1594368 0.3227391 0.1611176 0.3074226 0.1694576 0.3227391 0.1611176 0.3228247 0.1704152 0.3382304 0.1674375 0.3227391 0.1611176 0.3362441 0.1590226 0.3382304 0.1674375 0.3228247 0.1704152 0.3227391 0.1611176 0.3382304 0.1674375 0.3362441 0.1590226 0.3428427 0.1559215 0.3382304 0.1674375 0.3428427 0.1559215 0.3493972 0.1605788 0.3493972 0.1605788 0.3428427 0.1559215 0.3459761 0.1463443 0.3493972 0.1605788 0.3459761 0.1463443 0.3550037 0.1469106 0.3550037 0.1469106 0.3459761 0.1463443 0.3449109 0.1315067 0.3550037 0.1469106 0.3449109 0.1315067 0.3544738 0.1302092 0.3544738 0.1302092 0.3449109 0.1315067 0.3404436 0.1150554 0.3544738 0.1302092 0.3404436 0.1150554 0.3488718 0.108552 0.2993658 0.6189138 0.3074203 0.6414853 0.2963846 0.6409758 0.2993658 0.6189138 0.3128927 0.6199054 0.3074203 0.6414853 0.3195636 0.6426743 0.3074203 0.6414853 0.3128927 0.6199054 0.3195636 0.6426743 0.3128927 0.6199054 0.3225756 0.6210838 0.3370357 0.6412211 0.3195636 0.6426743 0.3225756 0.6210838 0.3370357 0.6412211 0.3225756 0.6210838 0.3364096 0.6211109 0.3520628 0.6215586 0.3370357 0.6412211 0.3364096 0.6211109 0.3520628 0.6215586 0.3550372 0.6417649 0.3370357 0.6412211 0.3666923 0.6210949 0.3550372 0.6417649 0.3520628 0.6215586 0.3666923 0.6210949 0.370074 0.6421605 0.3550372 0.6417649 0.3784928 0.6198529 0.370074 0.6421605 0.3666923 0.6210949 0.3784928 0.6198529 0.3809169 0.6420615 0.370074 0.6421605 0.3690452 0.6615686 0.370074 0.6421605 0.3809169 0.6420615 0.3690452 0.6615686 0.3550372 0.6417649 0.370074 0.6421605 0.3690452 0.6615686 0.3809169 0.6420615 0.3787782 0.6646405 0.3690452 0.6615686 0.3787782 0.6646405 0.3706432 0.6798154 0.3690452 0.6615686 0.3706432 0.6798154 0.3634026 0.6740319 0.3634026 0.6740319 0.3549116 0.6624413 0.3690452 0.6615686 0.3690452 0.6615686 0.3549116 0.6624413 0.3550372 0.6417649 0.3549116 0.6624413 0.3370357 0.6412211 0.3550372 0.6417649 0.3634026 0.6740319 0.3513374 0.6803568 0.3549116 0.6624413 0.3634026 0.6740319 0.3548007 0.689177 0.3513374 0.6803568 0.3634026 0.6740319 0.3706432 0.6798154 0.3548007 0.689177 0.3513374 0.6803568 0.3370679 0.6630177 0.3549116 0.6624413 0.3549116 0.6624413 0.3370679 0.6630177 0.3370357 0.6412211 0.3513374 0.6803568 0.3360061 0.6817584 0.3370679 0.6630177 0.3370679 0.6630177 0.3360061 0.6817584 0.3203683 0.6774113 0.3370679 0.6630177 0.3203683 0.6774113 0.3197884 0.6610054 0.3360061 0.6817584 0.3163692 0.6863495 0.3203683 0.6774113 0.3360061 0.6817584 0.3355818 0.6916232 0.3163692 0.6863495 0.3513374 0.6803568 0.3355818 0.6916232 0.3360061 0.6817584 0.3513374 0.6803568 0.3548007 0.689177 0.3355818 0.6916232 0.3197884 0.6610054 0.3203683 0.6774113 0.3110313 0.6701202 0.3197884 0.6610054 0.3110313 0.6701202 0.3068679 0.658004 0.3068679 0.658004 0.3110313 0.6701202 0.3034096 0.6758399 0.3203683 0.6774113 0.3034096 0.6758399 0.3110313 0.6701202 0.3203683 0.6774113 0.3163692 0.6863495 0.3034096 0.6758399 0.3068679 0.658004 0.3034096 0.6758399 0.2966563 0.6597627 0.3370357 0.6412211 0.3370679 0.6630177 0.3197884 0.6610054 0.3370357 0.6412211 0.3197884 0.6610054 0.3195636 0.6426743 0.3195636 0.6426743 0.3197884 0.6610054 0.3068679 0.658004 0.3195636 0.6426743 0.3068679 0.658004 0.3074203 0.6414853 0.2963846 0.6409758 0.3068679 0.658004 0.2966563 0.6597627 0.2963846 0.6409758 0.3074203 0.6414853 0.3068679 0.658004</float_array>
          <technique_common>
            <accessor source="#pm0058_00_41_EarSkin-mesh-map-0-array" count="528" stride="2">
              <param name="S" type="float"/>
              <param name="T" type="float"/>
            </accessor>
          </technique_common>
        </source>
        <vertices id="pm0058_00_41_EarSkin-mesh-vertices">
          <input semantic="POSITION" source="#pm0058_00_41_EarSkin-mesh-positions"/>
        </vertices>
        <triangles material="pm0058_00_41-Body00-material" count="176">
          <input semantic="VERTEX" source="#pm0058_00_41_EarSkin-mesh-vertices" offset="0"/>
          <input semantic="NORMAL" source="#pm0058_00_41_EarSkin-mesh-normals" offset="1"/>
          <input semantic="TEXCOORD" source="#pm0058_00_41_EarSkin-mesh-map-0" offset="2" set="0"/>
          <p>2 0 0 1 1 1 0 2 2 2 0 3 3 3 4 1 1 5 4 4 6 3 3 7 2 0 8 4 4 9 5 5 10 3 3 11 6 6 12 2 0 13 0 2 14 6 6 15 7 7 16 2 0 17 8 8 18 7 7 19 6 6 20 8 8 21 9 9 22 7 7 23 10 10 24 9 9 25 8 8 26 10 10 27 11 11 28 9 9 29 11 11 30 12 12 31 9 9 32 11 11 33 13 13 34 12 12 35 14 14 36 5 5 37 4 4 38 14 14 39 4 4 40 15 15 41 16 16 42 15 15 43 4 4 44 16 16 45 2 0 46 7 7 47 16 16 48 4 4 49 2 0 50 16 16 51 9 9 52 12 12 53 16 16 54 7 7 55 9 9 56 17 17 57 16 16 58 12 12 59 17 17 60 18 18 61 16 16 62 16 16 63 18 18 64 15 15 65 19 19 66 12 12 67 13 13 68 19 19 69 17 17 70 12 12 71 20 20 72 11 11 73 10 10 74 13 13 75 11 11 76 20 20 77 20 20 78 10 10 79 21 21 80 13 13 81 20 20 82 22 22 83 19 19 84 13 13 85 22 22 86 19 19 87 22 22 88 23 23 89 24 24 90 19 19 91 23 23 92 24 24 93 17 17 94 19 19 95 18 18 96 17 17 97 24 24 98 18 18 99 24 24 100 25 25 101 26 26 102 18 18 103 25 25 104 26 26 105 15 15 106 18 18 107 26 26 108 14 14 109 15 15 110 26 26 111 27 27 112 14 14 113 27 27 114 5 5 115 14 14 116 27 27 117 28 28 118 5 5 119 28 28 120 3 3 121 5 5 122 28 28 123 29 29 124 3 3 125 1 1 126 3 3 127 29 29 128 1 1 129 29 29 130 30 30 131 33 31 132 32 32 133 31 33 134 33 31 135 34 34 136 32 32 137 35 35 138 34 34 139 33 31 140 35 35 141 36 36 142 34 34 143 37 37 144 36 36 145 35 35 146 37 37 147 38 38 148 36 36 149 37 37 150 39 39 151 38 38 152 37 37 153 40 40 154 39 39 155 40 40 156 41 41 157 39 39 158 40 40 159 42 42 160 41 41 161 43 43 162 41 41 163 42 42 164 43 43 165 42 42 166 44 44 167 44 44 168 42 42 169 45 45 170 45 45 171 42 42 172 40 40 173 44 44 174 45 45 175 46 46 176 47 47 177 46 46 178 45 45 179 47 47 180 45 45 181 48 48 182 49 49 183 48 48 184 45 45 185 45 45 186 40 40 187 49 49 188 49 49 189 50 50 190 48 48 191 51 51 192 48 48 193 50 50 194 51 51 195 47 47 196 48 48 197 50 50 198 49 49 199 52 52 200 52 52 201 40 40 202 37 37 203 52 52 204 49 49 205 40 40 206 50 50 207 52 52 208 53 53 209 54 54 210 53 53 211 52 52 212 54 54 213 52 52 214 55 55 215 56 56 216 53 53 217 54 54 218 56 56 219 57 57 220 53 53 221 57 57 222 50 50 223 53 53 224 57 57 225 51 51 226 50 50 227 55 55 228 58 58 229 54 54 230 55 55 231 59 59 232 58 58 233 60 60 234 58 58 235 59 59 236 54 54 237 60 60 238 56 56 239 54 54 240 58 58 241 60 60 242 60 60 243 59 59 244 61 61 245 55 55 246 52 52 247 37 37 248 55 55 249 37 37 250 35 35 251 59 59 252 55 55 253 35 35 254 59 59 255 35 35 256 33 31 257 31 33 258 59 59 259 33 31 260 31 33 261 61 61 262 59 59 263 64 62 264 63 63 265 62 64 266 64 62 267 65 65 268 63 63 269 65 65 270 66 66 271 63 63 272 65 65 273 67 67 274 66 66 275 63 63 276 68 68 277 62 64 278 63 63 279 69 69 280 68 68 281 69 69 282 70 70 283 68 68 284 69 69 285 71 71 286 70 70 287 72 72 288 70 70 289 71 71 290 72 72 291 73 73 292 70 70 293 72 72 294 71 71 295 74 74 296 72 72 297 74 74 298 75 75 299 76 76 300 66 66 301 67 67 302 76 76 303 77 77 304 66 66 305 77 77 306 78 78 307 66 66 308 63 63 309 78 78 310 69 69 311 63 63 312 66 66 313 78 78 314 78 78 315 71 71 316 69 69 317 78 78 318 74 74 319 71 71 320 79 79 321 74 74 322 78 78 323 79 79 324 78 78 325 80 80 326 77 77 327 80 80 328 78 78 329 81 81 330 74 74 331 79 79 332 81 81 333 75 75 334 74 74 335 73 73 336 72 72 337 82 82 338 75 75 339 82 82 340 72 72 341 73 73 342 82 82 343 83 83 344 75 75 345 84 84 346 82 82 347 81 81 348 84 84 349 75 75 350 81 81 351 85 85 352 84 84 353 81 81 354 86 86 355 85 85 356 81 81 357 79 79 358 86 86 359 86 86 360 79 79 361 80 80 362 86 86 363 80 80 364 87 87 365 88 88 366 80 80 367 77 77 368 88 88 369 87 87 370 80 80 371 88 88 372 77 77 373 76 76 374 88 88 375 76 76 376 89 89 377 89 89 378 76 76 379 67 67 380 89 89 381 67 67 382 90 90 383 90 90 384 67 67 385 65 65 386 90 90 387 65 65 388 91 91 389 91 91 390 65 65 391 64 62 392 91 91 393 64 62 394 92 92 395 95 93 396 94 94 397 93 95 398 95 93 399 96 96 400 94 94 401 97 97 402 94 94 403 96 96 404 97 97 405 96 96 406 98 98 407 99 99 408 97 97 409 98 98 410 99 99 411 98 98 412 100 100 413 101 101 414 99 99 415 100 100 416 101 101 417 102 102 418 99 99 419 103 103 420 102 102 421 101 101 422 103 103 423 104 104 424 102 102 425 105 105 426 104 104 427 103 103 428 105 105 429 106 106 430 104 104 431 107 107 432 104 104 433 106 106 434 107 107 435 102 102 436 104 104 437 107 107 438 106 106 439 108 108 440 107 107 441 108 108 442 109 109 443 107 107 444 109 109 445 110 110 446 110 110 447 111 111 448 107 107 449 107 107 450 111 111 451 102 102 452 111 111 453 99 99 454 102 102 455 110 110 456 112 112 457 111 111 458 110 110 459 113 113 460 112 112 461 110 110 462 109 109 463 113 113 464 112 112 465 114 114 466 111 111 467 111 111 468 114 114 469 99 99 470 112 112 471 115 115 472 114 114 473 114 114 474 115 115 475 116 116 476 114 114 477 116 116 478 117 117 479 115 115 480 118 118 481 116 116 482 115 115 483 119 119 484 118 118 485 112 112 486 119 119 487 115 115 488 112 112 489 113 113 490 119 119 491 117 117 492 116 116 493 120 120 494 117 117 495 120 120 496 121 121 497 121 121 498 120 120 499 122 122 500 116 116 501 122 122 502 120 120 503 116 116 504 118 118 505 122 122 506 121 121 507 122 122 508 123 123 509 99 99 510 114 114 511 117 117 512 99 99 513 117 117 514 97 97 515 97 97 516 117 117 517 121 121 518 97 97 519 121 121 520 94 94 521 93 95 522 121 121 523 123 123 524 93 95 525 94 94 526 121 121 527</p>
        </triangles>
      </mesh>
    </geometry>
    <geometry id="pm0058_00_41_TongueSkin-mesh" name="pm0058_00_41_TongueSkin">
      <mesh>
        <source id="pm0058_00_41_TongueSkin-mesh-positions">
          <float_array id="pm0058_00_41_TongueSkin-mesh-positions-array" count="216">-0.03173339 0.4501684 0.2150173 -0.03517973 0.4556989 0.2206546 0 0.4502331 0.2291595 0 0.4556931 0.2363876 0 0.4471137 0.1784005 -0.04907739 0.4505687 0.1784005 -0.05529236 0.455602 0.1784005 0 0.4471232 0.1361444 -0.049129 0.450398 0.1362369 -0.03528916 0.4519115 0.1035739 0 0.4506108 0.09596651 0 0.4556875 0.09413063 -0.04070061 0.4556905 0.1054329 -0.05596286 0.455554 0.1376023 0.03173339 0.4501684 0.2150173 0 0.4502331 0.2291595 0.03517973 0.4556989 0.2206546 0 0.4556931 0.2363876 0 0.4471137 0.1784005 0.04907739 0.4505686 0.1784005 0.05529236 0.455602 0.1784005 0.049129 0.450398 0.1362369 0 0.4471232 0.1361444 0.03528916 0.4519115 0.1035739 0 0.4506108 0.09596651 0 0.4556875 0.09413063 0.04070061 0.4556905 0.1054329 0.05596292 0.455554 0.1376023 0 0.4710116 0.09750819 0.01292651 0.4739746 0.0994988 0 0.4748536 0.1362403 0.01549994 0.4774466 0.1362312 0 0.4637518 0.09390783 0 0.4746626 0.1784005 0.03466027 0.4745557 0.1784005 0.0242564 0.4708739 0.213312 0.03385668 0.4631209 0.2193805 0 0.4629709 0.2344366 0.03517973 0.4556989 0.2206546 0 0.4556931 0.2363876 0.05323237 0.4636036 0.1784005 0.05529236 0.455602 0.1784005 0.0539779 0.4637432 0.1380589 0.05596292 0.455554 0.1376023 0.04070061 0.4556905 0.1054329 0.04039639 0.4638938 0.1055909 0 0.4556875 0.09413063 0.03477501 0.4750729 0.1362199 0.02881973 0.4720672 0.1019464 0 0.4698988 0.2238078 0 0.4637518 0.09390783 0 0.4710116 0.09750819 -0.01292651 0.4739746 0.09949886 0 0.4748536 0.1362403 -0.01549994 0.4774466 0.1362312 0 0.4746626 0.1784005 -0.04039639 0.4638937 0.1055909 0 0.4556875 0.09413063 -0.04070061 0.4556905 0.1054329 -0.0539779 0.4637432 0.1380589 -0.03477501 0.4750728 0.1362199 -0.02881973 0.4720672 0.1019464 -0.03466027 0.4745556 0.1784005 -0.05323237 0.4636036 0.1784005 -0.03385668 0.4631209 0.2193805 -0.0242564 0.4708739 0.213312 -0.03517973 0.4556989 0.2206546 0 0.4629709 0.2344366 0 0.4556931 0.2363876 -0.05529236 0.455602 0.1784005 -0.05596286 0.455554 0.1376023 0 0.4698988 0.2238078</float_array>
          <technique_common>
            <accessor source="#pm0058_00_41_TongueSkin-mesh-positions-array" count="72" stride="3">
              <param name="X" type="float"/>
              <param name="Y" type="float"/>
              <param name="Z" type="float"/>
            </accessor>
          </technique_common>
        </source>
        <source id="pm0058_00_41_TongueSkin-mesh-normals">
          <float_array id="pm0058_00_41_TongueSkin-mesh-normals-array" count="216">-1.3411e-6 -0.9798517 0.199727 -0.6860705 -0.2872878 0.6684108 -0.1530062 -0.9791986 0.1332635 3.63439e-5 -0.330326 0.9438669 -5.87709e-4 -0.9998365 0.0180816 -0.1678557 -0.9851749 0.03542613 -0.9415499 -0.2583069 0.2162435 -5.82956e-4 -0.9994404 -0.03344565 -0.1621081 -0.9856641 -0.04676717 -0.1252112 -0.9706589 -0.2052886 -1.17272e-5 -0.9758458 -0.2184606 -9.53674e-6 -0.1257051 -0.9920676 -0.6715603 -0.2196899 -0.7076321 -0.9372089 -0.3046101 -0.1698598 0.68607 -0.2872889 0.6684109 9.23872e-7 -0.9798517 0.1997262 0.1530051 -0.9791987 0.1332649 -3.63737e-5 -0.3303282 0.9438663 -5.95253e-4 -0.9998364 0.01807951 0.1689468 -0.9849507 0.03645819 0.9415512 -0.2583027 0.2162436 0.163152 -0.9854423 -0.04780185 -5.36166e-4 -0.9994404 -0.03344637 0.1252588 -0.9706581 -0.2052636 1.01253e-5 -0.9758447 -0.2184655 6.38701e-6 -0.125699 -0.9920685 0.6715601 -0.2196853 -0.7076336 0.9372093 -0.3046078 -0.1698614 9.53674e-7 0.999307 -0.03722387 0.08067262 0.8572744 -0.5085003 9.67085e-6 0.9557949 -0.2940341 -0.005348622 0.9998033 -0.01910209 -2.39462e-5 0.08491116 -0.9963886 -1.69808e-5 0.9966712 0.08152639 0.2399333 0.9650627 0.1052902 0.1640722 0.9577048 0.2363934 0.5769952 0.6237196 0.5273048 6.58631e-6 0.5689871 0.8223465 0.6860697 -0.2872911 0.6684103 8.40798e-6 -0.3303467 0.9438598 0.6865639 0.7078231 0.1661826 0.9415547 -0.2582903 0.2162431 0.6924864 0.7128484 -0.1109489 0.9372001 -0.3046461 -0.1698434 0.6715711 -0.2197242 -0.7076111 0.6533557 0.5088797 -0.5605068 1.55866e-5 -0.1257153 -0.9920664 0.3419816 0.9374172 -0.0655567 0.3214688 0.8978629 -0.3008326 -6.69062e-6 0.9682533 0.2499716 -0.08067202 0.8572754 -0.5084989 -9.14931e-6 0.9557952 -0.2940334 2.57194e-5 0.08491128 -0.9963886 -9.53674e-7 0.999307 -0.0372225 0.005347728 0.9998033 -0.0191009 1.57459e-5 0.9966713 0.0815261 -0.6533504 0.5088819 -0.5605111 -1.29757e-5 -0.1257151 -0.9920665 -0.6715714 -0.219724 -0.7076109 -0.6924839 0.71285 -0.110955 -0.3419823 0.9374169 -0.06555634 -0.3215397 0.8978447 -0.3008107 -0.239933 0.9650628 0.1052899 -0.6865645 0.7078239 0.1661766 -0.576996 0.6237189 0.527305 -0.1640728 0.9577049 0.236393 -0.6860696 -0.2872928 0.6684097 -6.67572e-6 0.5689864 0.8223471 -9.77516e-6 -0.3303459 0.9438599 -0.9415541 -0.2582911 0.2162447 -0.9372003 -0.3046451 -0.1698442 7.33137e-6 0.9682527 0.2499735</float_array>
          <technique_common>
            <accessor source="#pm0058_00_41_TongueSkin-mesh-normals-array" count="72" stride="3">
              <param name="X" type="float"/>
              <param name="Y" type="float"/>
              <param name="Z" type="float"/>
            </accessor>
          </technique_common>
        </source>
        <source id="pm0058_00_41_TongueSkin-mesh-map-0">
          <float_array id="pm0058_00_41_TongueSkin-mesh-map-0-array" count="552">0.09473222 0.6901644 0.08929991 0.713046 0.08513814 0.709921 0.09473222 0.6901644 0.09911507 0.6901644 0.08929991 0.713046 0.06289768 0.6901644 0.09473222 0.6901644 0.08513814 0.709921 0.06289768 0.6901644 0.08513814 0.709921 0.06293684 0.7211124 0.08513814 0.709921 0.06327056 0.7263079 0.06293684 0.7211124 0.08513814 0.709921 0.08929991 0.713046 0.06327056 0.7263079 0.06293684 0.7211124 0.03710603 0.6901646 0.06289768 0.6901644 0.06293684 0.7211124 0.0367189 0.7203078 0.03710603 0.6901646 0.03710603 0.6901646 0.0367189 0.7203078 0.0178762 0.710068 0.03710603 0.6901646 0.0178762 0.710068 0.01285588 0.6901644 0.009585142 0.6901645 0.01285588 0.6901644 0.0178762 0.710068 0.009585142 0.6901645 0.0178762 0.710068 0.01740223 0.7138381 0.0367189 0.7203078 0.01740223 0.7138381 0.0178762 0.710068 0.0367189 0.7203078 0.03708612 0.7259877 0.01740223 0.7138381 0.03708612 0.7259877 0.06293684 0.7211124 0.06327056 0.7263079 0.03708612 0.7259877 0.0367189 0.7203078 0.06293684 0.7211124 0.9107001 0.713046 0.9052678 0.6901644 0.9148619 0.709921 0.9107001 0.713046 0.9008849 0.6901644 0.9052678 0.6901644 0.9148619 0.709921 0.9052678 0.6901644 0.9371023 0.6901644 0.9148619 0.709921 0.9371023 0.6901644 0.9370631 0.7211124 0.9367294 0.7263079 0.9148619 0.709921 0.9370631 0.7211124 0.9367294 0.7263079 0.9107001 0.713046 0.9148619 0.709921 0.9371023 0.6901644 0.963281 0.7203078 0.9370631 0.7211124 0.9371023 0.6901644 0.962894 0.6901646 0.963281 0.7203078 0.9821237 0.710068 0.963281 0.7203078 0.962894 0.6901646 0.9821237 0.710068 0.962894 0.6901646 0.9871441 0.6901644 0.9821237 0.710068 0.9871441 0.6901644 0.9904149 0.6901645 0.9821237 0.710068 0.9904149 0.6901645 0.9825978 0.7138381 0.9825978 0.7138381 0.963281 0.7203078 0.9821237 0.710068 0.9825978 0.7138381 0.9629139 0.7259877 0.963281 0.7203078 0.9370631 0.7211124 0.9629139 0.7259877 0.9367294 0.7263079 0.9370631 0.7211124 0.963281 0.7203078 0.9629139 0.7259877 0.9306333 0.482564 0.9122193 0.4886268 0.9104712 0.4825641 0.9306333 0.482564 0.9306183 0.490714 0.9122193 0.4886268 0.905504 0.4825641 0.9104712 0.4825641 0.9122193 0.4886268 0.9536663 0.482564 0.9306183 0.490714 0.9306333 0.482564 0.9534848 0.501575 0.9306183 0.490714 0.9536663 0.482564 0.9536663 0.482564 0.9730792 0.4959937 0.9534848 0.501575 0.9776118 0.5023002 0.9534848 0.501575 0.9730792 0.4959937 0.9730792 0.4959937 0.986212 0.482564 0.9776118 0.5023002 0.9808002 0.5054454 0.9776118 0.5023002 0.986212 0.482564 0.9808002 0.5054454 0.986212 0.482564 0.9906153 0.482564 0.9538497 0.5138519 0.9776118 0.5023002 0.9808002 0.5054454 0.9776118 0.5023002 0.9538497 0.5138519 0.9534848 0.501575 0.9538497 0.5138519 0.9808002 0.5054454 0.9547709 0.5187073 0.9299451 0.5134622 0.9538497 0.5138519 0.9547709 0.5187073 0.9534848 0.501575 0.9538497 0.5138519 0.9299451 0.5134622 0.9299451 0.5134622 0.9547709 0.5187073 0.9285865 0.5183871 0.9089023 0.5062376 0.9299451 0.5134622 0.9285865 0.5183871 0.9089023 0.5062376 0.9123632 0.5034688 0.9299451 0.5134622 0.9010854 0.482564 0.9123632 0.5034688 0.9089023 0.5062376 0.9010854 0.482564 0.905504 0.4825641 0.9123632 0.5034688 0.9534848 0.501575 0.9299451 0.5134622 0.9301214 0.5009199 0.9301214 0.5009199 0.9299451 0.5134622 0.9123632 0.5034688 0.9301214 0.5009199 0.9123632 0.5034688 0.9134846 0.4963442 0.9730792 0.4959937 0.979002 0.482564 0.986212 0.482564 0.9536663 0.482564 0.979002 0.482564 0.9730792 0.4959937 0.9306183 0.490714 0.9301214 0.5009199 0.9134846 0.4963442 0.9534848 0.501575 0.9301214 0.5009199 0.9306183 0.490714 0.9306183 0.490714 0.9134846 0.4963442 0.9122193 0.4886268 0.9122193 0.4886268 0.9134846 0.4963442 0.9123632 0.5034688 0.9122193 0.4886268 0.9123632 0.5034688 0.905504 0.4825641 0.08778071 0.4886268 0.08952885 0.4825641 0.09449601 0.4825641 0.06936669 0.482564 0.08952885 0.4825641 0.08778071 0.4886268 0.06936669 0.482564 0.08778071 0.4886268 0.06938177 0.490714 0.04633373 0.482564 0.06936669 0.482564 0.06938177 0.490714 0.08778071 0.4886268 0.09449601 0.4825641 0.08763688 0.5034688 0.08763688 0.5034688 0.09449601 0.4825641 0.09891468 0.482564 0.08763688 0.5034688 0.09891468 0.482564 0.09109765 0.5062376 0.07005488 0.5134622 0.08763688 0.5034688 0.09109765 0.5062376 0.08763688 0.5034688 0.07005488 0.5134622 0.06987851 0.5009199 0.08763688 0.5034688 0.06987851 0.5009199 0.08651548 0.4963442 0.08778071 0.4886268 0.08763688 0.5034688 0.08651548 0.4963442 0.06938177 0.490714 0.08651548 0.4963442 0.06987851 0.5009199 0.06938177 0.490714 0.08778071 0.4886268 0.08651548 0.4963442 0.04651522 0.501575 0.06987851 0.5009199 0.07005488 0.5134622 0.06938177 0.490714 0.04651522 0.501575 0.04633373 0.482564 0.06938177 0.490714 0.06987851 0.5009199 0.04651522 0.501575 0.04651522 0.501575 0.07005488 0.5134622 0.04615032 0.5138519 0.02238821 0.5023002 0.04651522 0.501575 0.04615032 0.5138519 0.02238821 0.5023002 0.02692085 0.4959937 0.04651522 0.501575 0.04633373 0.482564 0.04651522 0.501575 0.02692085 0.4959937 0.01919978 0.5054454 0.02238821 0.5023002 0.04615032 0.5138519 0.01378798 0.482564 0.02238821 0.5023002 0.01919978 0.5054454 0.02692085 0.4959937 0.02238821 0.5023002 0.01378798 0.482564 0.01378798 0.482564 0.01919978 0.5054454 0.009384691 0.482564 0.01919978 0.5054454 0.04615032 0.5138519 0.04522913 0.5187073 0.04522913 0.5187073 0.04615032 0.5138519 0.07005488 0.5134622 0.07005488 0.5134622 0.09109765 0.5062376 0.07141357 0.5183871 0.04522913 0.5187073 0.07005488 0.5134622 0.07141357 0.5183871 0.02692085 0.4959937 0.01378798 0.482564 0.020998 0.482564 0.04633373 0.482564 0.02692085 0.4959937 0.020998 0.482564</float_array>
          <technique_common>
            <accessor source="#pm0058_00_41_TongueSkin-mesh-map-0-array" count="276" stride="2">
              <param name="S" type="float"/>
              <param name="T" type="float"/>
            </accessor>
          </technique_common>
        </source>
        <vertices id="pm0058_00_41_TongueSkin-mesh-vertices">
          <input semantic="POSITION" source="#pm0058_00_41_TongueSkin-mesh-positions"/>
        </vertices>
        <triangles material="pm0058_00_41-Body00-material" count="92">
          <input semantic="VERTEX" source="#pm0058_00_41_TongueSkin-mesh-vertices" offset="0"/>
          <input semantic="NORMAL" source="#pm0058_00_41_TongueSkin-mesh-normals" offset="1"/>
          <input semantic="TEXCOORD" source="#pm0058_00_41_TongueSkin-mesh-map-0" offset="2" set="0"/>
          <p>2 0 0 1 1 1 0 2 2 2 0 3 3 3 4 1 1 5 4 4 6 2 0 7 0 2 8 4 4 9 0 2 10 5 5 11 0 2 12 6 6 13 5 5 14 0 2 15 1 1 16 6 6 17 5 5 18 7 7 19 4 4 20 5 5 21 8 8 22 7 7 23 7 7 24 8 8 25 9 9 26 7 7 27 9 9 28 10 10 29 11 11 30 10 10 31 9 9 32 11 11 33 9 9 34 12 12 35 8 8 36 12 12 37 9 9 38 8 8 39 13 13 40 12 12 41 13 13 42 5 5 43 6 6 44 13 13 45 8 8 46 5 5 47 16 14 48 15 15 49 14 16 50 16 14 51 17 17 52 15 15 53 14 16 54 15 15 55 18 18 56 14 16 57 18 18 58 19 19 59 20 20 60 14 16 61 19 19 62 20 20 63 16 14 64 14 16 65 18 18 66 21 21 67 19 19 68 18 18 69 22 22 70 21 21 71 23 23 72 21 21 73 22 22 74 23 23 75 22 22 76 24 24 77 23 23 78 24 24 79 25 25 80 23 23 81 25 25 82 26 26 83 26 26 84 21 21 85 23 23 86 26 26 87 27 27 88 21 21 89 19 19 90 27 27 91 20 20 92 19 19 93 21 21 94 27 27 95 30 28 96 29 29 97 28 30 98 30 28 99 31 31 100 29 29 101 32 32 102 28 30 103 29 29 104 33 33 105 31 31 106 30 28 107 34 34 108 31 31 109 33 33 110 33 33 111 35 35 112 34 34 113 36 36 114 34 34 115 35 35 116 35 35 117 37 37 118 36 36 119 38 38 120 36 36 121 37 37 122 38 38 123 37 37 124 39 39 125 40 40 126 36 36 127 38 38 128 36 36 129 40 40 130 34 34 131 40 40 132 38 38 133 41 41 134 42 42 135 40 40 136 41 41 137 34 34 138 40 40 139 42 42 140 42 42 141 41 41 142 43 43 143 44 44 144 42 42 145 43 43 146 44 44 147 45 45 148 42 42 149 46 46 150 45 45 151 44 44 152 46 46 153 32 32 154 45 45 155 34 34 156 42 42 157 47 47 158 47 47 159 42 42 160 45 45 161 47 47 162 45 45 163 48 48 164 35 35 165 49 49 166 37 37 167 33 33 168 49 49 169 35 35 170 31 31 171 47 47 172 48 48 173 34 34 174 47 47 175 31 31 176 31 31 177 48 48 178 29 29 179 29 29 180 48 48 181 45 45 182 29 29 183 45 45 184 32 32 185 52 50 186 51 51 187 50 52 188 53 53 189 51 51 190 52 50 191 53 53 192 52 50 193 54 54 194 55 55 195 53 53 196 54 54 197 52 50 198 50 52 199 56 56 200 56 56 201 50 52 202 57 57 203 56 56 204 57 57 205 58 58 206 59 59 207 56 56 208 58 58 209 56 56 210 59 59 211 60 60 212 56 56 213 60 60 214 61 61 215 52 50 216 56 56 217 61 61 218 54 54 219 61 61 220 60 60 221 54 54 222 52 50 223 61 61 224 62 62 225 60 60 226 59 59 227 54 54 228 62 62 229 55 55 230 54 54 231 60 60 232 62 62 233 62 62 234 59 59 235 63 63 236 64 64 237 62 62 238 63 63 239 64 64 240 65 65 241 62 62 242 55 55 243 62 62 244 65 65 245 66 66 246 64 64 247 63 63 248 67 67 249 64 64 250 66 66 251 65 65 252 64 64 253 67 67 254 67 67 255 66 66 256 68 68 257 66 66 258 63 63 259 69 69 260 69 69 261 63 63 262 59 59 263 59 59 264 58 58 265 70 70 266 69 69 267 59 59 268 70 70 269 65 65 270 67 67 271 71 71 272 55 55 273 65 65 274 71 71 275</p>
        </triangles>
      </mesh>
    </geometry>
    <geometry id="pm0058_00_41_MouthSkin-mesh" name="pm0058_00_41_MouthSkin">
      <mesh>
        <source id="pm0058_00_41_MouthSkin-mesh-positions">
          <float_array id="pm0058_00_41_MouthSkin-mesh-positions-array" count="1272">0.04282063 0.5519261 0.1862533 0.02375543 0.5608289 0.1927028 0.03945231 0.6038941 0.1710497 0 0.6099258 0.1805649 0 0.6483082 0.1423075 0.03876602 0.6446193 0.1358835 0 0.665035 0.07291489 0.04072946 0.658506 0.07092118 0 0.6506994 0.009187519 0.04617351 0.6424671 0.01248514 0 0.6085215 -0.03570061 0.05048501 0.602426 -0.02879524 0 0.5532641 -0.05203282 0.04983937 0.5531558 -0.04478979 0 0.5059912 -0.0537666 0.05018615 0.5058019 -0.04727381 0.07401496 0.6309941 0.1190682 0.07304704 0.6426382 0.06877022 0.07760709 0.6277138 0.02373969 0.08555805 0.5938845 -0.00776726 0.09285569 0.551218 -0.01880198 0.09328466 0.5075896 -0.02214121 0.09178423 0.4760275 -0.01143604 0.05066114 0.4603868 -0.0286504 0 0.4655761 -0.03921002 0.09364104 0.6159312 0.1025305 0.09857094 0.5848327 0.1159426 0.1133534 0.5849986 0.07286006 0.09702795 0.6212379 0.06779181 0.09552472 0.6144664 0.03685927 0.1072816 0.5868082 0.02831637 0.116946 0.5463025 0.0237084 0.1236571 0.5390944 0.07778263 0.12743 0.5012219 0.06503146 0.117739 0.5054475 0.0201565 0.1087137 0.4712114 0.0229457 0.1199412 0.4662611 0.06409674 0.0850017 0.4367126 0.03038215 0.09815007 0.4355074 0.06722635 0.1162675 0.4669791 0.09974843 0.09763753 0.4413623 0.1057438 0.1224161 0.4950925 0.0962097 0.07856774 0.4476127 -0.001419484 0.07778531 0.4220739 0.06883406 0.07383042 0.4224942 0.1171599 0.04163682 0.4115526 0.09657633 0.04090076 0.4129492 0.1292238 0 0.4068793 0.1042467 0 0.4077739 0.1346527 0.1182466 0.5211023 0.104794 0.1006064 0.5317583 0.1313665 0.08113688 0.5377216 0.1575719 0.07448852 0.5938581 0.1471745 0.061486 0.5444628 0.1749598 0.04090076 0.4129492 0.1292238 0 0.4077739 0.1346527 0.03851646 0.4120794 0.1598616 0 0.4080234 0.1674481 0.07204091 0.4231005 0.150926 0.07383042 0.4224942 0.1171599 0.03684908 0.4150705 0.1899892 0 0.4092041 0.1975872 0.06977367 0.4278608 0.1793329 0.09796458 0.4422993 0.140245 0.09763753 0.4413623 0.1057438 0.1141462 0.4664305 0.1318655 0.1100661 0.468441 0.1574734 0.09505671 0.4470745 0.167501 0.1162675 0.4669791 0.09974843 0.1216629 0.4885271 0.1304345 0.1224161 0.4950925 0.0962097 0.09028971 0.4565735 0.1842513 0.06679409 0.4397542 0.2001659 0.03483563 0.4276465 0.2142692 0 0.422645 0.220259 0.1178156 0.485626 0.1531123 0.1047499 0.4734222 0.1719361 0.1124447 0.4879676 0.1659823 0.09992212 0.4819022 0.1730352 0.109899 0.4916508 0.1684526 0.1055789 0.486608 0.1721332 0.111706 0.491038 0.1752903 0.09637326 0.4854199 0.166988 0.09293359 0.4813366 0.1759417 0.1009874 0.4823772 0.1826019 0.08290439 0.476604 0.1934656 0.09064227 0.4786091 0.201065 0.06620341 0.4749792 0.2108084 0.07318156 0.4773238 0.2197979 0.04764491 0.4779359 0.2239487 0.05151367 0.4802923 0.2339395 0.05911445 0.4967639 0.2426381 0.08245223 0.4932252 0.2265859 0.06527054 0.5181834 0.2410514 0.0886892 0.5134288 0.222213 0.09912359 0.4911967 0.2063352 0.1046273 0.507855 0.2016214 0.06719005 0.5353647 0.2215843 0.08789354 0.5286396 0.2031212 0.06297671 0.5416649 0.1976127 0.0835905 0.5346688 0.1794378 0.061486 0.5444628 0.1749598 0.08113688 0.5377216 0.1575719 0.101847 0.5279736 0.1595588 0.1006064 0.5317583 0.1313665 0.1153964 0.518107 0.1422662 0.1182466 0.5211023 0.104794 0.1048303 0.5210956 0.1845436 0.1162185 0.5112671 0.1699306 0.1078374 0.4907881 0.1878532 0.1127578 0.5029755 0.1847075 0.1163087 0.5010121 0.1743876 0.1197712 0.5021848 0.1578083 0.1212617 0.5058489 0.1353233 0.1157342 0.4981618 0.16638 0.03973102 0.5514522 0.2152261 0.02424991 0.5572972 0.2365582 0.02336287 0.5593981 0.2154789 0 0.5641123 0.2329388 0.01911056 0.5581013 0.2435961 0 0.5630748 0.2399203 0.02510106 0.5470241 0.2514425 0.03269261 0.5450162 0.2473164 0.02140039 0.5308448 0.2580714 0.03394109 0.5218936 0.2559976 0.04555356 0.5420082 0.2383703 0.01493215 0.5356999 0.2593031 0 0.5642901 0.2160717 0 0.5233357 0.2622672 0 0.5302221 0.2620081 0 0.5160491 0.2621408 0.03095668 0.5000771 0.2530473 0 0.5015845 0.2568366 0 0.4900443 0.2454343 0.02722674 0.4858902 0.2419423 0 0.4880779 0.2347819 0.02576267 0.4840323 0.2311945 0.04282063 0.5519261 0.1862533 0.02375543 0.5608289 0.1927028 0 0.5651581 0.195976 0 0.4394206 0.2246941 0 0.4413802 0.2200877 0.03170943 0.443476 0.2181008 0.03103488 0.4447522 0.2130879 0.06085801 0.4538264 0.2028242 0.0599336 0.4548345 0.1983335 0.08257657 0.467077 0.1860021 0.08023083 0.4683403 0.1814081 0.09260261 0.4806284 0.1702556 0 0.5420821 0.265927 0 0.554067 0.2653773 0.009070217 0.5434684 0.2644786 0.01447665 0.5527905 0.2621753 0.01132565 0.5606839 0.2565801 0.01911056 0.5581013 0.2435961 0.02510106 0.5470241 0.2514425 0 0.5630748 0.2399203 0 0.5630764 0.2549104 0.01493215 0.5356999 0.2593031 0 0.5302221 0.2620081 0 0.5651581 0.195976 0.06620341 0.4749792 0.2108084 0.08290439 0.476604 0.1934656 0.05891126 0.4838896 0.1944602 0.07602 0.4850892 0.1787222 0.04363155 0.4870848 0.2034149 0.04764491 0.4779359 0.2239487 0.04322493 0.5028851 0.1784541 0.02465581 0.4939522 0.2070881 0 0.5085123 0.1876622 0 0.5159924 0.1585643 0.03671216 0.5147617 0.1516703 0.07116627 0.5026035 0.1569088 0.06493949 0.5119047 0.1444881 0 0.5150792 0.1244699 0.03319257 0.5152562 0.1217102 0 0.4921529 0.1072783 0.03413802 0.492473 0.105206 0.06358885 0.512665 0.127544 0 0.4988474 0.2079799 0 0.4880779 0.2347819 0.02576267 0.4840323 0.2311945 0.08104628 0.5021388 0.1457024 0.08599585 0.4906306 0.1351043 0.06485545 0.4940396 0.1092095 0.09346365 0.4862703 0.1595759 0.08866375 0.4869708 0.1669086 0.09637326 0.4854199 0.166988 0.09293359 0.4813366 0.1759417 0 0.4413802 0.2200877 0 0.4384688 0.1972426 0.03103488 0.4447522 0.2130879 0.03094416 0.4424347 0.1937732 0.0599336 0.4548345 0.1983335 0.05904591 0.4520076 0.1839535 0.08023083 0.4683403 0.1814081 0.0785557 0.4650572 0.168521 0.09260261 0.4806284 0.1702556 0.09064573 0.4786277 0.1591511 0.07341533 0.4615983 0.1423707 0.08286231 0.4732298 0.1371019 0.06516605 0.4665132 0.1186518 0.08599585 0.4906306 0.1351043 0.06485545 0.4940396 0.1092095 0.03413802 0.492473 0.105206 0.03754979 0.459627 0.1197047 0 0.4921529 0.1072783 0 0.4566742 0.1198177 0.04315656 0.4466188 0.155884 0 0.4399212 0.1596662 0.09346365 0.4862703 0.1595759 0.09637326 0.4854199 0.166988 -0.04282063 0.5519261 0.1862533 -0.03945231 0.6038941 0.1710497 -0.02375543 0.5608289 0.1927028 0 0.6099258 0.1805649 0 0.6483082 0.1423075 -0.03876602 0.6446193 0.1358835 0 0.665035 0.07291489 -0.04072946 0.658506 0.07092118 0 0.6506994 0.009187519 -0.04617351 0.6424671 0.01248514 0 0.6085215 -0.03570061 -0.05048501 0.602426 -0.02879524 0 0.5532641 -0.05203282 -0.04983937 0.5531558 -0.04478979 0 0.5059912 -0.0537666 -0.05018615 0.5058019 -0.04727381 -0.07401496 0.6309941 0.1190682 -0.07304704 0.6426382 0.06877022 -0.07760709 0.6277138 0.02373969 -0.08555805 0.5938845 -0.00776726 -0.09285569 0.551218 -0.01880198 -0.09328466 0.5075896 -0.02214121 0 0.4655761 -0.03921002 -0.05066114 0.4603868 -0.0286504 -0.09364104 0.6159312 0.1025305 -0.09857094 0.5848327 0.1159426 -0.1133534 0.5849986 0.07286006 -0.09702795 0.6212379 0.06779181 -0.09552472 0.6144664 0.03685927 -0.1072816 0.5868082 0.02831637 -0.116946 0.5463025 0.0237084 -0.1236571 0.5390944 0.07778263 -0.12743 0.5012219 0.06503146 -0.117739 0.5054475 0.0201565 -0.1087137 0.4712114 0.0229457 -0.1199412 0.4662611 0.06409674 -0.0850017 0.4367126 0.03038215 -0.09815007 0.4355074 0.06722635 -0.1162675 0.4669791 0.09974843 -0.09763753 0.4413623 0.1057438 -0.1224161 0.4950925 0.0962097 -0.07856774 0.4476127 -0.001419484 -0.09178423 0.4760275 -0.01143604 -0.07778531 0.4220739 0.06883406 -0.07383042 0.4224942 0.1171599 -0.04163682 0.4115526 0.09657633 -0.04090076 0.4129492 0.1292238 0 0.4068793 0.1042467 0 0.4077739 0.1346527 -0.1182466 0.5211023 0.104794 -0.1006064 0.5317583 0.1313665 -0.08113688 0.5377216 0.1575719 -0.07448852 0.5938581 0.1471745 -0.061486 0.5444628 0.1749598 0 0.4080234 0.1674481 0 0.4077739 0.1346527 -0.03851646 0.4120794 0.1598616 -0.04090076 0.4129492 0.1292238 -0.07204091 0.4231005 0.150926 -0.07383042 0.4224942 0.1171599 -0.03684908 0.4150705 0.1899892 0 0.4092041 0.1975872 -0.06977367 0.4278608 0.1793329 -0.09796458 0.4422993 0.140245 -0.09763753 0.4413623 0.1057438 -0.1141462 0.4664305 0.1318655 -0.1100661 0.468441 0.1574734 -0.09505671 0.4470745 0.167501 -0.1162675 0.4669791 0.09974843 -0.1216629 0.4885271 0.1304345 -0.1224161 0.4950925 0.0962097 -0.09028971 0.4565735 0.1842513 -0.06679409 0.4397542 0.2001659 -0.03483563 0.4276465 0.2142692 0 0.422645 0.220259 -0.1178156 0.485626 0.1531123 -0.1047499 0.4734222 0.1719361 -0.1124447 0.4879676 0.1659823 -0.09992212 0.4819022 0.1730352 -0.109899 0.4916508 0.1684526 -0.1055789 0.486608 0.1721332 -0.111706 0.491038 0.1752903 -0.09637326 0.4854199 0.166988 -0.09293359 0.4813366 0.1759417 -0.1009874 0.4823772 0.1826019 -0.08290439 0.476604 0.1934656 -0.09064227 0.4786091 0.201065 -0.06620341 0.4749792 0.2108084 -0.07318156 0.4773238 0.2197979 -0.04764491 0.4779359 0.2239487 -0.05151367 0.4802923 0.2339395 -0.05911445 0.4967639 0.2426381 -0.08245223 0.4932252 0.2265859 -0.06527054 0.5181834 0.2410514 -0.0886892 0.5134288 0.222213 -0.09912359 0.4911967 0.2063352 -0.1046273 0.507855 0.2016214 -0.06719005 0.5353647 0.2215843 -0.08789354 0.5286396 0.2031212 -0.06297671 0.5416649 0.1976127 -0.0835905 0.5346688 0.1794378 -0.061486 0.5444628 0.1749598 -0.08113688 0.5377216 0.1575719 -0.101847 0.5279736 0.1595588 -0.1006064 0.5317583 0.1313665 -0.1153964 0.518107 0.1422662 -0.1182466 0.5211023 0.104794 -0.1048303 0.5210956 0.1845436 -0.1162185 0.5112671 0.1699306 -0.1078374 0.4907881 0.1878532 -0.1127578 0.5029755 0.1847075 -0.1163087 0.5010121 0.1743876 -0.1197712 0.5021848 0.1578083 -0.1212617 0.5058489 0.1353233 -0.1157342 0.4981618 0.16638 -0.03973102 0.5514522 0.2152261 -0.02336287 0.5593981 0.2154789 -0.02424991 0.5572971 0.2365582 0 0.5641123 0.2329388 -0.01911056 0.5581013 0.2435961 0 0.5630748 0.2399203 -0.02510106 0.5470241 0.2514425 -0.03269261 0.5450162 0.2473164 -0.02140039 0.5308448 0.2580714 -0.03394109 0.5218936 0.2559976 -0.04555356 0.5420082 0.2383703 -0.01493215 0.5356999 0.2593031 0 0.5642901 0.2160717 0 0.5233357 0.2622672 0 0.5302221 0.2620081 0 0.5160491 0.2621408 -0.03095668 0.5000771 0.2530473 0 0.5015845 0.2568366 0 0.4900443 0.2454343 -0.02722674 0.4858902 0.2419423 0 0.4880779 0.2347819 -0.02576267 0.4840323 0.2311945 -0.04282063 0.5519261 0.1862533 -0.02375543 0.5608289 0.1927028 0 0.5651581 0.195976 0 0.4394206 0.2246941 -0.03170943 0.443476 0.2181008 0 0.4413802 0.2200877 -0.03103488 0.4447522 0.2130879 -0.06085801 0.4538264 0.2028242 -0.0599336 0.4548345 0.1983335 -0.08257657 0.467077 0.1860021 -0.08023083 0.4683403 0.1814081 -0.09260261 0.4806284 0.1702556 0 0.5420821 0.265927 -0.009070217 0.5434684 0.2644786 0 0.554067 0.2653773 -0.01447665 0.5527905 0.2621753 -0.01132565 0.5606839 0.2565801 -0.01911056 0.5581013 0.2435961 -0.02510106 0.5470241 0.2514425 0 0.5630748 0.2399203 0 0.5630764 0.2549104 -0.01493215 0.5356999 0.2593031 0 0.5302221 0.2620081 0 0.5651581 0.195976 -0.07602 0.4850892 0.1787222 -0.08290439 0.476604 0.1934656 -0.05891126 0.4838896 0.1944602 -0.06620341 0.4749792 0.2108084 -0.04363155 0.4870848 0.2034149 -0.04764491 0.4779359 0.2239487 -0.04322493 0.5028851 0.1784541 -0.02465581 0.4939522 0.2070881 0 0.5085123 0.1876622 0 0.5159924 0.1585643 -0.03671216 0.5147617 0.1516703 -0.07116627 0.5026035 0.1569088 -0.06493949 0.5119047 0.1444881 0 0.5150792 0.1244699 -0.03319257 0.5152562 0.1217102 0 0.4921529 0.1072783 -0.03413802 0.492473 0.105206 -0.06358885 0.512665 0.127544 0 0.4988474 0.2079799 0 0.4880779 0.2347819 -0.02576267 0.4840323 0.2311945 -0.08104628 0.5021388 0.1457024 -0.08599585 0.4906306 0.1351043 -0.06485545 0.4940396 0.1092095 -0.09346365 0.4862703 0.1595759 -0.08866375 0.4869708 0.1669086 -0.09637326 0.4854199 0.166988 -0.09293359 0.4813366 0.1759417 0 0.4413802 0.2200877 -0.03103488 0.4447522 0.2130879 0 0.4384688 0.1972426 -0.03094416 0.4424347 0.1937732 -0.0599336 0.4548345 0.1983335 -0.05904591 0.4520076 0.1839535 -0.08023083 0.4683403 0.1814081 -0.0785557 0.4650572 0.168521 -0.09260261 0.4806284 0.1702556 -0.09064573 0.4786277 0.1591511 -0.07341533 0.4615983 0.1423707 -0.08286231 0.4732298 0.1371019 -0.06516605 0.4665132 0.1186518 -0.08599585 0.4906306 0.1351043 -0.06485545 0.4940396 0.1092095 -0.03413802 0.492473 0.105206 -0.03754979 0.459627 0.1197047 0 0.4921529 0.1072783 0 0.4566742 0.1198177 -0.04315656 0.4466188 0.155884 0 0.4399212 0.1596662 -0.09346365 0.4862703 0.1595759 -0.09637326 0.4854199 0.166988</float_array>
          <technique_common>
            <accessor source="#pm0058_00_41_MouthSkin-mesh-positions-array" count="424" stride="3">
              <param name="X" type="float"/>
              <param name="Y" type="float"/>
              <param name="Z" type="float"/>
            </accessor>
          </technique_common>
        </source>
        <source id="pm0058_00_41_MouthSkin-mesh-normals">
          <float_array id="pm0058_00_41_MouthSkin-mesh-normals-array" count="1272">0.43374 0.4768198 0.7645341 0.3085274 0.3176546 0.8966083 0.518484 0.2708829 0.8110468 2.61068e-5 0.5645527 0.8253971 -8.89599e-6 0.8731236 0.4874991 0.327229 0.8248429 0.4610374 1.83731e-5 0.9999476 0.01023882 0.2808056 0.9597311 -0.008034348 -1.71065e-5 0.878469 -0.4777993 0.3088599 0.8288136 -0.4665551 -1.8701e-5 0.5270889 -0.8498102 0.3272777 0.4979619 -0.8030712 2.14279e-5 0.1752057 -0.9845319 0.3184247 0.1774609 -0.9311892 1.10567e-5 -0.1378211 -0.9904571 0.3087727 -0.1425023 -0.9404003 0.5906542 0.6981184 0.4046708 0.5258278 0.8504461 -0.01570695 0.5739411 0.7192992 -0.3914082 0.6572893 0.4212836 -0.6248928 0.7059116 0.1726423 -0.6869377 0.6914179 -0.07607728 -0.7184384 0.6625472 -0.3590068 -0.6573777 0.3334013 -0.3759636 -0.8645778 1.53482e-5 -0.3593027 -0.9332212 0.8110062 0.5030273 0.2987181 0.8618602 0.2412138 0.4461087 0.9535406 0.2885732 0.08652126 0.8113147 0.5846071 0.001776039 0.7985639 0.5504271 -0.2435686 0.900342 0.3273857 -0.2867105 0.9396449 0.1571627 -0.3039199 0.9773021 0.1693742 0.1272514 0.9959321 -0.05047887 -0.0746411 0.9288486 -0.08151531 -0.36138 0.8440048 -0.4150325 -0.3397113 0.9009113 -0.4154196 -0.1256403 0.7312487 -0.612403 -0.3003965 0.7173864 -0.6913961 -0.08560472 0.8951633 -0.4340039 0.1016032 0.7131592 -0.6957029 0.0860325 0.9871114 -0.07795661 0.1397638 0.6551119 -0.5328352 -0.5356447 0.4930638 -0.8699932 2.09333e-4 0.4305596 -0.9013659 0.04645532 0.2338157 -0.9714169 0.04098331 0.1881029 -0.9812318 0.04244494 6.38072e-6 -0.9993371 0.03640496 -2.24113e-5 -0.9995678 0.02940034 0.9268591 0.2103992 0.3109092 0.8619599 0.1837565 0.4725027 0.7637927 0.2019331 0.6130611 0.6861321 0.3486677 0.6384776 0.6280243 0.2451014 0.738587 0.2261833 -0.9723255 0.05851858 -7.17409e-6 -0.9999948 -0.003238141 0.2240228 -0.974584 -1.11059e-4 1.2815e-6 -0.9992132 0.03966242 0.4731976 -0.8747788 0.1041455 0.4960898 -0.8676831 0.03195142 0.3049225 -0.9124681 0.2728084 9.68576e-7 -0.9602665 0.2790849 0.5316813 -0.7896535 0.3062066 0.7333313 -0.6733776 0.09374344 0.7455978 -0.6660401 0.02178484 0.8825501 -0.4628426 0.08295947 0.8665474 -0.4268515 0.2586377 0.7377061 -0.6034014 0.3028144 0.910835 -0.412092 0.02366137 0.984493 -0.1643356 0.0613783 0.9989256 -0.04440724 -0.01325553 0.6921722 -0.2748181 0.6673625 0.5773348 -0.4674617 0.6694507 0.3659888 -0.6234318 0.6909306 1.11908e-5 -0.6759432 0.7369537 0.9463233 -0.2469428 0.2085464 0.7630041 -0.1845946 0.6194754 0.8227677 -0.230211 0.5196692 0.2314767 0.4000613 0.8867748 0.7435982 -0.5312767 0.4059641 0.4883894 -0.8592262 -0.1523355 0.8195863 -0.5570972 0.1338698 -0.6402091 -0.7638415 -0.08172285 -0.01148825 -0.9487835 -0.3157183 0.5061657 -0.8614166 0.0419259 -0.06771671 -0.973005 -0.2206256 0.5089384 -0.8005055 0.316501 -0.1581459 -0.9783697 -0.1333525 0.3942931 -0.7581381 0.5193837 -0.2652757 -0.9577428 -0.1111658 0.1740553 -0.7309144 0.6599007 0.4038656 -0.3050374 0.8624644 0.6161308 -0.3113221 0.7235063 0.553233 0.2606185 0.7912088 0.7143374 0.3027721 0.6309131 0.7617762 -0.3571595 0.5404944 0.8374505 0.2422138 0.4899073 0.5447685 0.7508454 0.3734416 0.5854418 0.752731 0.3010882 0.4326713 0.8939472 0.1168504 0.4439317 0.8880139 0.1198164 0.3973301 0.9136538 0.08582401 0.4089767 0.9081816 0.08913201 0.5613319 0.8189316 0.1194058 0.5874308 0.8031101 0.09969675 0.7750208 0.6227173 0.1075454 0.9367372 0.3489052 0.02808403 0.6831276 0.6860215 0.2504221 0.838801 0.5133165 0.1814368 0.8215633 -0.4514151 0.3482218 0.9135437 0.1015215 0.3938674 0.9677085 -0.1410214 0.2089343 0.9889343 0.06489539 0.1334083 0.9829465 0.1707945 0.06815844 0.938375 -0.2607557 0.2268453 0.314692 0.9471217 0.06268686 0.4232504 0.8883227 0.1781625 0.4669699 0.8745673 0.1306564 1.19209e-7 0.997772 0.06671702 0.4184865 0.8832725 0.2114211 -6.92438e-6 0.9891353 0.1470088 0.5204815 0.477967 0.7075639 0.5329632 0.5063791 0.6778868 0.278204 0.1475369 0.9491235 0.3542831 0.07825684 0.9318581 0.5346401 0.661378 0.5260599 0.2634888 0.1126308 0.9580647 1.23531e-5 0.9996055 0.02808403 9.76026e-6 -0.003285467 0.9999946 1.9446e-5 0.03760236 0.9992928 1.12951e-5 -0.1947488 0.9808531 0.2022671 -0.3878045 0.8992752 -1.02967e-5 -0.5282658 0.849079 3.5502e-6 -0.8100562 0.5863524 0.02488732 -0.7757933 0.6304962 4.10527e-6 -0.9803483 -0.1972745 -0.2361836 -0.9543217 -0.182996 0.4276097 0.9015013 0.06667417 0.3297228 0.9419126 0.06390386 1.21146e-5 0.9984892 0.0549497 0.3062149 0.07255232 0.9491937 -1.85035e-5 0.9999379 -0.01114404 1.4931e-5 -0.03733927 0.9993028 -0.2102799 0.9772024 -0.02929157 0.4105608 0.2378843 0.8802561 -0.416977 0.9083402 -0.03237676 0.3269194 0.4048892 0.8539253 -0.5932289 0.8042251 0.0360769 -0.610735 0.762229 0.2144991 0.3267441 -0.1353466 0.9353715 -1.72704e-5 0.4474995 0.8942843 8.46386e-6 -0.1546889 0.9879633 0.5908775 0.3244584 0.7386411 0.3815991 0.8662618 0.3224478 0.5026794 0.8506547 0.1539482 0.7535938 0.3250889 0.5713262 -2.262e-5 0.9996604 -0.02606046 2.30968e-6 0.9573189 0.2890343 0.523528 -0.2157745 0.824233 2.01194e-5 -0.356884 0.9341487 -1.07551e-5 0.3254973 0.945543 -0.3769729 -0.8208401 -0.4290842 -0.06774014 -0.9730033 -0.2206262 -0.1581332 -0.9783722 -0.1333487 -0.3610442 -0.8023236 -0.4753147 -0.3889651 -0.8289995 -0.4018285 -0.2652803 -0.9577438 -0.1111461 -0.2646058 -0.8768088 -0.4014849 -0.2529016 -0.8820593 -0.3975074 -2.19047e-6 -0.9446257 -0.32815 -2.27243e-6 -0.9881594 -0.1534317 -0.1090621 -0.9741523 -0.19782 -0.3668792 -0.8159512 -0.4467923 -0.278895 -0.9317947 -0.2323281 -2.76044e-6 -0.9196617 0.3927116 -0.03165966 -0.8945553 0.4458347 8.67061e-6 -0.03975075 0.9992097 -0.01034367 -0.05194312 0.9985966 -0.3685406 -0.8425294 0.3928387 -5.67734e-6 -0.9170874 -0.3986864 -6.75023e-6 -0.9803442 -0.1972951 -0.2362068 -0.9543145 -0.1830037 -0.6928339 -0.7208275 0.0197249 -0.854319 -0.1745003 0.4895802 -0.4531501 -0.1691108 0.8752467 -0.9300544 -0.3578561 0.08329325 -0.3957311 -0.8071811 -0.4380134 -0.6402459 -0.7638037 -0.08178716 -0.01144516 -0.948786 -0.3157122 -0.2102676 0.9772052 -0.02928423 -1.70469e-5 0.9996529 -0.02634805 -1.22525e-5 0.999938 -0.01113855 -0.2135646 0.9768198 -0.01460182 -0.4169756 0.9083409 -0.03237491 -0.4456869 0.895157 -0.007567167 -0.5932443 0.8042144 0.03606408 -0.5857859 0.8104333 0.007263422 -0.6107413 0.7622272 0.2144873 -0.8251221 0.546153 0.1445361 -0.4610534 0.8663713 0.1919131 -0.8137391 0.4282233 0.3930058 -0.383921 0.5774359 0.7205362 -0.8543303 -0.1744886 0.4895646 -0.4531564 -0.169113 0.875243 -0.01033592 -0.05195319 0.9985961 -0.09905469 0.7360953 0.6695908 5.39329e-6 -0.03975689 0.9992095 -1.09673e-5 0.7301589 0.6832775 -0.231868 0.9492549 0.2124912 -6.92904e-6 0.9719202 0.235311 -0.930065 -0.3578321 0.08327859 -0.6402535 -0.7637944 -0.08181339 -0.3085281 0.3176547 0.8966081 -0.4337394 0.4768203 0.7645341 -0.5184845 0.2708828 0.8110466 -2.61366e-5 0.5645525 0.8253971 8.91089e-6 0.8731236 0.4874989 -0.3272327 0.8248424 0.4610357 -1.84029e-5 0.9999477 0.01023882 -0.2808054 0.9597311 -0.008032679 1.71512e-5 0.8784689 -0.4777995 -0.3088599 0.8288135 -0.4665552 1.86414e-5 0.5270889 -0.8498103 -0.327278 0.4979577 -0.8030738 -2.14577e-5 0.1752057 -0.9845319 -0.3184249 0.1774623 -0.931189 -1.11014e-5 -0.1378212 -0.9904572 -0.3087722 -0.1425027 -0.9404004 -0.590653 0.6981181 0.404673 -0.5258278 0.8504459 -0.01570749 -0.5739411 0.7192993 -0.3914081 -0.6572908 0.4212815 -0.6248927 -0.7059116 0.1726424 -0.6869379 -0.691419 -0.07607674 -0.7184374 -1.54418e-5 -0.3593027 -0.9332212 -0.3334029 -0.3759613 -0.8645783 -0.8110195 0.5030363 0.2986668 -0.8618591 0.2412132 0.4461112 -0.9535406 0.2885732 0.08652126 -0.8113148 0.5846068 0.001775443 -0.7985643 0.5504275 -0.2435668 -0.9003421 0.3273858 -0.2867105 -0.9396319 0.1571463 -0.3039687 -0.977302 0.1693749 0.1272516 -0.9959322 -0.05047714 -0.07464033 -0.9288477 -0.08151519 -0.3613826 -0.8440048 -0.4150328 -0.3397115 -0.900911 -0.4154205 -0.1256397 -0.7312487 -0.6124029 -0.3003964 -0.7173863 -0.6913962 -0.08560514 -0.8951634 -0.4340039 0.1016032 -0.7131592 -0.6957029 0.0860325 -0.9871115 -0.07795661 0.1397638 -0.6551117 -0.5328355 -0.5356447 -0.6625494 -0.3590027 -0.6573776 -0.4930639 -0.8699931 2.09472e-4 -0.4305509 -0.9013726 0.04640477 -0.2338157 -0.9714169 0.04098331 -0.1880542 -0.9812411 0.04244387 -6.40005e-6 -0.9993371 0.0364049 2.24253e-5 -0.9995678 0.02940028 -0.926859 0.2103992 0.3109095 -0.8619599 0.1837566 0.4725026 -0.7637927 0.2019331 0.6130611 -0.6861321 0.3486677 0.6384775 -0.6280242 0.2451012 0.7385872 -0.2261833 -0.9723255 0.05851846 7.18236e-6 -0.9999948 -0.003238141 -1.2666e-6 -0.9992131 0.03966379 -0.2240707 -0.974573 -1.05664e-4 -0.4731982 -0.8747786 0.1041446 -0.4960898 -0.8676832 0.03195136 -0.3049235 -0.912468 0.2728075 -9.98378e-7 -0.9602665 0.2790848 -0.531679 -0.7896542 0.3062087 -0.7333316 -0.6733774 0.09374284 -0.7455978 -0.6660401 0.0217849 -0.8825501 -0.4628425 0.08295947 -0.8665487 -0.4268499 0.2586361 -0.7377041 -0.6034026 0.3028169 -0.910835 -0.412092 0.02366137 -0.984493 -0.1643359 0.06137871 -0.9989256 -0.04440724 -0.01325553 -0.692162 -0.2748246 0.6673704 -0.5773401 -0.4674598 0.6694473 -0.3659946 -0.6234306 0.6909286 -1.12355e-5 -0.6759434 0.7369537 -0.9463243 -0.246939 0.2085462 -0.7629986 -0.184602 0.6194799 -0.8227705 -0.2302005 0.5196695 -0.2314842 0.4000743 0.886767 -0.7435969 -0.5312778 0.4059651 -0.4883877 -0.8592268 -0.1523377 -0.8195988 -0.5570679 0.1339151 0.6402086 -0.7638418 -0.08172303 0.01148831 -0.9487835 -0.3157182 -0.5061658 -0.8614166 0.0419259 0.06771677 -0.973005 -0.2206256 -0.5089452 -0.8005033 0.3164953 0.1581459 -0.9783697 -0.1333525 -0.3942884 -0.758138 0.5193877 0.2652755 -0.9577428 -0.1111649 -0.1740596 -0.730915 0.659899 -0.4038656 -0.3050372 0.8624645 -0.616133 -0.3113211 0.7235049 -0.5532334 0.2606191 0.7912083 -0.7143392 0.3027728 0.6309106 -0.761775 -0.3571605 0.5404955 -0.8374491 0.2422131 0.4899101 -0.544743 0.7509048 0.3733591 -0.5854415 0.7527309 0.3010892 -0.4326355 0.8939678 0.1168252 -0.4439313 0.8880142 0.1198167 -0.3973301 0.9136538 0.08582401 -0.4089767 0.9081814 0.08913201 -0.5613319 0.8189315 0.1194061 -0.5874305 0.8031102 0.09969657 -0.7750211 0.6227176 0.1075419 -0.9367551 0.3488584 0.02806639 -0.6831266 0.6860217 0.2504245 -0.8388022 0.5133163 0.1814315 -0.8215675 -0.451378 0.3482597 -0.9135492 0.101523 0.393854 -0.967708 -0.1410233 0.2089347 -0.9889342 0.0648958 0.1334085 -0.9829528 0.1707766 0.06811034 -0.9383757 -0.2607555 0.2268429 -0.4232492 0.8883228 0.1781648 -0.3146921 0.9471217 0.06268608 -0.4669692 0.8745679 0.1306563 -9.83477e-7 0.997772 0.06671774 -0.4184918 0.8832713 0.2114152 6.91414e-6 0.9891353 0.1470089 -0.5204809 0.4779673 0.7075641 -0.5329611 0.5063785 0.6778888 -0.2782038 0.147537 0.9491236 -0.3542806 0.07825702 0.931859 -0.5346397 0.6613783 0.5260602 -0.2635087 0.1126774 0.9580538 -1.24276e-5 0.9996055 0.02808439 -9.80496e-6 -0.003287076 0.9999946 -1.9433e-5 0.0376023 0.9992929 -1.12951e-5 -0.1947489 0.9808531 -0.2022692 -0.3878051 0.8992745 1.03116e-5 -0.5282657 0.8490792 -3.91155e-6 -0.8100563 0.5863522 -0.02489024 -0.7757936 0.6304957 -4.23193e-6 -0.9803484 -0.1972745 0.2361834 -0.9543219 -0.1829949 -0.4276097 0.9015014 0.06667417 -0.329818 0.9418791 0.06390631 -1.22017e-5 0.9984892 0.05494976 1.86265e-5 0.999938 -0.01114368 -0.3061945 0.07254689 0.9492006 -1.50725e-5 -0.03733927 0.9993027 0.2102556 0.9772074 -0.02929449 -0.4105716 0.2378879 0.8802502 0.4169767 0.9083405 -0.03237468 -0.3269528 0.4049131 0.8539013 0.5932295 0.8042246 0.03607815 0.6107363 0.7622277 0.2145001 1.76132e-5 0.4474998 0.8942841 -0.3267444 -0.1353467 0.9353713 -7.7337e-6 -0.1546888 0.9879632 -0.5908777 0.3244525 0.7386435 -0.3815967 0.8662627 0.3224484 -0.5026796 0.850655 0.1539466 -0.7535936 0.3250889 0.5713265 2.34363e-5 0.9996613 -0.02602702 -2.27988e-6 0.9573188 0.2890344 -0.5235278 -0.2157745 0.8242331 -2.01166e-5 -0.3568841 0.9341487 9.99868e-6 0.3254972 0.9455431 0.3769729 -0.8208401 -0.4290842 0.06774008 -0.9730033 -0.2206262 0.3610454 -0.8023238 -0.4753134 0.1581333 -0.9783722 -0.1333487 0.3889676 -0.828977 -0.4018723 0.2652804 -0.9577438 -0.1111459 0.2646045 -0.8768084 -0.4014868 0.252902 -0.8820583 -0.3975094 2.23517e-6 -0.9446257 -0.3281498 2.27988e-6 -0.9881593 -0.1534315 0.1090623 -0.9741523 -0.1978198 0.3668788 -0.8159523 -0.4467905 0.2788954 -0.9317938 -0.2323312 2.72691e-6 -0.9196618 0.3927116 0.03165799 -0.894555 0.4458353 -8.51974e-6 -0.03975069 0.9992097 0.01034361 -0.05194306 0.9985966 0.3685378 -0.8425309 0.3928378 5.84126e-6 -0.9170878 -0.3986855 6.86664e-6 -0.9803442 -0.1972951 0.2362067 -0.9543145 -0.1830036 0.6928321 -0.7208291 0.01972657 0.8543187 -0.1745002 0.4895808 0.45315 -0.1691107 0.8752467 0.9300543 -0.3578564 0.08329325 0.3957305 -0.8071808 -0.4380145 0.6402459 -0.7638036 -0.08178865 0.01144522 -0.948786 -0.3157122 1.70022e-5 0.9996529 -0.02634811 0.2102675 0.9772052 -0.02928417 1.22041e-5 0.999938 -0.01113861 0.2135648 0.9768199 -0.01460158 0.4169756 0.908341 -0.03237509 0.4456847 0.8951581 -0.007569372 0.5932448 0.8042141 0.03606349 0.5857863 0.8104331 0.007263481 0.6107413 0.7622271 0.2144877 0.8251235 0.5461514 0.1445334 0.4610519 0.866369 0.1919271 0.8137396 0.428223 0.3930053 0.3845129 0.5769229 0.7206315 0.8543304 -0.1744887 0.4895645 0.4531563 -0.169113 0.875243 0.01033639 -0.05195331 0.9985961 0.09905457 0.7360954 0.6695907 -5.78351e-6 -0.03975665 0.9992095 1.07586e-5 0.7301591 0.6832773 0.2318696 0.949254 0.2124932 6.86198e-6 0.9719202 0.2353109 0.930065 -0.357832 0.08327931 0.6402536 -0.7637945 -0.08181357</float_array>
          <technique_common>
            <accessor source="#pm0058_00_41_MouthSkin-mesh-normals-array" count="424" stride="3">
              <param name="X" type="float"/>
              <param name="Y" type="float"/>
              <param name="Z" type="float"/>
            </accessor>
          </technique_common>
        </source>
        <source id="pm0058_00_41_MouthSkin-mesh-map-0">
          <float_array id="pm0058_00_41_MouthSkin-mesh-map-0-array" count="3708">0.8675895 0.6592054 0.8423147 0.6585309 0.8433757 0.6466698 0.8423147 0.6585309 0.8675895 0.6592054 0.8635028 0.6789613 0.8675895 0.6592054 0.8913207 0.6813536 0.8635028 0.6789613 0.8675895 0.6592054 0.891767 0.6628595 0.8913207 0.6813536 0.891767 0.6628595 0.9262176 0.673456 0.8913207 0.6813536 0.891767 0.6628595 0.9197009 0.6554485 0.9262176 0.673456 0.9197009 0.6554485 0.954639 0.6559983 0.9262176 0.673456 0.9197009 0.6554485 0.9403498 0.6395329 0.954639 0.6559983 0.9403498 0.6395329 0.9744427 0.6310923 0.954639 0.6559983 0.9403498 0.6395329 0.9537127 0.6188879 0.9744427 0.6310923 0.9537127 0.6188879 0.9850702 0.6028144 0.9744427 0.6310923 0.9537127 0.6188879 0.9611454 0.597258 0.9850702 0.6028144 0.9611454 0.597258 0.9891443 0.5776256 0.9850702 0.6028144 0.9611454 0.597258 0.9635587 0.5752712 0.9891443 0.5776256 0.8943517 0.6455934 0.9197009 0.6554485 0.891767 0.6628595 0.8943517 0.6455934 0.9147303 0.6412831 0.9197009 0.6554485 0.9147303 0.6412831 0.9403498 0.6395329 0.9197009 0.6554485 0.9147303 0.6412831 0.9293919 0.6293268 0.9403498 0.6395329 0.9293919 0.6293268 0.9537127 0.6188879 0.9403498 0.6395329 0.9293919 0.6293268 0.9377132 0.6125733 0.9537127 0.6188879 0.9377132 0.6125733 0.9611454 0.597258 0.9537127 0.6188879 0.9377132 0.6125733 0.9393957 0.5942789 0.9611454 0.597258 0.9611454 0.597258 0.9403591 0.5751535 0.9635587 0.5752712 0.9611454 0.597258 0.9393957 0.5942789 0.9403591 0.5751535 0.9635587 0.5752712 0.9403591 0.5751535 0.9372625 0.5595278 0.9635587 0.5752712 0.9372625 0.5595278 0.9606512 0.549983 0.9635587 0.5752712 0.9890263 0.5539747 0.9891443 0.5776256 0.9635587 0.5752712 0.9606512 0.549983 0.9890263 0.5539747 0.8970442 0.6337691 0.9147303 0.6412831 0.8943517 0.6455934 0.88534 0.6251267 0.8970442 0.6337691 0.8943517 0.6455934 0.9025843 0.6150901 0.8970442 0.6337691 0.88534 0.6251267 0.9025843 0.6150901 0.9103315 0.6294353 0.8970442 0.6337691 0.8970442 0.6337691 0.9103315 0.6294353 0.9147303 0.6412831 0.9211025 0.6233764 0.9103315 0.6294353 0.9025843 0.6150901 0.9147303 0.6412831 0.9211025 0.6233764 0.9293919 0.6293268 0.9147303 0.6412831 0.9103315 0.6294353 0.9211025 0.6233764 0.9211025 0.6233764 0.9377132 0.6125733 0.9293919 0.6293268 0.9211025 0.6233764 0.9025843 0.6150901 0.9206944 0.6109398 0.9211025 0.6233764 0.9206944 0.6109398 0.9377132 0.6125733 0.9206944 0.6109398 0.9393957 0.5942789 0.9377132 0.6125733 0.9025843 0.6150901 0.9184823 0.593438 0.9206944 0.6109398 0.9206944 0.6109398 0.9184823 0.593438 0.9393957 0.5942789 0.9184823 0.593438 0.9403591 0.5751535 0.9393957 0.5942789 0.9025843 0.6150901 0.8931432 0.5955091 0.9184823 0.593438 0.8931432 0.5955091 0.9025843 0.6150901 0.88534 0.6251267 0.9184823 0.593438 0.8931432 0.5955091 0.8953045 0.5755574 0.9184823 0.593438 0.8953045 0.5755574 0.9180663 0.5749187 0.9184823 0.593438 0.9180663 0.5749187 0.9403591 0.5751535 0.9372625 0.5595278 0.9403591 0.5751535 0.9180663 0.5749187 0.9175651 0.5573612 0.9180663 0.5749187 0.8953045 0.5755574 0.9372625 0.5595278 0.9180663 0.5749187 0.9175651 0.5573612 0.9175651 0.5573612 0.8953045 0.5755574 0.8945823 0.5565836 0.9177587 0.5330404 0.9175651 0.5573612 0.8945823 0.5565836 0.9177587 0.5330404 0.8945823 0.5565836 0.8941531 0.5349889 0.8941531 0.5349889 0.8945823 0.5565836 0.8735871 0.5565667 0.8941531 0.5349889 0.8735871 0.5565667 0.8703582 0.5364316 0.8945823 0.5565836 0.8771365 0.5749101 0.8735871 0.5565667 0.8945823 0.5565836 0.8953045 0.5755574 0.8771365 0.5749101 0.9376876 0.5413986 0.9175651 0.5573612 0.9177587 0.5330404 0.9376876 0.5413986 0.9372625 0.5595278 0.9175651 0.5573612 0.9177587 0.5330404 0.8941531 0.5349889 0.8945518 0.5200265 0.8945518 0.5200265 0.8941531 0.5349889 0.8703582 0.5364316 0.8945518 0.5200265 0.8703582 0.5364316 0.8639178 0.5169191 0.8773451 0.4957356 0.8945518 0.5200265 0.8639178 0.5169191 0.8773451 0.4957356 0.8639178 0.5169191 0.8567813 0.4951604 0.872776 0.4694482 0.8773451 0.4957356 0.8567813 0.4951604 0.872776 0.4694482 0.8567813 0.4951604 0.8537126 0.4692797 0.9372625 0.5595278 0.9376876 0.5413986 0.9606512 0.549983 0.8953045 0.5755574 0.8760479 0.592231 0.8771365 0.5749101 0.8953045 0.5755574 0.8931432 0.5955091 0.8760479 0.592231 0.8931432 0.5955091 0.8646112 0.6069544 0.8760479 0.592231 0.8931432 0.5955091 0.88534 0.6251267 0.8646112 0.6069544 0.88534 0.6251267 0.8533657 0.6213977 0.8646112 0.6069544 0.88534 0.6251267 0.874944 0.6402875 0.8533657 0.6213977 0.8467333 0.6347844 0.8533657 0.6213977 0.874944 0.6402875 0.88534 0.6251267 0.8943517 0.6455934 0.874944 0.6402875 0.874944 0.6402875 0.8943517 0.6455934 0.891767 0.6628595 0.874944 0.6402875 0.891767 0.6628595 0.8675895 0.6592054 0.8675895 0.6592054 0.8467333 0.6347844 0.874944 0.6402875 0.8675895 0.6592054 0.8433757 0.6466698 0.8467333 0.6347844 0.7634149 0.6397386 0.7618324 0.6188293 0.7756695 0.6325304 0.7634149 0.6397386 0.7498635 0.6282538 0.7618324 0.6188293 0.775136 0.6507291 0.7634149 0.6397386 0.7756695 0.6325304 0.775136 0.6507291 0.7756695 0.6325304 0.7897059 0.6438 0.7527164 0.647148 0.7498635 0.6282538 0.7634149 0.6397386 0.7527164 0.647148 0.7394946 0.6373004 0.7498635 0.6282538 0.7643946 0.6566995 0.7634149 0.6397386 0.775136 0.6507291 0.7643946 0.6566995 0.7527164 0.647148 0.7634149 0.6397386 0.7853727 0.6621724 0.775136 0.6507291 0.7897059 0.6438 0.7853727 0.6621724 0.7897059 0.6438 0.8014484 0.6560528 0.7929054 0.6745608 0.7853727 0.6621724 0.8014484 0.6560528 0.7853727 0.6621724 0.7929054 0.6745608 0.7805728 0.6769161 0.7853727 0.6621724 0.7805728 0.6769161 0.7739456 0.6667112 0.7739456 0.6667112 0.775136 0.6507291 0.7853727 0.6621724 0.7739456 0.6667112 0.7643946 0.6566995 0.775136 0.6507291 0.7929054 0.6745608 0.8014484 0.6560528 0.8094438 0.6715667 0.795589 0.6860622 0.7929054 0.6745608 0.8094438 0.6715667 0.795589 0.6860622 0.8094438 0.6715667 0.8141505 0.6869364 0.7643946 0.6566995 0.7739456 0.6667112 0.7669776 0.6707364 0.7643946 0.6566995 0.7669776 0.6707364 0.7568936 0.6627421 0.7568936 0.6627421 0.7527164 0.647148 0.7643946 0.6566995 0.7568936 0.6627421 0.7446007 0.6548194 0.7527164 0.647148 0.7446007 0.6548194 0.7394946 0.6373004 0.7527164 0.647148 0.7446007 0.6548194 0.7319768 0.6464738 0.7394946 0.6373004 0.783846 0.6857119 0.7929054 0.6745608 0.795589 0.6860622 0.783846 0.6857119 0.7805728 0.6769161 0.7929054 0.6745608 0.7733432 0.6787189 0.7739456 0.6667112 0.7805728 0.6769161 0.7733432 0.6787189 0.7669776 0.6707364 0.7739456 0.6667112 0.7765184 0.6867301 0.7805728 0.6769161 0.783846 0.6857119 0.7765184 0.6867301 0.7733432 0.6787189 0.7805728 0.6769161 0.7703609 0.6817358 0.7733432 0.6787189 0.7765184 0.6867301 0.7703609 0.6817358 0.7765184 0.6867301 0.7741187 0.688368 0.7741187 0.688368 0.7709566 0.685495 0.7703609 0.6817358 0.7741187 0.688368 0.7711301 0.6901389 0.7709566 0.685495 0.7703609 0.6817358 0.7709566 0.685495 0.7687356 0.6818536 0.7709566 0.685495 0.7647514 0.6818348 0.7687356 0.6818536 0.7709566 0.685495 0.7644091 0.6866018 0.7647514 0.6818348 0.7644091 0.6866018 0.7709566 0.685495 0.7711301 0.6901389 0.7539289 0.6825266 0.7647514 0.6818348 0.7644091 0.6866018 0.7539289 0.6825266 0.7644091 0.6866018 0.7540971 0.6879935 0.7540971 0.6879935 0.7409639 0.6843872 0.7539289 0.6825266 0.7540971 0.6879935 0.7419564 0.6901664 0.7409639 0.6843872 0.7287787 0.6880142 0.7409639 0.6843872 0.7419564 0.6901664 0.7287787 0.6880142 0.7419564 0.6901664 0.7297029 0.6936399 0.7327828 0.702776 0.7297029 0.6936399 0.7419564 0.6901664 0.7327828 0.702776 0.7419564 0.6901664 0.7450463 0.6985898 0.7450463 0.6985898 0.7419564 0.6901664 0.7540971 0.6879935 0.7377676 0.7118363 0.7327828 0.702776 0.7450463 0.6985898 0.7377676 0.7118363 0.7450463 0.6985898 0.7502991 0.7064151 0.7502991 0.7064151 0.7450463 0.6985898 0.7561503 0.6949843 0.7450463 0.6985898 0.7540971 0.6879935 0.7561503 0.6949843 0.7502991 0.7064151 0.7561503 0.6949843 0.7608737 0.7013768 0.7467778 0.7201729 0.7377676 0.7118363 0.7502991 0.7064151 0.7467778 0.7201729 0.7502991 0.7064151 0.7587799 0.7134543 0.7587799 0.7134543 0.7502991 0.7064151 0.7608737 0.7013768 0.7571354 0.7276839 0.7467778 0.7201729 0.7587799 0.7134543 0.7571354 0.7276839 0.7587799 0.7134543 0.7695125 0.7194486 0.7695125 0.7194486 0.7685337 0.7327668 0.7571354 0.7276839 0.7695125 0.7194486 0.7808431 0.7235622 0.7685337 0.7327668 0.7813352 0.7110856 0.7808431 0.7235622 0.7695125 0.7194486 0.7813352 0.7110856 0.7965914 0.7136505 0.7808431 0.7235622 0.7965914 0.7136505 0.7813352 0.7110856 0.7907571 0.7026571 0.7965914 0.7136505 0.7907571 0.7026571 0.8112 0.7019945 0.7695125 0.7194486 0.7691481 0.7066261 0.7813352 0.7110856 0.7695125 0.7194486 0.7587799 0.7134543 0.7691481 0.7066261 0.7587799 0.7134543 0.7608737 0.7013768 0.7691481 0.7066261 0.7813352 0.7110856 0.7764899 0.6996775 0.7907571 0.7026571 0.7813352 0.7110856 0.7691481 0.7066261 0.7764899 0.6996775 0.7650425 0.6921908 0.7608737 0.7013768 0.7561503 0.6949843 0.7650425 0.6921908 0.7686743 0.6972694 0.7608737 0.7013768 0.7691481 0.7066261 0.7686743 0.6972694 0.7764899 0.6996775 0.7691481 0.7066261 0.7608737 0.7013768 0.7686743 0.6972694 0.7734885 0.6951321 0.7764899 0.6996775 0.7686743 0.6972694 0.7822737 0.6944389 0.7907571 0.7026571 0.7764899 0.6996775 0.7822737 0.6944389 0.7940151 0.695285 0.7907571 0.7026571 0.8112 0.7019945 0.7907571 0.7026571 0.7940151 0.695285 0.8141505 0.6869364 0.8112 0.7019945 0.7940151 0.695285 0.7940151 0.695285 0.7822737 0.6944389 0.783846 0.6857119 0.7940151 0.695285 0.783846 0.6857119 0.795589 0.6860622 0.8141505 0.6869364 0.7940151 0.695285 0.795589 0.6860622 0.7822737 0.6944389 0.7765184 0.6867301 0.783846 0.6857119 0.7822737 0.6944389 0.7770549 0.6925882 0.7765184 0.6867301 0.7764899 0.6996775 0.7770549 0.6925882 0.7822737 0.6944389 0.7764899 0.6996775 0.7734885 0.6951321 0.7770549 0.6925882 0.7741187 0.688368 0.7765184 0.6867301 0.7770549 0.6925882 0.7711301 0.6901389 0.7770549 0.6925882 0.7734885 0.6951321 0.7711301 0.6901389 0.7741187 0.688368 0.7770549 0.6925882 0.7686743 0.6972694 0.7711301 0.6901389 0.7734885 0.6951321 0.7686743 0.6972694 0.7650425 0.6921908 0.7711301 0.6901389 0.7644091 0.6866018 0.7711301 0.6901389 0.7650425 0.6921908 0.7540971 0.6879935 0.7644091 0.6866018 0.7650425 0.6921908 0.7540971 0.6879935 0.7650425 0.6921908 0.7561503 0.6949843 0.7390121 0.7456365 0.7287539 0.7397293 0.7432613 0.7365758 0.7390121 0.7456365 0.7243317 0.7533937 0.7287539 0.7397293 0.7238507 0.7404894 0.7287539 0.7397293 0.7243317 0.7533937 0.7238507 0.7404894 0.7243317 0.7533937 0.7207982 0.751509 0.721784 0.7321714 0.7287539 0.7397293 0.7238507 0.7404894 0.721784 0.7321714 0.7261644 0.7299121 0.7287539 0.7397293 0.721784 0.7321714 0.7164428 0.7238143 0.7261644 0.7299121 0.7261644 0.7299121 0.7164428 0.7238143 0.7218992 0.7177799 0.7261644 0.7299121 0.7218992 0.7177799 0.7339463 0.7265383 0.7287539 0.7397293 0.7339463 0.7265383 0.7432613 0.7365758 0.7287539 0.7397293 0.7261644 0.7299121 0.7339463 0.7265383 0.721784 0.7321714 0.7134943 0.7271696 0.7164428 0.7238143 0.7390121 0.7456365 0.7329027 0.7576039 0.7243317 0.7533937 0.704108 0.7219775 0.7164428 0.7238143 0.7134943 0.7271696 0.704108 0.7219775 0.7134943 0.7271696 0.7047968 0.7256947 0.7164428 0.7238143 0.7034497 0.7180483 0.7218992 0.7177799 0.7164428 0.7238143 0.704108 0.7219775 0.7034497 0.7180483 0.7034497 0.7180483 0.7187598 0.7069931 0.7218992 0.7177799 0.7034497 0.7180483 0.7026197 0.7097159 0.7187598 0.7069931 0.7187598 0.7069931 0.7026197 0.7097159 0.7023784 0.7008825 0.7187598 0.7069931 0.7023784 0.7008825 0.7169113 0.697736 0.7020506 0.6949731 0.7169113 0.697736 0.7023784 0.7008825 0.7020506 0.6949731 0.7160963 0.6918768 0.7169113 0.697736 0.7339463 0.7265383 0.7218992 0.7177799 0.7377676 0.7118363 0.7339463 0.7265383 0.7377676 0.7118363 0.7467778 0.7201729 0.7432613 0.7365758 0.7339463 0.7265383 0.7467778 0.7201729 0.7432613 0.7365758 0.7467778 0.7201729 0.7571354 0.7276839 0.7327828 0.702776 0.7187598 0.7069931 0.7169113 0.697736 0.7218992 0.7177799 0.7327828 0.702776 0.7377676 0.7118363 0.7218992 0.7177799 0.7187598 0.7069931 0.7327828 0.702776 0.7327828 0.702776 0.7169113 0.697736 0.7297029 0.6936399 0.7297029 0.6936399 0.7169113 0.697736 0.7160963 0.6918768 0.7297029 0.6936399 0.7160963 0.6918768 0.7287787 0.6880142 0.7571354 0.7276839 0.7586445 0.7414048 0.7432613 0.7365758 0.7432613 0.7365758 0.7586445 0.7414048 0.7506835 0.7509558 0.7432613 0.7365758 0.7506835 0.7509558 0.7390121 0.7456365 0.7390121 0.7456365 0.7506835 0.7509558 0.7431698 0.7625706 0.7390121 0.7456365 0.7431698 0.7625706 0.7329027 0.7576039 0.7571354 0.7276839 0.7685337 0.7327668 0.7586445 0.7414048 0.7408904 0.6604855 0.7278839 0.6556318 0.7285006 0.6534655 0.7408904 0.6604855 0.7403139 0.6626347 0.7278839 0.6556318 0.7533174 0.6677734 0.7403139 0.6626347 0.7408904 0.6604855 0.7533174 0.6677734 0.7530416 0.6696967 0.7403139 0.6626347 0.7634719 0.6745226 0.7530416 0.6696967 0.7533174 0.6677734 0.7634719 0.6745226 0.7627226 0.676415 0.7530416 0.6696967 0.7679027 0.6818786 0.7627226 0.676415 0.7634719 0.6745226 0.7679027 0.6818786 0.7634719 0.6745226 0.7703609 0.6817358 0.7703609 0.6817358 0.7687356 0.6818536 0.7679027 0.6818786 0.7733432 0.6787189 0.7703609 0.6817358 0.7634719 0.6745226 0.7733432 0.6787189 0.7634719 0.6745226 0.7669776 0.6707364 0.7408904 0.6604855 0.7285006 0.6534655 0.7319768 0.6464738 0.7408904 0.6604855 0.7319768 0.6464738 0.7446007 0.6548194 0.7533174 0.6677734 0.7408904 0.6604855 0.7446007 0.6548194 0.7533174 0.6677734 0.7446007 0.6548194 0.7568936 0.6627421 0.7634719 0.6745226 0.7568936 0.6627421 0.7669776 0.6707364 0.7634719 0.6745226 0.7533174 0.6677734 0.7568936 0.6627421 0.6706941 0.5755555 0.6654445 0.5807268 0.6654445 0.5744414 0.6706941 0.5755555 0.6727264 0.581008 0.6654445 0.5807268 0.6711547 0.5858855 0.6654445 0.5807268 0.6727264 0.581008 0.6727264 0.581008 0.6783716 0.5914493 0.6711547 0.5858855 0.6727264 0.581008 0.682415 0.5817844 0.6783716 0.5914493 0.6711547 0.5858855 0.6783716 0.5914493 0.6654445 0.5963596 0.6711547 0.5858855 0.6654445 0.5963596 0.6654445 0.5875694 0.6711547 0.5858855 0.6654445 0.5875694 0.6654445 0.5807268 0.676296 0.5711979 0.6727264 0.581008 0.6706941 0.5755555 0.676296 0.5711979 0.682415 0.5817844 0.6727264 0.581008 0.6706941 0.5755555 0.6654445 0.566101 0.676296 0.5711979 0.6706941 0.5755555 0.6654445 0.5744414 0.6654445 0.566101 0.8635028 0.6789613 0.8398607 0.6711593 0.8423147 0.6585309 0.5375245 0.04485803 0.541038 0.05965209 0.527761 0.05221968 0.5375245 0.04485803 0.5491667 0.05194669 0.541038 0.05965209 0.5310848 0.03627902 0.5375245 0.04485803 0.527761 0.05221968 0.5310848 0.03627902 0.527761 0.05221968 0.5178132 0.04145056 0.5310848 0.03627902 0.5467486 0.03184896 0.5375245 0.04485803 0.5467486 0.03184896 0.5491667 0.05194669 0.5375245 0.04485803 0.5310848 0.03627902 0.5285673 0.02433699 0.5467486 0.03184896 0.5178132 0.04145056 0.5285673 0.02433699 0.5310848 0.03627902 0.5404401 0.009357213 0.5467486 0.03184896 0.5285673 0.02433699 0.5554791 0.009357273 0.5467486 0.03184896 0.5404401 0.009357213 0.5554791 0.009357273 0.5600212 0.02607965 0.5467486 0.03184896 0.5600212 0.02607965 0.5608845 0.04308199 0.5467486 0.03184896 0.5467486 0.03184896 0.5608845 0.04308199 0.5491667 0.05194669 0.5600212 0.02607965 0.5658665 0.03765147 0.5608845 0.04308199 0.5706782 0.009357273 0.5600212 0.02607965 0.5554791 0.009357273 0.5706782 0.009357273 0.5721989 0.02310281 0.5600212 0.02607965 0.5824597 0.009357273 0.5721989 0.02310281 0.5706782 0.009357273 0.5824597 0.009357273 0.5831084 0.02299839 0.5721989 0.02310281 0.5600212 0.02607965 0.5720925 0.0355097 0.5658665 0.03765147 0.5600212 0.02607965 0.5721989 0.02310281 0.5720925 0.0355097 0.5404401 0.009357213 0.5285673 0.02433699 0.5279482 0.009357213 0.5090141 0.009357213 0.5279482 0.009357213 0.5285673 0.02433699 0.5090141 0.009357213 0.5285673 0.02433699 0.5121343 0.02696448 0.5178132 0.04145056 0.5121343 0.02696448 0.5285673 0.02433699 0.5658665 0.03765147 0.5677214 0.04570764 0.5608845 0.04308199 0.5658665 0.03765147 0.5720925 0.0355097 0.5677214 0.04570764 0.5745907 0.04939252 0.5677214 0.04570764 0.5720925 0.0355097 0.5745907 0.04939252 0.5720925 0.0355097 0.5827162 0.03648734 0.5721989 0.02310281 0.5827162 0.03648734 0.5720925 0.0355097 0.5721989 0.02310281 0.5831084 0.02299839 0.5827162 0.03648734 0.5641975 0.05726468 0.5677214 0.04570764 0.5745907 0.04939252 0.5641975 0.05726468 0.5589147 0.05598121 0.5677214 0.04570764 0.5608845 0.04308199 0.5677214 0.04570764 0.5589147 0.05598121 0.5607934 0.05979007 0.5589147 0.05598121 0.5641975 0.05726468 0.5608845 0.04308199 0.5589147 0.05598121 0.5491667 0.05194669 0.5542917 0.06134903 0.5491667 0.05194669 0.5589147 0.05598121 0.5542917 0.06134903 0.5589147 0.05598121 0.5607934 0.05979007 0.5542917 0.06134903 0.541038 0.05965209 0.5491667 0.05194669 0.6610231 0.02927672 0.6535049 0.009357392 0.6674779 0.009357273 0.6610231 0.02927672 0.6499591 0.02646172 0.6535049 0.009357392 0.6479306 0.04386669 0.6499591 0.02646172 0.6610231 0.02927672 0.6479306 0.04386669 0.6409419 0.04027342 0.6499591 0.02646172 0.6347127 0.05263823 0.6409419 0.04027342 0.6479306 0.04386669 0.6347127 0.05263823 0.6295571 0.04827678 0.6409419 0.04027342 0.625335 0.05788111 0.6295571 0.04827678 0.6347127 0.05263823 0.625335 0.05788111 0.6211009 0.05388242 0.6295571 0.04827678 0.6211009 0.05388242 0.6200419 0.04071056 0.6295571 0.04827678 0.6211009 0.05388242 0.6148839 0.04497188 0.6200419 0.04071056 0.6148839 0.04497188 0.6118531 0.03516453 0.6200419 0.04071056 0.6083956 0.04939252 0.6118531 0.03516453 0.6148839 0.04497188 0.6211009 0.05388242 0.6083956 0.04939252 0.6148839 0.04497188 0.6083956 0.04939252 0.6002698 0.03648734 0.6118531 0.03516453 0.6118531 0.03516453 0.6002698 0.03648734 0.5998774 0.02299839 0.6118531 0.03516453 0.5998774 0.02299839 0.6145353 0.02456355 0.6200419 0.04071056 0.6118531 0.03516453 0.6145353 0.02456355 0.6005259 0.009357273 0.6145353 0.02456355 0.5998774 0.02299839 0.6005259 0.009357273 0.6158586 0.009357273 0.6145353 0.02456355 0.6200419 0.04071056 0.6145353 0.02456355 0.6303992 0.02884846 0.6303992 0.02884846 0.6145353 0.02456355 0.6158586 0.009357273 0.6295571 0.04827678 0.6303992 0.02884846 0.6409419 0.04027342 0.6295571 0.04827678 0.6200419 0.04071056 0.6303992 0.02884846 0.6303992 0.02884846 0.6158586 0.009357273 0.6345637 0.009357511 0.6409419 0.04027342 0.6303992 0.02884846 0.6499591 0.02646172 0.6499591 0.02646172 0.6303992 0.02884846 0.6345637 0.009357511 0.6499591 0.02646172 0.6345637 0.009357511 0.6535049 0.009357392 0.6211009 0.05388242 0.6187883 0.05726468 0.6083956 0.04939252 0.6221929 0.05979007 0.6187883 0.05726468 0.6211009 0.05388242 0.6221929 0.05979007 0.6211009 0.05388242 0.625335 0.05788111 0.1576852 0.6585309 0.1324104 0.6592054 0.1566242 0.6466698 0.1324104 0.6592054 0.1576852 0.6585309 0.1364973 0.6789613 0.1086793 0.6813536 0.1324104 0.6592054 0.1364973 0.6789613 0.1086793 0.6813536 0.1082329 0.6628595 0.1324104 0.6592054 0.07378232 0.673456 0.1082329 0.6628595 0.1086793 0.6813536 0.07378232 0.673456 0.08029913 0.6554485 0.1082329 0.6628595 0.04536104 0.6559983 0.08029913 0.6554485 0.07378232 0.673456 0.04536104 0.6559983 0.05965018 0.6395329 0.08029913 0.6554485 0.02555716 0.6310923 0.05965018 0.6395329 0.04536104 0.6559983 0.02555716 0.6310923 0.04628729 0.6188879 0.05965018 0.6395329 0.04628729 0.6188879 0.02555716 0.6310923 0.01492965 0.6028144 0.04628729 0.6188879 0.01492965 0.6028144 0.03885447 0.597258 0.01085567 0.5776256 0.03885447 0.597258 0.01492965 0.6028144 0.01085567 0.5776256 0.0364412 0.5752712 0.03885447 0.597258 0.08029913 0.6554485 0.1056483 0.6455934 0.1082329 0.6628595 0.08029913 0.6554485 0.08526957 0.6412831 0.1056483 0.6455934 0.08526957 0.6412831 0.08029913 0.6554485 0.05965018 0.6395329 0.08526957 0.6412831 0.05965018 0.6395329 0.07060801 0.6293268 0.07060801 0.6293268 0.05965018 0.6395329 0.04628729 0.6188879 0.07060801 0.6293268 0.04628729 0.6188879 0.06228685 0.6125733 0.03885447 0.597258 0.06228685 0.6125733 0.04628729 0.6188879 0.03885447 0.597258 0.06060421 0.5942789 0.06228685 0.6125733 0.05964088 0.5751535 0.03885447 0.597258 0.0364412 0.5752712 0.05964088 0.5751535 0.06060421 0.5942789 0.03885447 0.597258 0.01097369 0.5539747 0.0364412 0.5752712 0.01085567 0.5776256 0.01097369 0.5539747 0.03934884 0.549983 0.0364412 0.5752712 0.1029557 0.6337691 0.1056483 0.6455934 0.08526957 0.6412831 0.1146599 0.6251267 0.1056483 0.6455934 0.1029557 0.6337691 0.1029557 0.6337691 0.09741568 0.6150901 0.1146599 0.6251267 0.1029557 0.6337691 0.08966851 0.6294353 0.09741568 0.6150901 0.1029557 0.6337691 0.08526957 0.6412831 0.08966851 0.6294353 0.07889747 0.6233764 0.09741568 0.6150901 0.08966851 0.6294353 0.07889747 0.6233764 0.08526957 0.6412831 0.07060801 0.6293268 0.07889747 0.6233764 0.08966851 0.6294353 0.08526957 0.6412831 0.07889747 0.6233764 0.07060801 0.6293268 0.06228685 0.6125733 0.07889747 0.6233764 0.07930564 0.6109398 0.09741568 0.6150901 0.07889747 0.6233764 0.06228685 0.6125733 0.07930564 0.6109398 0.06060421 0.5942789 0.07930564 0.6109398 0.06228685 0.6125733 0.08151769 0.593438 0.09741568 0.6150901 0.07930564 0.6109398 0.06060421 0.5942789 0.08151769 0.593438 0.07930564 0.6109398 0.08151769 0.593438 0.06060421 0.5942789 0.05964088 0.5751535 0.08151769 0.593438 0.1068568 0.5955091 0.09741568 0.6150901 0.1146599 0.6251267 0.09741568 0.6150901 0.1068568 0.5955091 0.08151769 0.593438 0.1046954 0.5755574 0.1068568 0.5955091 0.08151769 0.593438 0.08193373 0.5749187 0.1046954 0.5755574 0.08151769 0.593438 0.05964088 0.5751535 0.08193373 0.5749187 0.1046954 0.5755574 0.08193373 0.5749187 0.08243477 0.5573612 0.1046954 0.5755574 0.08243477 0.5573612 0.1054177 0.5565836 0.1054177 0.5565836 0.08243477 0.5573612 0.08224117 0.5330404 0.1054177 0.5565836 0.08224117 0.5330404 0.1058468 0.5349889 0.1058468 0.5349889 0.1264128 0.5565667 0.1054177 0.5565836 0.1058468 0.5349889 0.1296417 0.5364316 0.1264128 0.5565667 0.1054177 0.5565836 0.1228634 0.5749101 0.1046954 0.5755574 0.1054177 0.5565836 0.1264128 0.5565667 0.1228634 0.5749101 0.06231224 0.5413986 0.08224117 0.5330404 0.08243477 0.5573612 0.06231224 0.5413986 0.08243477 0.5573612 0.06273746 0.5595278 0.08193373 0.5749187 0.06273746 0.5595278 0.08243477 0.5573612 0.06231224 0.5413986 0.06273746 0.5595278 0.03934884 0.549983 0.1058468 0.5349889 0.08224117 0.5330404 0.1054481 0.5200265 0.1054481 0.5200265 0.1296417 0.5364316 0.1058468 0.5349889 0.1054481 0.5200265 0.1360822 0.5169191 0.1296417 0.5364316 0.1226549 0.4957356 0.1360822 0.5169191 0.1054481 0.5200265 0.1226549 0.4957356 0.1432188 0.4951604 0.1360822 0.5169191 0.1272239 0.4694482 0.1432188 0.4951604 0.1226549 0.4957356 0.1272239 0.4694482 0.1462873 0.4692797 0.1432188 0.4951604 0.06273746 0.5595278 0.0364412 0.5752712 0.03934884 0.549983 0.06273746 0.5595278 0.05964088 0.5751535 0.0364412 0.5752712 0.08193373 0.5749187 0.05964088 0.5751535 0.06273746 0.5595278 0.1046954 0.5755574 0.1228634 0.5749101 0.1239522 0.592231 0.1046954 0.5755574 0.1239522 0.592231 0.1068568 0.5955091 0.1353889 0.6069544 0.1068568 0.5955091 0.1239522 0.592231 0.1146599 0.6251267 0.1068568 0.5955091 0.1353889 0.6069544 0.1466342 0.6213977 0.1146599 0.6251267 0.1353889 0.6069544 0.1466342 0.6213977 0.125056 0.6402875 0.1146599 0.6251267 0.1466342 0.6213977 0.1532667 0.6347844 0.125056 0.6402875 0.1146599 0.6251267 0.125056 0.6402875 0.1056483 0.6455934 0.125056 0.6402875 0.1082329 0.6628595 0.1056483 0.6455934 0.125056 0.6402875 0.1324104 0.6592054 0.1082329 0.6628595 0.1532667 0.6347844 0.1324104 0.6592054 0.125056 0.6402875 0.1566242 0.6466698 0.1324104 0.6592054 0.1532667 0.6347844 0.236585 0.6397386 0.2381676 0.6188292 0.2501366 0.6282538 0.236585 0.6397386 0.2243304 0.6325304 0.2381676 0.6188292 0.224864 0.6507291 0.2243304 0.6325304 0.236585 0.6397386 0.224864 0.6507291 0.2102941 0.6438 0.2243304 0.6325304 0.2472835 0.647148 0.236585 0.6397386 0.2501366 0.6282538 0.2472835 0.647148 0.2501366 0.6282538 0.2605055 0.6373004 0.236585 0.6397386 0.2356054 0.6566995 0.224864 0.6507291 0.236585 0.6397386 0.2472835 0.647148 0.2356054 0.6566995 0.2146272 0.6621724 0.2102941 0.6438 0.224864 0.6507291 0.2146272 0.6621724 0.1985516 0.6560528 0.2102941 0.6438 0.2070945 0.6745608 0.1985516 0.6560528 0.2146272 0.6621724 0.2146272 0.6621724 0.2194273 0.6769161 0.2070945 0.6745608 0.2146272 0.6621724 0.2260544 0.6667112 0.2194273 0.6769161 0.224864 0.6507291 0.2260544 0.6667112 0.2146272 0.6621724 0.224864 0.6507291 0.2356054 0.6566995 0.2260544 0.6667112 0.2070945 0.6745608 0.1905562 0.6715667 0.1985516 0.6560528 0.2044109 0.6860622 0.1905562 0.6715667 0.2070945 0.6745608 0.2044109 0.6860622 0.1858495 0.6869364 0.1905562 0.6715667 0.2330223 0.6707364 0.2260544 0.6667112 0.2356054 0.6566995 0.2330223 0.6707364 0.2356054 0.6566995 0.2431063 0.6627421 0.2431063 0.6627421 0.2356054 0.6566995 0.2472835 0.647148 0.2431063 0.6627421 0.2472835 0.647148 0.2553994 0.6548194 0.2553994 0.6548194 0.2472835 0.647148 0.2605055 0.6373004 0.2553994 0.6548194 0.2605055 0.6373004 0.2680232 0.6464738 0.2070945 0.6745608 0.216154 0.6857118 0.2044109 0.6860622 0.2070945 0.6745608 0.2194273 0.6769161 0.216154 0.6857118 0.2260544 0.6667112 0.2266567 0.6787189 0.2194273 0.6769161 0.2260544 0.6667112 0.2330223 0.6707364 0.2266567 0.6787189 0.2194273 0.6769161 0.2234815 0.6867301 0.216154 0.6857118 0.2194273 0.6769161 0.2266567 0.6787189 0.2234815 0.6867301 0.2234815 0.6867301 0.2266567 0.6787189 0.229639 0.6817358 0.2234815 0.6867301 0.229639 0.6817358 0.2258813 0.688368 0.2258813 0.688368 0.229639 0.6817358 0.2290433 0.685495 0.2258813 0.688368 0.2290433 0.685495 0.2288699 0.6901389 0.229639 0.6817358 0.2312643 0.6818536 0.2290433 0.685495 0.2352485 0.6818348 0.2290433 0.685495 0.2312643 0.6818536 0.2352485 0.6818348 0.2355909 0.6866018 0.2290433 0.685495 0.2355909 0.6866018 0.2288699 0.6901389 0.2290433 0.685495 0.2460711 0.6825266 0.2355909 0.6866018 0.2352485 0.6818348 0.2460711 0.6825266 0.245903 0.6879935 0.2355909 0.6866018 0.259036 0.6843873 0.245903 0.6879935 0.2460711 0.6825266 0.259036 0.6843873 0.2580437 0.6901664 0.245903 0.6879935 0.2712214 0.6880142 0.2580437 0.6901664 0.259036 0.6843873 0.2712214 0.6880142 0.2702971 0.6936399 0.2580437 0.6901664 0.2580437 0.6901664 0.2702971 0.6936399 0.2672172 0.702776 0.2580437 0.6901664 0.2672172 0.702776 0.2549538 0.6985898 0.2549538 0.6985898 0.245903 0.6879935 0.2580437 0.6901664 0.2549538 0.6985898 0.2672172 0.702776 0.2622323 0.7118363 0.2549538 0.6985898 0.2622323 0.7118363 0.2497009 0.7064151 0.2497009 0.7064151 0.2438498 0.6949843 0.2549538 0.6985898 0.2549538 0.6985898 0.2438498 0.6949843 0.245903 0.6879935 0.2497009 0.7064151 0.2391262 0.7013768 0.2438498 0.6949843 0.2497009 0.7064151 0.2622323 0.7118363 0.2532221 0.7201729 0.2497009 0.7064151 0.2532221 0.7201729 0.2412201 0.7134543 0.2391262 0.7013768 0.2497009 0.7064151 0.2412201 0.7134543 0.2428647 0.7276839 0.2412201 0.7134543 0.2532221 0.7201729 0.2428647 0.7276839 0.2304874 0.7194486 0.2412201 0.7134543 0.2304874 0.7194486 0.2428647 0.7276839 0.2314662 0.7327668 0.2304874 0.7194486 0.2314662 0.7327668 0.2191568 0.7235622 0.2186648 0.7110856 0.2304874 0.7194486 0.2191568 0.7235622 0.2186648 0.7110856 0.2191568 0.7235622 0.2034085 0.7136505 0.2092428 0.7026571 0.2186648 0.7110856 0.2034085 0.7136505 0.2092428 0.7026571 0.2034085 0.7136505 0.1888 0.7019945 0.2308518 0.7066261 0.2304874 0.7194486 0.2186648 0.7110856 0.2308518 0.7066261 0.2412201 0.7134543 0.2304874 0.7194486 0.2391262 0.7013768 0.2412201 0.7134543 0.2308518 0.7066261 0.2186648 0.7110856 0.2235102 0.6996774 0.2308518 0.7066261 0.2186648 0.7110856 0.2092428 0.7026571 0.2235102 0.6996774 0.2391262 0.7013768 0.2349575 0.6921908 0.2438498 0.6949843 0.2391262 0.7013768 0.2313256 0.6972694 0.2349575 0.6921908 0.2308518 0.7066261 0.2313256 0.6972694 0.2391262 0.7013768 0.2308518 0.7066261 0.2235102 0.6996774 0.2313256 0.6972694 0.2235102 0.6996774 0.2265114 0.6951321 0.2313256 0.6972694 0.2177263 0.6944389 0.2235102 0.6996774 0.2092428 0.7026571 0.2177263 0.6944389 0.2092428 0.7026571 0.2059848 0.695285 0.2092428 0.7026571 0.1888 0.7019945 0.2059848 0.695285 0.1888 0.7019945 0.1858495 0.6869364 0.2059848 0.695285 0.216154 0.6857118 0.2177263 0.6944389 0.2059848 0.695285 0.216154 0.6857118 0.2059848 0.695285 0.2044109 0.6860622 0.2059848 0.695285 0.1858495 0.6869364 0.2044109 0.6860622 0.2177263 0.6944389 0.216154 0.6857118 0.2234815 0.6867301 0.2177263 0.6944389 0.2234815 0.6867301 0.2229452 0.6925882 0.2229452 0.6925882 0.2235102 0.6996774 0.2177263 0.6944389 0.2229452 0.6925882 0.2265114 0.6951321 0.2235102 0.6996774 0.2234815 0.6867301 0.2258813 0.688368 0.2229452 0.6925882 0.2288699 0.6901389 0.2229452 0.6925882 0.2258813 0.688368 0.2288699 0.6901389 0.2265114 0.6951321 0.2229452 0.6925882 0.2313256 0.6972694 0.2288699 0.6901389 0.2349575 0.6921908 0.2313256 0.6972694 0.2265114 0.6951321 0.2288699 0.6901389 0.2355909 0.6866018 0.2349575 0.6921908 0.2288699 0.6901389 0.245903 0.6879935 0.2349575 0.6921908 0.2355909 0.6866018 0.245903 0.6879935 0.2438498 0.6949843 0.2349575 0.6921908 0.2712461 0.7397293 0.2609879 0.7456365 0.2567387 0.7365758 0.2609879 0.7456365 0.2712461 0.7397293 0.2756683 0.7533936 0.2756683 0.7533936 0.2712461 0.7397293 0.2761493 0.7404894 0.2756683 0.7533936 0.2761493 0.7404894 0.2792019 0.751509 0.2712461 0.7397293 0.2782159 0.7321714 0.2761493 0.7404894 0.2712461 0.7397293 0.2738357 0.7299121 0.2782159 0.7321714 0.2835572 0.7238143 0.2782159 0.7321714 0.2738357 0.7299121 0.2738357 0.7299121 0.2781009 0.7177799 0.2835572 0.7238143 0.2738357 0.7299121 0.2660537 0.7265383 0.2781009 0.7177799 0.2660537 0.7265383 0.2712461 0.7397293 0.2567387 0.7365758 0.2660537 0.7265383 0.2738357 0.7299121 0.2712461 0.7397293 0.2835572 0.7238143 0.2865058 0.7271696 0.2782159 0.7321714 0.2609879 0.7456365 0.2756683 0.7533936 0.2670974 0.7576039 0.295892 0.7219775 0.2865058 0.7271696 0.2835572 0.7238143 0.295892 0.7219775 0.2952032 0.7256947 0.2865058 0.7271696 0.2965503 0.7180483 0.2835572 0.7238143 0.2781009 0.7177799 0.2965503 0.7180483 0.295892 0.7219775 0.2835572 0.7238143 0.2965503 0.7180483 0.2781009 0.7177799 0.2812401 0.7069931 0.2965503 0.7180483 0.2812401 0.7069931 0.2973803 0.7097159 0.2812401 0.7069931 0.2976216 0.7008825 0.2973803 0.7097159 0.2812401 0.7069931 0.2830887 0.697736 0.2976216 0.7008825 0.2979493 0.6949731 0.2976216 0.7008825 0.2830887 0.697736 0.2979493 0.6949731 0.2830887 0.697736 0.2839038 0.6918768 0.2660537 0.7265383 0.2622323 0.7118363 0.2781009 0.7177799 0.2660537 0.7265383 0.2532221 0.7201729 0.2622323 0.7118363 0.2567387 0.7365758 0.2532221 0.7201729 0.2660537 0.7265383 0.2567387 0.7365758 0.2428647 0.7276839 0.2532221 0.7201729 0.2830887 0.697736 0.2812401 0.7069931 0.2672172 0.702776 0.2781009 0.7177799 0.2672172 0.702776 0.2812401 0.7069931 0.2781009 0.7177799 0.2622323 0.7118363 0.2672172 0.702776 0.2830887 0.697736 0.2672172 0.702776 0.2702971 0.6936399 0.2839038 0.6918768 0.2830887 0.697736 0.2702971 0.6936399 0.2839038 0.6918768 0.2702971 0.6936399 0.2712214 0.6880142 0.2428647 0.7276839 0.2567387 0.7365758 0.2413555 0.7414048 0.2567387 0.7365758 0.2493165 0.7509558 0.2413555 0.7414048 0.2567387 0.7365758 0.2609879 0.7456365 0.2493165 0.7509558 0.2568302 0.7625706 0.2493165 0.7509558 0.2609879 0.7456365 0.2568302 0.7625706 0.2609879 0.7456365 0.2670974 0.7576039 0.2428647 0.7276839 0.2413555 0.7414048 0.2314662 0.7327668 0.2721161 0.6556318 0.2591096 0.6604855 0.2714995 0.6534655 0.2721161 0.6556318 0.2596862 0.6626347 0.2591096 0.6604855 0.2596862 0.6626347 0.2466827 0.6677734 0.2591096 0.6604855 0.2596862 0.6626347 0.2469584 0.6696967 0.2466827 0.6677734 0.2469584 0.6696967 0.2365281 0.6745226 0.2466827 0.6677734 0.2469584 0.6696967 0.2372774 0.676415 0.2365281 0.6745226 0.2320973 0.6818785 0.2365281 0.6745226 0.2372774 0.676415 0.2320973 0.6818785 0.229639 0.6817358 0.2365281 0.6745226 0.229639 0.6817358 0.2320973 0.6818785 0.2312643 0.6818536 0.2365281 0.6745226 0.229639 0.6817358 0.2266567 0.6787189 0.2365281 0.6745226 0.2266567 0.6787189 0.2330223 0.6707364 0.2591096 0.6604855 0.2680232 0.6464738 0.2714995 0.6534655 0.2591096 0.6604855 0.2553994 0.6548194 0.2680232 0.6464738 0.2466827 0.6677734 0.2553994 0.6548194 0.2591096 0.6604855 0.2466827 0.6677734 0.2431063 0.6627421 0.2553994 0.6548194 0.2365281 0.6745226 0.2431063 0.6627421 0.2466827 0.6677734 0.2365281 0.6745226 0.2330223 0.6707364 0.2431063 0.6627421 0.3345556 0.5807268 0.3293059 0.5755555 0.3345556 0.5744414 0.3345556 0.5807268 0.3272736 0.581008 0.3293059 0.5755555 0.3288453 0.5858855 0.3272736 0.581008 0.3345556 0.5807268 0.3272736 0.581008 0.3288453 0.5858855 0.3216286 0.5914493 0.3272736 0.581008 0.3216286 0.5914493 0.317585 0.5817844 0.3345556 0.5963596 0.3216286 0.5914493 0.3288453 0.5858855 0.3345556 0.5963596 0.3288453 0.5858855 0.3345556 0.5875694 0.3288453 0.5858855 0.3345556 0.5807268 0.3345556 0.5875694 0.3272736 0.581008 0.323704 0.5711979 0.3293059 0.5755555 0.3272736 0.581008 0.317585 0.5817844 0.323704 0.5711979 0.3293059 0.5755555 0.3345556 0.566101 0.3345556 0.5744414 0.3293059 0.5755555 0.323704 0.5711979 0.3345556 0.566101 0.1601392 0.6711593 0.1364973 0.6789613 0.1576852 0.6585309 0.4624755 0.04485803 0.458962 0.05965209 0.4508333 0.05194669 0.4624755 0.04485803 0.4722389 0.05221968 0.458962 0.05965209 0.4689152 0.03627902 0.4722389 0.05221968 0.4624755 0.04485803 0.4689152 0.03627902 0.4821868 0.04145056 0.4722389 0.05221968 0.4532515 0.03184896 0.4689152 0.03627902 0.4624755 0.04485803 0.4532515 0.03184896 0.4624755 0.04485803 0.4508333 0.05194669 0.4532515 0.03184896 0.4714326 0.02433699 0.4689152 0.03627902 0.4714326 0.02433699 0.4821868 0.04145056 0.4689152 0.03627902 0.4595599 0.009357213 0.4714326 0.02433699 0.4532515 0.03184896 0.4445211 0.009357273 0.4595599 0.009357213 0.4532515 0.03184896 0.4445211 0.009357273 0.4532515 0.03184896 0.4399788 0.02607965 0.4399788 0.02607965 0.4532515 0.03184896 0.4391154 0.04308199 0.4532515 0.03184896 0.4508333 0.05194669 0.4391154 0.04308199 0.4399788 0.02607965 0.4391154 0.04308199 0.4341334 0.03765147 0.4293219 0.009357273 0.4445211 0.009357273 0.4399788 0.02607965 0.4293219 0.009357273 0.4399788 0.02607965 0.4278011 0.02310281 0.4175403 0.009357273 0.4293219 0.009357273 0.4278011 0.02310281 0.4175403 0.009357273 0.4278011 0.02310281 0.4168916 0.02299839 0.4279074 0.0355097 0.4399788 0.02607965 0.4341334 0.03765147 0.4279074 0.0355097 0.4278011 0.02310281 0.4399788 0.02607965 0.4595599 0.009357213 0.4720519 0.009357213 0.4714326 0.02433699 0.4714326 0.02433699 0.4720519 0.009357213 0.4909859 0.009357213 0.4714326 0.02433699 0.4909859 0.009357213 0.4878657 0.02696448 0.4714326 0.02433699 0.4878657 0.02696448 0.4821868 0.04145056 0.4341334 0.03765147 0.4322786 0.04570764 0.4279074 0.0355097 0.4341334 0.03765147 0.4391154 0.04308199 0.4322786 0.04570764 0.4279074 0.0355097 0.4322786 0.04570764 0.4254094 0.04939252 0.4279074 0.0355097 0.4254094 0.04939252 0.4172838 0.03648734 0.4278011 0.02310281 0.4172838 0.03648734 0.4168916 0.02299839 0.4278011 0.02310281 0.4279074 0.0355097 0.4172838 0.03648734 0.4322786 0.04570764 0.4358025 0.05726468 0.4254094 0.04939252 0.4322786 0.04570764 0.4410853 0.05598121 0.4358025 0.05726468 0.4391154 0.04308199 0.4410853 0.05598121 0.4322786 0.04570764 0.4410853 0.05598121 0.4392067 0.05979007 0.4358025 0.05726468 0.4391154 0.04308199 0.4508333 0.05194669 0.4410853 0.05598121 0.4508333 0.05194669 0.4457083 0.06134903 0.4410853 0.05598121 0.4410853 0.05598121 0.4457083 0.06134903 0.4392067 0.05979007 0.4508333 0.05194669 0.458962 0.05965209 0.4457083 0.06134903 0.346495 0.009357392 0.3389768 0.02927672 0.3325222 0.009357273 0.346495 0.009357392 0.3500409 0.02646172 0.3389768 0.02927672 0.3500409 0.02646172 0.3520693 0.04386669 0.3389768 0.02927672 0.3500409 0.02646172 0.3590582 0.04027342 0.3520693 0.04386669 0.3590582 0.04027342 0.3652872 0.05263823 0.3520693 0.04386669 0.3590582 0.04027342 0.3704428 0.04827678 0.3652872 0.05263823 0.3704428 0.04827678 0.374665 0.05788111 0.3652872 0.05263823 0.3704428 0.04827678 0.378899 0.05388242 0.374665 0.05788111 0.379958 0.04071056 0.378899 0.05388242 0.3704428 0.04827678 0.379958 0.04071056 0.3851161 0.04497188 0.378899 0.05388242 0.388147 0.03516453 0.3851161 0.04497188 0.379958 0.04071056 0.3916044 0.04939252 0.3851161 0.04497188 0.388147 0.03516453 0.3916044 0.04939252 0.378899 0.05388242 0.3851161 0.04497188 0.3916044 0.04939252 0.388147 0.03516453 0.3997302 0.03648734 0.4001227 0.02299839 0.3997302 0.03648734 0.388147 0.03516453 0.4001227 0.02299839 0.388147 0.03516453 0.3854646 0.02456355 0.3854646 0.02456355 0.388147 0.03516453 0.379958 0.04071056 0.3854646 0.02456355 0.399474 0.009357273 0.4001227 0.02299839 0.3854646 0.02456355 0.3841415 0.009357273 0.399474 0.009357273 0.3854646 0.02456355 0.379958 0.04071056 0.3696009 0.02884846 0.3841415 0.009357273 0.3854646 0.02456355 0.3696009 0.02884846 0.3696009 0.02884846 0.3704428 0.04827678 0.3590582 0.04027342 0.3696009 0.02884846 0.379958 0.04071056 0.3704428 0.04827678 0.3841415 0.009357273 0.3696009 0.02884846 0.3654363 0.009357511 0.3696009 0.02884846 0.3590582 0.04027342 0.3500409 0.02646172 0.3654363 0.009357511 0.3696009 0.02884846 0.3500409 0.02646172 0.3654363 0.009357511 0.3500409 0.02646172 0.346495 0.009357392 0.3916044 0.04939252 0.3812118 0.05726468 0.378899 0.05388242 0.3778073 0.05979007 0.378899 0.05388242 0.3812118 0.05726468 0.3778073 0.05979007 0.374665 0.05788111 0.378899 0.05388242</float_array>
          <technique_common>
            <accessor source="#pm0058_00_41_MouthSkin-mesh-map-0-array" count="1854" stride="2">
              <param name="S" type="float"/>
              <param name="T" type="float"/>
            </accessor>
          </technique_common>
        </source>
        <vertices id="pm0058_00_41_MouthSkin-mesh-vertices">
          <input semantic="POSITION" source="#pm0058_00_41_MouthSkin-mesh-positions"/>
        </vertices>
        <triangles material="pm0058_00_41-Body00-material" count="618">
          <input semantic="VERTEX" source="#pm0058_00_41_MouthSkin-mesh-vertices" offset="0"/>
          <input semantic="NORMAL" source="#pm0058_00_41_MouthSkin-mesh-normals" offset="1"/>
          <input semantic="TEXCOORD" source="#pm0058_00_41_MouthSkin-mesh-map-0" offset="2" set="0"/>
          <p>2 0 0 1 1 1 0 2 2 1 1 3 2 0 4 3 3 5 2 0 6 4 4 7 3 3 8 2 0 9 5 5 10 4 4 11 5 5 12 6 6 13 4 4 14 5 5 15 7 7 16 6 6 17 7 7 18 8 8 19 6 6 20 7 7 21 9 9 22 8 8 23 9 9 24 10 10 25 8 8 26 9 9 27 11 11 28 10 10 29 11 11 30 12 12 31 10 10 32 11 11 33 13 13 34 12 12 35 13 13 36 14 14 37 12 12 38 13 13 39 15 15 40 14 14 41 16 16 42 7 7 43 5 5 44 16 16 45 17 17 46 7 7 47 17 17 48 9 9 49 7 7 50 17 17 51 18 18 52 9 9 53 18 18 54 11 11 55 9 9 56 18 18 57 19 19 58 11 11 59 19 19 60 13 13 61 11 11 62 19 19 63 20 20 64 13 13 65 13 13 66 21 21 67 15 15 68 13 13 69 20 20 70 21 21 71 15 15 72 21 21 73 22 22 74 15 15 75 22 22 76 23 23 77 15 15 78 24 24 79 14 14 80 15 15 81 23 23 82 24 24 83 25 25 84 17 17 85 16 16 86 26 26 87 25 25 88 16 16 89 27 27 90 25 25 91 26 26 92 27 27 93 28 28 94 25 25 95 25 25 96 28 28 97 17 17 98 29 29 99 28 28 100 27 27 101 17 17 102 29 29 103 18 18 104 17 17 105 28 28 106 29 29 107 29 29 108 19 19 109 18 18 110 29 29 111 27 27 112 30 30 113 29 29 114 30 30 115 19 19 116 30 30 117 20 20 118 19 19 119 27 27 120 31 31 121 30 30 122 30 30 123 31 31 124 20 20 125 31 31 126 21 21 127 20 20 128 27 27 129 32 32 130 31 31 131 32 32 132 27 27 133 26 26 134 31 31 135 32 32 136 33 33 137 31 31 138 33 33 139 34 34 140 31 31 141 34 34 142 21 21 143 22 22 144 21 21 145 34 34 146 35 35 147 34 34 148 33 33 149 22 22 150 34 34 151 35 35 152 35 35 153 33 33 154 36 36 155 37 37 156 35 35 157 36 36 158 37 37 159 36 36 160 38 38 161 38 38 162 36 36 163 39 39 164 38 38 165 39 39 166 40 40 167 36 36 168 41 41 169 39 39 170 36 36 171 33 33 172 41 41 173 42 42 174 35 35 175 37 37 176 42 42 177 22 22 178 35 35 179 37 37 180 38 38 181 43 43 182 43 43 183 38 38 184 40 40 185 43 43 186 40 40 187 44 44 188 45 45 189 43 43 190 44 44 191 45 45 192 44 44 193 46 46 194 47 47 195 45 45 196 46 46 197 47 47 198 46 46 199 48 48 200 22 22 201 42 42 202 23 23 203 33 33 204 49 49 205 41 41 206 33 33 207 32 32 208 49 49 209 32 32 210 50 50 211 49 49 212 32 32 213 26 26 214 50 50 215 26 26 216 51 51 217 50 50 218 26 26 219 52 52 220 51 51 221 53 53 222 51 51 223 52 52 224 26 26 225 16 16 226 52 52 227 52 52 228 16 16 229 5 5 230 52 52 231 5 5 232 2 0 233 2 0 234 53 53 235 52 52 236 2 0 237 0 2 238 53 53 239 56 54 240 55 55 241 54 56 242 56 54 243 57 57 244 55 55 245 58 58 246 56 54 247 54 56 248 58 58 249 54 56 250 59 59 251 60 60 252 57 57 253 56 54 254 60 60 255 61 61 256 57 57 257 62 62 258 56 54 259 58 58 260 62 62 261 60 60 262 56 54 263 63 63 264 58 58 265 59 59 266 63 63 267 59 59 268 64 64 269 65 65 270 63 63 271 64 64 272 63 63 273 65 65 274 66 66 275 63 63 276 66 66 277 67 67 278 67 67 279 58 58 280 63 63 281 67 67 282 62 62 283 58 58 284 65 65 285 64 64 286 68 68 287 69 69 288 65 65 289 68 68 290 69 69 291 68 68 292 70 70 293 62 62 294 67 67 295 71 71 296 62 62 297 71 71 298 72 72 299 72 72 300 60 60 301 62 62 302 72 72 303 73 73 304 60 60 305 73 73 306 61 61 307 60 60 308 73 73 309 74 74 310 61 61 311 75 75 312 65 65 313 69 69 314 75 75 315 66 66 316 65 65 317 76 76 318 67 67 319 66 66 320 76 76 321 71 71 322 67 67 323 77 77 324 66 66 325 75 75 326 77 77 327 76 76 328 66 66 329 78 78 330 76 76 331 77 77 332 78 78 333 77 77 334 79 79 335 79 79 336 80 80 337 78 78 338 79 79 339 81 81 340 80 80 341 78 78 342 80 80 343 82 82 344 80 80 345 83 83 346 82 82 347 80 80 348 84 84 349 83 83 350 84 84 351 80 80 352 81 81 353 85 85 354 83 83 355 84 84 356 85 85 357 84 84 358 86 86 359 86 86 360 87 87 361 85 85 362 86 86 363 88 88 364 87 87 365 89 89 366 87 87 367 88 88 368 89 89 369 88 88 370 90 90 371 91 91 372 90 90 373 88 88 374 91 91 375 88 88 376 92 92 377 92 92 378 88 88 379 86 86 380 93 93 381 91 91 382 92 92 383 93 93 384 92 92 385 94 94 386 94 94 387 92 92 388 95 95 389 92 92 390 86 86 391 95 95 392 94 94 393 95 95 394 96 96 395 97 97 396 93 93 397 94 94 398 97 97 399 94 94 400 98 98 401 98 98 402 94 94 403 96 96 404 99 99 405 97 97 406 98 98 407 99 99 408 98 98 409 100 100 410 100 100 411 101 101 412 99 99 413 100 100 414 102 102 415 101 101 416 103 103 417 102 102 418 100 100 419 103 103 420 104 104 421 102 102 422 104 104 423 103 103 424 105 105 425 104 104 426 105 105 427 106 106 428 100 100 429 107 107 430 103 103 431 100 100 432 98 98 433 107 107 434 98 98 435 96 96 436 107 107 437 103 103 438 108 108 439 105 105 440 103 103 441 107 107 442 108 108 443 109 109 444 96 96 445 95 95 446 109 109 447 110 110 448 96 96 449 107 107 450 110 110 451 108 108 452 107 107 453 96 96 454 110 110 455 111 111 456 108 108 457 110 110 458 112 112 459 105 105 460 108 108 461 112 112 462 113 113 463 105 105 464 106 106 465 105 105 466 113 113 467 70 70 468 106 106 469 113 113 470 113 113 471 112 112 472 75 75 473 113 113 474 75 75 475 69 69 476 70 70 477 113 113 478 69 69 479 112 112 480 77 77 481 75 75 482 112 112 483 114 114 484 77 77 485 108 108 486 114 114 487 112 112 488 108 108 489 111 111 490 114 114 491 79 79 492 77 77 493 114 114 494 81 81 495 114 114 496 111 111 497 81 81 498 79 79 499 114 114 500 110 110 501 81 81 502 111 111 503 110 110 504 109 109 505 81 81 506 84 84 507 81 81 508 109 109 509 86 86 510 84 84 511 109 109 512 86 86 513 109 109 514 95 95 515 117 115 516 116 116 517 115 117 518 117 115 519 118 118 520 116 116 521 119 119 522 116 116 523 118 118 524 119 119 525 118 118 526 120 120 527 121 121 528 116 116 529 119 119 530 121 121 531 122 122 532 116 116 533 121 121 534 123 123 535 122 122 536 122 122 537 123 123 538 124 124 539 122 122 540 124 124 541 125 125 542 116 116 543 125 125 544 115 117 545 116 116 546 122 122 547 125 125 548 121 121 549 126 126 550 123 123 551 117 115 552 127 127 553 118 118 554 128 128 555 123 123 556 126 126 557 128 128 558 126 126 559 129 129 560 123 123 561 130 130 562 124 124 563 123 123 564 128 128 565 130 130 566 130 130 567 131 131 568 124 124 569 130 130 570 132 132 571 131 131 572 131 131 573 132 132 574 133 133 575 131 131 576 133 133 577 134 134 578 135 135 579 134 134 580 133 133 581 135 135 582 136 136 583 134 134 584 125 125 585 124 124 586 93 93 587 125 125 588 93 93 589 97 97 590 115 117 591 125 125 592 97 97 593 115 117 594 97 97 595 99 99 596 91 91 597 131 131 598 134 134 599 124 124 600 91 91 601 93 93 602 124 124 603 131 131 604 91 91 605 91 91 606 134 134 607 90 90 608 90 90 609 134 134 610 136 136 611 90 90 612 136 136 613 89 89 614 99 99 615 137 137 616 115 117 617 115 117 618 137 137 619 138 138 620 115 117 621 138 138 622 117 115 623 117 115 624 138 138 625 139 139 626 117 115 627 139 139 628 127 127 629 99 99 630 101 101 631 137 137 632 142 140 633 141 141 634 140 142 635 142 140 636 143 143 637 141 141 638 144 144 639 143 143 640 142 140 641 144 144 642 145 145 643 143 143 644 146 146 645 145 145 646 144 144 647 146 146 648 147 147 649 145 145 650 148 148 651 147 147 652 146 146 653 148 148 654 146 146 655 78 78 656 78 78 657 82 82 658 148 148 659 76 76 660 78 78 661 146 146 662 76 76 663 146 146 664 71 71 665 142 140 666 140 142 667 74 74 668 142 140 669 74 74 670 73 73 671 144 144 672 142 140 673 73 73 674 144 144 675 73 73 676 72 72 677 146 146 678 72 72 679 71 71 680 146 146 681 144 144 682 72 72 683 151 149 684 150 150 685 149 151 686 151 149 687 152 152 688 150 150 689 153 153 690 150 150 691 152 152 692 152 152 693 154 154 694 153 153 695 152 152 696 155 155 697 154 154 698 153 153 699 154 154 700 156 156 701 153 153 702 156 156 703 157 157 704 153 153 705 157 157 706 150 150 707 158 158 708 152 152 709 151 149 710 158 158 711 155 155 712 152 152 713 151 149 714 159 159 715 158 158 716 151 149 717 149 151 718 159 159 719 3 3 720 160 160 721 1 1 722 163 161 723 162 162 724 161 163 725 163 161 726 164 164 727 162 162 728 165 165 729 163 161 730 161 163 731 165 165 732 161 163 733 166 166 734 165 165 735 167 167 736 163 161 737 167 167 738 164 164 739 163 161 740 165 165 741 168 168 742 167 167 743 166 166 744 168 168 745 165 165 746 169 169 747 167 167 748 168 168 749 170 170 750 167 167 751 169 169 752 170 170 753 171 171 754 167 167 755 171 171 756 172 172 757 167 167 758 167 167 759 172 172 760 164 164 761 171 171 762 173 173 763 172 172 764 174 174 765 171 171 766 170 170 767 174 174 768 175 175 769 171 171 770 176 176 771 175 175 772 174 174 773 176 176 774 177 177 775 175 175 776 171 171 777 178 178 778 173 173 779 171 171 780 175 175 781 178 178 782 169 169 783 168 168 784 179 179 785 180 180 786 179 179 787 168 168 788 180 180 789 168 168 790 181 181 791 166 166 792 181 181 793 168 168 794 173 173 795 182 182 796 172 172 797 173 173 798 178 178 799 182 182 800 183 183 801 182 182 802 178 178 803 183 183 804 178 178 805 184 184 806 175 175 807 184 184 808 178 178 809 175 175 810 177 177 811 184 184 812 185 185 813 182 182 814 183 183 815 185 185 816 186 186 817 182 182 818 172 172 819 182 182 820 186 186 821 187 187 822 186 186 823 185 185 824 172 172 825 186 186 826 164 164 827 188 188 828 164 164 829 186 186 830 188 188 831 186 186 832 187 187 833 188 188 834 162 162 835 164 164 836 191 189 837 190 190 838 189 191 839 191 189 840 192 192 841 190 190 842 193 193 843 192 192 844 191 189 845 193 193 846 194 194 847 192 192 848 195 195 849 194 194 850 193 193 851 195 195 852 196 196 853 194 194 854 197 197 855 196 196 856 195 195 857 197 197 858 198 198 859 196 196 860 198 198 861 199 199 862 196 196 863 198 198 864 200 200 865 199 199 866 200 200 867 201 201 868 199 199 869 202 202 870 201 201 871 200 200 872 198 198 873 202 202 874 200 200 875 202 202 876 203 203 877 201 201 878 201 201 879 203 203 880 204 204 881 201 201 882 204 204 883 205 205 884 199 199 885 201 201 886 205 205 887 206 206 888 205 205 889 204 204 890 206 206 891 207 207 892 205 205 893 199 199 894 205 205 895 208 208 896 208 208 897 205 205 898 207 207 899 196 196 900 208 208 901 194 194 902 196 196 903 199 199 904 208 208 905 208 208 906 207 207 907 209 209 908 194 194 909 208 208 910 192 192 911 192 192 912 208 208 913 209 209 914 192 192 915 209 209 916 190 190 917 198 198 918 210 210 919 202 202 920 211 211 921 210 210 922 198 198 923 211 211 924 198 198 925 197 197 926 214 212 927 213 213 928 212 214 929 213 213 930 214 212 931 215 215 932 216 216 933 213 213 934 215 215 935 216 216 936 217 217 937 213 213 938 218 218 939 217 217 940 216 216 941 218 218 942 219 219 943 217 217 944 220 220 945 219 219 946 218 218 947 220 220 948 221 221 949 219 219 950 222 222 951 221 221 952 220 220 953 222 222 954 223 223 955 221 221 956 223 223 957 222 222 958 224 224 959 223 223 960 224 224 961 225 225 962 226 226 963 225 225 964 224 224 965 226 226 966 227 227 967 225 225 968 219 219 969 228 228 970 217 217 971 219 219 972 229 229 973 228 228 974 229 229 975 219 219 976 221 221 977 229 229 978 221 221 979 230 230 980 230 230 981 221 221 982 223 223 983 230 230 984 223 223 985 231 231 986 225 225 987 231 231 988 223 223 989 225 225 990 232 232 991 231 231 992 233 233 993 225 225 994 227 227 995 233 233 996 232 232 997 225 225 998 234 234 999 227 227 1000 226 226 1001 234 234 1002 235 235 1003 227 227 1004 236 236 1005 228 228 1006 229 229 1007 237 237 1008 228 228 1009 236 236 1010 236 236 1011 238 238 1012 237 237 1013 236 236 1014 239 239 1015 238 238 1016 236 236 1017 229 229 1018 239 239 1019 240 240 1020 238 238 1021 239 239 1022 240 240 1023 229 229 1024 230 230 1025 240 240 1026 239 239 1027 229 229 1028 240 240 1029 230 230 1030 231 231 1031 240 240 1032 241 241 1033 238 238 1034 240 240 1035 231 231 1036 241 241 1037 232 232 1038 241 241 1039 231 231 1040 242 242 1041 238 238 1042 241 241 1043 232 232 1044 242 242 1045 241 241 1046 242 242 1047 232 232 1048 233 233 1049 242 242 1050 243 243 1051 238 238 1052 237 237 1053 238 238 1054 243 243 1055 242 242 1056 244 244 1057 243 243 1058 242 242 1059 245 245 1060 244 244 1061 242 242 1062 233 233 1063 245 245 1064 244 244 1065 245 245 1066 246 246 1067 244 244 1068 246 246 1069 247 247 1070 247 247 1071 246 246 1072 248 248 1073 247 247 1074 248 248 1075 249 249 1076 249 249 1077 250 250 1078 247 247 1079 249 249 1080 251 251 1081 250 250 1082 247 247 1083 252 252 1084 244 244 1085 247 247 1086 250 250 1087 252 252 1088 253 253 1089 248 248 1090 246 246 1091 253 253 1092 246 246 1093 254 254 1094 245 245 1095 254 254 1096 246 246 1097 253 253 1098 254 254 1099 235 235 1100 249 249 1101 248 248 1102 255 255 1103 255 255 1104 251 251 1105 249 249 1106 255 255 1107 256 256 1108 251 251 1109 257 257 1110 256 256 1111 255 255 1112 257 257 1113 258 258 1114 256 256 1115 259 259 1116 258 258 1117 257 257 1118 259 259 1119 260 260 1120 258 258 1121 254 254 1122 227 227 1123 235 235 1124 254 254 1125 233 233 1126 227 227 1127 245 245 1128 233 233 1129 254 254 1130 244 244 1131 252 252 1132 261 261 1133 244 244 1134 261 261 1135 243 243 1136 262 262 1137 243 243 1138 261 261 1139 237 237 1140 243 243 1141 262 262 1142 263 263 1143 237 237 1144 262 262 1145 263 263 1146 264 264 1147 237 237 1148 263 263 1149 265 265 1150 264 264 1151 237 237 1152 264 264 1153 228 228 1154 264 264 1155 217 217 1156 228 228 1157 264 264 1158 213 213 1159 217 217 1160 265 265 1161 213 213 1162 264 264 1163 212 214 1164 213 213 1165 265 265 1166 268 266 1167 267 267 1168 266 268 1169 268 266 1170 269 269 1171 267 267 1172 270 270 1173 269 269 1174 268 266 1175 270 270 1176 271 271 1177 269 269 1178 272 272 1179 268 266 1180 266 268 1181 272 272 1182 266 268 1183 273 273 1184 268 266 1185 274 274 1186 270 270 1187 268 266 1188 272 272 1189 274 274 1190 275 275 1191 271 271 1192 270 270 1193 275 275 1194 276 276 1195 271 271 1196 277 277 1197 276 276 1198 275 275 1199 275 275 1200 278 278 1201 277 277 1202 275 275 1203 279 279 1204 278 278 1205 270 270 1206 279 279 1207 275 275 1208 270 270 1209 274 274 1210 279 279 1211 277 277 1212 280 280 1213 276 276 1214 281 281 1215 280 280 1216 277 277 1217 281 281 1218 282 282 1219 280 280 1220 283 283 1221 279 279 1222 274 274 1223 283 283 1224 274 274 1225 284 284 1226 284 284 1227 274 274 1228 272 272 1229 284 284 1230 272 272 1231 285 285 1232 285 285 1233 272 272 1234 273 273 1235 285 285 1236 273 273 1237 286 286 1238 277 277 1239 287 287 1240 281 281 1241 277 277 1242 278 278 1243 287 287 1244 279 279 1245 288 288 1246 278 278 1247 279 279 1248 283 283 1249 288 288 1250 278 278 1251 289 289 1252 287 287 1253 278 278 1254 288 288 1255 289 289 1256 289 289 1257 288 288 1258 290 290 1259 289 289 1260 290 290 1261 291 291 1262 291 291 1263 290 290 1264 292 292 1265 291 291 1266 292 292 1267 293 293 1268 290 290 1269 294 294 1270 292 292 1271 295 295 1272 292 292 1273 294 294 1274 295 295 1275 296 296 1276 292 292 1277 296 296 1278 293 293 1279 292 292 1280 297 297 1281 296 296 1282 295 295 1283 297 297 1284 298 298 1285 296 296 1286 299 299 1287 298 298 1288 297 297 1289 299 299 1290 300 300 1291 298 298 1292 301 301 1293 300 300 1294 299 299 1295 301 301 1296 302 302 1297 300 300 1298 300 300 1299 302 302 1300 303 303 1301 300 300 1302 303 303 1303 304 304 1304 304 304 1305 298 298 1306 300 300 1307 304 304 1308 303 303 1309 305 305 1310 304 304 1311 305 305 1312 306 306 1313 306 306 1314 307 307 1315 304 304 1316 304 304 1317 307 307 1318 298 298 1319 306 306 1320 308 308 1321 307 307 1322 306 306 1323 305 305 1324 309 309 1325 306 306 1326 309 309 1327 310 310 1328 308 308 1329 306 306 1330 310 310 1331 311 311 1332 310 310 1333 309 309 1334 311 311 1335 312 312 1336 310 310 1337 312 312 1338 311 311 1339 313 313 1340 312 312 1341 313 313 1342 314 314 1343 315 315 1344 312 312 1345 314 314 1346 315 315 1347 314 314 1348 316 316 1349 317 317 1350 315 315 1351 316 316 1352 317 317 1353 316 316 1354 318 318 1355 319 319 1356 312 312 1357 315 315 1358 319 319 1359 310 310 1360 312 312 1361 308 308 1362 310 310 1363 319 319 1364 315 315 1365 320 320 1366 319 319 1367 315 315 1368 317 317 1369 320 320 1370 308 308 1371 321 321 1372 307 307 1373 308 308 1374 322 322 1375 321 321 1376 319 319 1377 322 322 1378 308 308 1379 319 319 1380 320 320 1381 322 322 1382 320 320 1383 323 323 1384 322 322 1385 324 324 1386 320 320 1387 317 317 1388 324 324 1389 317 317 1390 325 325 1391 317 317 1392 318 318 1393 325 325 1394 318 318 1395 282 282 1396 325 325 1397 287 287 1398 324 324 1399 325 325 1400 287 287 1401 325 325 1402 281 281 1403 325 325 1404 282 282 1405 281 281 1406 324 324 1407 287 287 1408 289 289 1409 324 324 1410 289 289 1411 326 326 1412 326 326 1413 320 320 1414 324 324 1415 326 326 1416 323 323 1417 320 320 1418 289 289 1419 291 291 1420 326 326 1421 293 293 1422 326 326 1423 291 291 1424 293 293 1425 323 323 1426 326 326 1427 322 322 1428 293 293 1429 321 321 1430 322 322 1431 323 323 1432 293 293 1433 296 296 1434 321 321 1435 293 293 1436 298 298 1437 321 321 1438 296 296 1439 298 298 1440 307 307 1441 321 321 1442 329 327 1443 328 328 1444 327 329 1445 328 328 1446 329 327 1447 330 330 1448 330 330 1449 329 327 1450 331 331 1451 330 330 1452 331 331 1453 332 332 1454 329 327 1455 333 333 1456 331 331 1457 329 327 1458 334 334 1459 333 333 1460 335 335 1461 333 333 1462 334 334 1463 334 334 1464 336 336 1465 335 335 1466 334 334 1467 337 337 1468 336 336 1469 337 337 1470 329 327 1471 327 329 1472 337 337 1473 334 334 1474 329 327 1475 335 335 1476 338 338 1477 333 333 1478 328 328 1479 330 330 1480 339 339 1481 340 340 1482 338 338 1483 335 335 1484 340 340 1485 341 341 1486 338 338 1487 342 342 1488 335 335 1489 336 336 1490 342 342 1491 340 340 1492 335 335 1493 342 342 1494 336 336 1495 343 343 1496 342 342 1497 343 343 1498 344 344 1499 343 343 1500 345 345 1501 344 344 1502 343 343 1503 346 346 1504 345 345 1505 347 347 1506 345 345 1507 346 346 1508 347 347 1509 346 346 1510 348 348 1511 337 337 1512 305 305 1513 336 336 1514 337 337 1515 309 309 1516 305 305 1517 327 329 1518 309 309 1519 337 337 1520 327 329 1521 311 311 1522 309 309 1523 346 346 1524 343 343 1525 303 303 1526 336 336 1527 303 303 1528 343 343 1529 336 336 1530 305 305 1531 303 303 1532 346 346 1533 303 303 1534 302 302 1535 348 348 1536 346 346 1537 302 302 1538 348 348 1539 302 302 1540 301 301 1541 311 311 1542 327 329 1543 349 349 1544 327 329 1545 350 350 1546 349 349 1547 327 329 1548 328 328 1549 350 350 1550 351 351 1551 350 350 1552 328 328 1553 351 351 1554 328 328 1555 339 339 1556 311 311 1557 349 349 1558 313 313 1559 354 352 1560 353 353 1561 352 354 1562 354 352 1563 355 355 1564 353 353 1565 355 355 1566 356 356 1567 353 353 1568 355 355 1569 357 357 1570 356 356 1571 357 357 1572 358 358 1573 356 356 1574 357 357 1575 359 359 1576 358 358 1577 360 360 1578 358 358 1579 359 359 1580 360 360 1581 290 290 1582 358 358 1583 290 290 1584 360 360 1585 294 294 1586 358 358 1587 290 290 1588 288 288 1589 358 358 1590 288 288 1591 283 283 1592 353 353 1593 286 286 1594 352 354 1595 353 353 1596 285 285 1597 286 286 1598 356 356 1599 285 285 1600 353 353 1601 356 356 1602 284 284 1603 285 285 1604 358 358 1605 284 284 1606 356 356 1607 358 358 1608 283 283 1609 284 284 1610 363 361 1611 362 362 1612 361 363 1613 363 361 1614 364 364 1615 362 362 1616 365 365 1617 364 364 1618 363 361 1619 364 364 1620 365 365 1621 366 366 1622 364 364 1623 366 366 1624 367 367 1625 368 368 1626 366 366 1627 365 365 1628 368 368 1629 365 365 1630 369 369 1631 365 365 1632 363 361 1633 369 369 1634 364 364 1635 370 370 1636 362 362 1637 364 364 1638 367 367 1639 370 370 1640 362 362 1641 371 371 1642 361 363 1643 362 362 1644 370 370 1645 371 371 1646 372 372 1647 215 215 1648 214 212 1649 375 373 1650 374 374 1651 373 375 1652 375 373 1653 376 376 1654 374 374 1655 377 377 1656 376 376 1657 375 373 1658 377 377 1659 378 378 1660 376 376 1661 379 379 1662 377 377 1663 375 373 1664 379 379 1665 375 373 1666 373 375 1667 379 379 1668 380 380 1669 377 377 1670 380 380 1671 378 378 1672 377 377 1673 381 381 1674 380 380 1675 379 379 1676 382 382 1677 381 381 1678 379 379 1679 382 382 1680 379 379 1681 383 383 1682 383 383 1683 379 379 1684 384 384 1685 379 379 1686 373 375 1687 384 384 1688 383 383 1689 384 384 1690 385 385 1691 386 386 1692 382 382 1693 383 383 1694 386 386 1695 383 383 1696 387 387 1697 388 388 1698 386 386 1699 387 387 1700 388 388 1701 387 387 1702 389 389 1703 390 390 1704 383 383 1705 385 385 1706 390 390 1707 387 387 1708 383 383 1709 381 381 1710 391 391 1711 380 380 1712 380 380 1713 391 391 1714 392 392 1715 380 380 1716 392 392 1717 393 393 1718 380 380 1719 393 393 1720 378 378 1721 385 385 1722 394 394 1723 390 390 1724 385 385 1725 384 384 1726 394 394 1727 390 390 1728 394 394 1729 395 395 1730 390 390 1731 395 395 1732 396 396 1733 387 387 1734 396 396 1735 389 389 1736 387 387 1737 390 390 1738 396 396 1739 394 394 1740 397 397 1741 395 395 1742 394 394 1743 398 398 1744 397 397 1745 384 384 1746 398 398 1747 394 394 1748 398 398 1749 399 399 1750 397 397 1751 384 384 1752 373 375 1753 398 398 1754 373 375 1755 400 400 1756 398 398 1757 398 398 1758 400 400 1759 399 399 1760 373 375 1761 374 374 1762 400 400 1763 403 401 1764 402 402 1765 401 403 1766 403 401 1767 404 404 1768 402 402 1769 404 404 1770 405 405 1771 402 402 1772 404 404 1773 406 406 1774 405 405 1775 406 406 1776 407 407 1777 405 405 1778 406 406 1779 408 408 1780 407 407 1781 408 408 1782 409 409 1783 407 407 1784 408 408 1785 410 410 1786 409 409 1787 411 411 1788 410 410 1789 408 408 1790 411 411 1791 412 412 1792 410 410 1793 413 413 1794 412 412 1795 411 411 1796 414 414 1797 412 412 1798 413 413 1799 414 414 1800 410 410 1801 412 412 1802 414 414 1803 413 413 1804 415 415 1805 416 416 1806 415 415 1807 413 413 1808 416 416 1809 413 413 1810 417 417 1811 417 417 1812 413 413 1813 411 411 1814 417 417 1815 418 418 1816 416 416 1817 417 417 1818 419 419 1819 418 418 1820 417 417 1821 411 411 1822 420 420 1823 419 419 1824 417 417 1825 420 420 1826 420 420 1827 408 408 1828 406 406 1829 420 420 1830 411 411 1831 408 408 1832 419 419 1833 420 420 1834 421 421 1835 420 420 1836 406 406 1837 404 404 1838 421 421 1839 420 420 1840 404 404 1841 421 421 1842 404 404 1843 403 401 1844 414 414 1845 422 422 1846 410 410 1847 423 423 1848 410 410 1849 422 422 1850 423 423 1851 409 409 1852 410 410 1853</p>
        </triangles>
      </mesh>
    </geometry>
    <geometry id="pm0058_00_41_HairASkin-mesh" name="pm0058_00_41_HairASkin">
      <mesh>
        <source id="pm0058_00_41_HairASkin-mesh-positions">
          <float_array id="pm0058_00_41_HairASkin-mesh-positions-array" count="1893">0.01942539 0.696349 0.008847177 0 0.6934239 0.001102089 0.02132564 0.6924299 0.008124053 0 0.689378 -5.37186e-4 0.02739894 0.7021464 0.02741366 0.03006809 0.6986188 0.02853399 0.0199483 0.7060584 0.04701727 0.02219223 0.7030185 0.05030667 0 0.706946 0.05616837 0 0.7043333 0.06082803 0 0.7276172 0.03954261 0.0138849 0.7258449 0.03413867 0 0.7459339 0.02091908 0.005479335 0.7452625 0.01880413 0.01980298 0.7215253 0.02094382 0.007856309 0.7435932 0.01358479 0 0.7535699 0.01032912 0.005658566 0.7418906 0.008187592 0.01412385 0.7171319 0.007519602 0 0.715291 0.001880347 0 0.7411682 0.005886435 0.01855015 0.630558 0.1987055 0.04157781 0.6291959 0.1969853 0.01844966 0.6178767 0.2082563 0.04120004 0.6133664 0.2086083 0 0.6215361 0.203276 0 0.6301338 0.1971707 0 0.638204 0.1901571 0.01929748 0.6396781 0.1882114 0.03784012 0.6401061 0.1841087 0.04129803 0.6536824 0.173597 0 0.6552103 0.1793559 0.06317776 0.6349158 0.1724083 0.08265954 0.6438516 0.1527497 0.09221959 0.6256327 0.1567189 0.09551596 0.6140189 0.1739352 0.1118302 0.5972613 0.1530836 0.1093468 0.6089619 0.1375462 0.06796491 0.6248931 0.1894148 0.09388279 0.5967641 0.1900347 0.06739807 0.6069935 0.2030448 0.1110112 0.6223 0.1184893 0.118806 0.589021 0.1239813 0.1148881 0.6072483 0.0998097 0.1118748 0.5829931 0.1686375 0.03730744 0.5937121 0.2138516 0.01566737 0.6007656 0.2129338 0.01128911 0.5832412 0.2085179 0.0296061 0.5725681 0.2083622 0 0.5925428 0.2056379 0 0.6075115 0.2065401 0.06203997 0.5847112 0.2092953 0.05201494 0.5623815 0.2037381 0.07451826 0.5542688 0.1941498 0.08611851 0.5743947 0.1982343 0.09104275 0.5482708 0.1799585 0.103945 0.5639775 0.1797655 0.09611481 0.5432828 0.1647033 0.1109266 0.5564331 0.1616352 0.1176438 0.5449351 0.153886 0.1030502 0.531739 0.161682 0.08509117 0.5267197 0.1505849 0.07876813 0.5372353 0.1561331 0.07023394 0.5456928 0.1313654 0.05651634 0.5395759 0.1606836 0.04266178 0.5510469 0.1410794 0.03612548 0.5464386 0.1649426 0.08015191 0.5259564 0.1229404 0.07753622 0.540038 0.1704626 0.0649082 0.5438737 0.1810756 0.04399162 0.5511587 0.1910699 0.01791185 0.5580267 0.1680788 0.02326089 0.5616878 0.1948587 0.00558418 0.5710735 0.1718714 0.01079899 0.5734634 0.1458936 0.008033037 0.5727989 0.1941129 0 0.5773578 0.1759669 0 0.5802876 0.1932864 0 0.5882694 0.1461912 -0.008033037 0.5727989 0.1941129 -0.00558418 0.5710735 0.1718714 -0.02326089 0.5616878 0.1948587 -0.01791185 0.5580267 0.1680788 -0.01079899 0.5734634 0.1458936 -0.04399162 0.5511587 0.1910699 -0.03612548 0.5464386 0.1649426 -0.0649082 0.5438737 0.1810756 -0.05651634 0.5395759 0.1606836 -0.04266178 0.5510469 0.1410794 -0.07023394 0.5456928 0.1313654 -0.07876813 0.5372353 0.1561331 -0.08509117 0.5267197 0.1505849 -0.09611481 0.5432828 0.1647033 -0.1030502 0.531739 0.161682 -0.1176438 0.5449351 0.153886 -0.1109266 0.5564331 0.1616352 -0.08015191 0.5259564 0.1229404 -0.103945 0.5639775 0.1797655 -0.09104275 0.5482708 0.1799585 -0.08611851 0.5743947 0.1982343 -0.07451826 0.5542688 0.1941498 -0.06203997 0.5847112 0.2092953 -0.05201494 0.5623815 0.2037381 -0.07753622 0.540038 0.1704626 -0.0296061 0.5725681 0.2083622 -0.03730744 0.5937121 0.2138516 -0.01128911 0.5832412 0.2085179 -0.01566737 0.6007656 0.2129338 -0.01844966 0.6178767 0.2082563 -0.01855015 0.630558 0.1987055 -0.04157781 0.6291959 0.1969853 -0.04120004 0.6133664 0.2086083 -0.01929748 0.6396781 0.1882114 -0.03784012 0.6401061 0.1841087 -0.04129803 0.6536824 0.173597 -0.06317776 0.6349158 0.1724083 -0.08265954 0.6438516 0.1527497 -0.09221959 0.6256327 0.1567189 -0.09551596 0.6140189 0.1739352 -0.1118302 0.5972613 0.1530836 -0.1093468 0.6089619 0.1375462 -0.06796491 0.6248931 0.1894148 -0.09388279 0.5967641 0.1900347 -0.06739807 0.6069935 0.2030448 -0.1110112 0.6223 0.1184893 -0.118806 0.589021 0.1239813 -0.1148881 0.6072483 0.0998097 -0.1118748 0.5829931 0.1686375 -0.1180981 0.5718858 0.1488648 -0.1252098 0.559136 0.1386772 -0.1278415 0.575095 0.1156173 -0.1366549 0.5590143 0.109128 -0.1337249 0.5456005 0.1310567 -0.1431514 0.53978 0.1037799 -0.1397033 0.5290922 0.1237503 -0.1462802 0.5266718 0.1036149 -0.1400464 0.519101 0.1197495 -0.1432989 0.5290418 0.08254355 -0.1390183 0.5506284 0.08087939 -0.1274993 0.5333057 0.1467992 -0.1120217 0.5191572 0.1567287 -0.1210377 0.509835 0.1453667 -0.1334661 0.5196383 0.1364898 -0.1024954 0.5075141 0.1395376 -0.09348136 0.5166534 0.1458303 -0.1006307 0.5071539 0.1181088 -0.1146011 0.5008214 0.1334562 -0.1274221 0.5067293 0.1346132 -0.1278094 0.5544257 0.07159948 -0.1335802 0.5706185 0.083911 -0.1229442 0.571443 0.07380914 -0.1207854 0.5853678 0.08110833 -0.1247559 0.5875992 0.08982384 -0.120458 0.5948624 0.08842617 -0.132565 0.5411846 0.07413631 -0.1234586 0.5248224 0.07779186 0 0.6957793 0.1168044 0 0.7036477 0.08148759 0.04119598 0.6917346 0.1092348 0.04018592 0.699094 0.0687313 0.07711315 0.6791793 0.09970867 0.07456386 0.6858997 0.06233203 0.1025558 0.6608353 0.09021794 0.1010348 0.6674057 0.05685275 0.0695362 0.6835793 0.02616721 0.09508597 0.6671419 0.0240119 0.08507978 0.6575647 -0.01080888 0.04857027 0.6682953 -0.02204591 0.0840438 0.6376457 -0.03362154 0.04637265 0.6453327 -0.04798144 0 0.6689909 -0.03435426 0 0.646254 -0.05637049 0.04650521 0.6153878 -0.06791818 0 0.6165421 -0.07586115 0.08707302 0.6107835 -0.05018806 0.04765325 0.5816963 -0.07985585 0.09056276 0.5790959 -0.06141942 0.1108957 0.6305562 -0.0141769 0.117794 0.6046292 -0.02668213 0.1230443 0.5724449 -0.03503936 0.1397207 0.598823 0.005389809 0.1288645 0.62695 0.01396703 0.1322911 0.5867796 0.03778493 0.1231101 0.6162514 0.05028998 0.1207854 0.5853678 0.08110833 0.1229442 0.571443 0.07380914 0.1379203 0.5571213 0.03344744 0.1278094 0.5544257 0.07159948 0.1447259 0.5669593 -4.69396e-4 0.1471841 0.5360487 -0.002924025 0.1463158 0.5288027 0.03436613 0.1234586 0.5248224 0.07779186 0.1439134 0.5175999 0.05696821 0.1280722 0.5356638 -0.03914076 0.09426665 0.5487631 -0.06637609 0.04950612 0.5485714 -0.08475637 0 0.5810828 -0.08711493 0 0.5449035 -0.08935976 -0.04765325 0.5816963 -0.07985585 -0.04650521 0.6153878 -0.06791818 -0.04637265 0.6453327 -0.04798144 -0.04857027 0.6682953 -0.02204591 -0.0840438 0.6376457 -0.03362154 -0.08507978 0.6575647 -0.01080888 -0.0695362 0.6835793 0.02616721 -0.09508597 0.6671419 0.0240119 -0.08707302 0.6107835 -0.05018806 -0.1010348 0.6674057 0.05685275 -0.07456386 0.6858997 0.06233203 -0.1025558 0.6608353 0.09021794 -0.07711315 0.6791793 0.09970867 -0.04018592 0.699094 0.0687313 -0.04119598 0.6917346 0.1092348 -0.1108957 0.6305562 -0.0141769 -0.117794 0.6046292 -0.02668213 -0.09056276 0.5790959 -0.06141942 -0.1230443 0.5724449 -0.03503936 -0.1397207 0.598823 0.005389809 -0.1288645 0.62695 0.01396703 -0.1322911 0.5867796 0.03778493 -0.1231101 0.6162514 0.05028998 -0.1207854 0.5853678 0.08110833 -0.1229442 0.571443 0.07380914 -0.1379203 0.5571213 0.03344744 -0.1278094 0.5544257 0.07159948 -0.1447259 0.5669593 -4.69396e-4 -0.1471841 0.5360487 -0.002924025 -0.1463158 0.5288027 0.03436613 -0.1280722 0.5356638 -0.03914076 -0.09426665 0.5487631 -0.06637609 -0.04950612 0.5485714 -0.08475637 -0.120458 0.5948624 0.08842617 -0.132565 0.5411846 0.07413631 -0.1234586 0.5248224 0.07779186 -0.1439134 0.5175999 0.05696821 -0.1080386 0.6030074 0.09683912 -0.1186835 0.62302 0.07769954 -0.1180989 0.647409 0.05259883 -0.1162405 0.6381091 0.0823071 -0.1110112 0.6223 0.1184893 -0.1148881 0.6072483 0.0998097 -0.1144887 0.6485136 0.01998454 -0.104736 0.6466069 -0.00300467 -0.1005626 0.6497502 0.1147482 -0.08265954 0.6438516 0.1527497 -0.07917237 0.6652682 0.1306402 -0.04228115 0.6757273 0.1462619 -0.04129803 0.6536824 0.173597 0 0.6791314 0.1522313 0 0.6552103 0.1793559 0.04129803 0.6536824 0.173597 0.04228115 0.6757273 0.1462619 0.08265954 0.6438516 0.1527497 0.07917237 0.6652682 0.1306402 0.1005626 0.6497502 0.1147482 0.1110112 0.6223 0.1184893 0.1162405 0.6381091 0.0823071 0.1186836 0.62302 0.07769954 0.1180989 0.647409 0.05259883 0.1148881 0.6072483 0.0998097 0.1144887 0.6485136 0.01998454 0.104736 0.6466069 -0.00300467 0.1080386 0.6030074 0.09683912 0.120458 0.5948624 0.08842617 0.120458 0.5948624 0.08842617 0.02132564 0.6924299 0.008124053 0 0.689378 -5.37186e-4 0.03209066 0.6847015 -0.003063261 0 0.6822999 -0.01463609 0.04784655 0.6930851 0.02841371 0.03006809 0.6986188 0.02853399 0.02219223 0.7030185 0.05030667 0 0.7043333 0.06082803 -0.03209066 0.6847015 -0.003063261 -0.02132564 0.6924299 0.008124053 -0.02219223 0.7030185 0.05030667 -0.04784655 0.6930851 0.02841371 -0.03006809 0.6986188 0.02853399 0.01889634 0.4742717 -0.104364 0.04951739 0.4749453 -0.1109996 0.02068114 0.5015051 -0.1077256 0.04761695 0.5036228 -0.1110152 0.06788319 0.5041459 -0.1040535 0.07948684 0.4815353 -0.1098445 0.04964667 0.5281525 -0.09980267 0.07167249 0.5273736 -0.09100484 0.04950612 0.5485714 -0.08475637 0.09426665 0.5487631 -0.06637609 0.09771454 0.5328506 -0.06586766 0.05104732 0.4482862 -0.09126389 0.08380782 0.4495482 -0.08969682 0.1019254 0.4711378 -0.09820556 0.08590078 0.5013884 -0.1076191 0.1099473 0.4976364 -0.09488987 0.02006751 0.452718 -0.08770728 0.1280722 0.5356638 -0.03914076 0.1203672 0.5166067 -0.04939472 0.1151701 0.4615998 -0.0800265 0.1267959 0.4892809 -0.07290267 0.1228123 0.510256 -0.0695818 0.1086781 0.5170142 -0.08565384 0.08934086 0.51797 -0.09887099 0 0.4741085 -0.092372 0 0.4588215 -0.08150422 0 0.498236 -0.09694254 0 0.523247 -0.0948854 0.02839219 0.5279178 -0.1007871 0 0.5449035 -0.08935976 0.1281077 0.4865108 -0.05472183 0.1147742 0.4548467 -0.06080746 0.1134742 0.4541038 -0.05054086 0.08352851 0.4388928 -0.05607217 0.08359515 0.4395999 -0.06409466 0.04908764 0.4385444 -0.06505775 0.04853934 0.4374535 -0.05772525 0.02147901 0.443258 -0.06633085 0.1246334 0.485132 -0.04361784 0.1203672 0.5166067 -0.04939472 0.1227051 0.5152475 -0.05939644 0.09771454 0.5328506 -0.06586766 0.1028233 0.5291368 -0.07411473 0.07167249 0.5273736 -0.09100484 0.08019131 0.5240635 -0.0960347 0.06788319 0.5041459 -0.1040535 0.07602101 0.5033707 -0.1076542 0 0.4488741 -0.05146116 0 0.4501452 -0.06239855 0.1247559 0.5875992 0.08982384 0.1207854 0.5853678 0.08110833 0.1335802 0.5706185 0.083911 0.1229442 0.571443 0.07380914 0.1278094 0.5544257 0.07159948 0.1390183 0.5506284 0.08087939 0.1278415 0.575095 0.1156173 0.1252098 0.559136 0.1386772 0.1180981 0.5718858 0.1488648 0.1366549 0.5590143 0.109128 0.1337249 0.5456005 0.1310567 0.1431514 0.53978 0.1037799 0.1397033 0.5290922 0.1237503 0.1462802 0.5266718 0.1036149 0.1400464 0.519101 0.1197495 0.1432989 0.5290418 0.08254355 0.1274993 0.5333057 0.1467992 0.1120217 0.5191572 0.1567287 0.1210377 0.509835 0.1453667 0.1334661 0.5196383 0.1364898 0.1024954 0.5075141 0.1395376 0.09348136 0.5166534 0.1458303 0.1006307 0.5071539 0.1181088 0.1146011 0.5008214 0.1334562 0.1274221 0.5067293 0.1346132 0.04409009 0.4322683 -0.04723578 0.08400058 0.4315611 -0.04776602 0.04853934 0.4374535 -0.05772525 0.08352851 0.4388928 -0.05607217 0.08252865 0.4175083 -0.02836602 0.04269409 0.4208107 -0.01859843 0 0.4488741 -0.05146116 0 0.4247068 -0.02317005 0.07539945 0.41101 6.02379e-4 0.1439134 0.5175999 0.05696821 0.1463158 0.5288027 0.03436613 0.163102 0.4982486 0.05012166 0.1671062 0.5081962 0.02776926 0.1471841 0.5360487 -0.002924025 0.1637657 0.5105116 -0.005125522 0.1478865 0.5034276 -0.03397691 0.1614263 0.4783893 -0.02950078 0.177103 0.4843056 -0.006303966 0.1280722 0.5356638 -0.03914076 0.1203672 0.5166067 -0.04939472 0.1246334 0.485132 -0.04361784 0.1791478 0.4830475 0.02557647 0.1703501 0.4792494 0.04679751 0.1762124 0.455437 0.02477598 0.1673792 0.4574542 0.04562121 0.176099 0.4556869 -0.004460275 0.1654313 0.4580453 -0.02453166 0.1396041 0.4622811 -0.0411207 0.1496961 0.4412845 -0.03107607 0.1159356 0.4428277 -0.04603886 0.1205397 0.4241555 -0.0323252 0.08400058 0.4315611 -0.04776602 0.08352851 0.4388928 -0.05607217 0.1134742 0.4541038 -0.05054086 0.08252865 0.4175083 -0.02836602 0.1243833 0.4131017 -0.002700984 0.07539945 0.41101 6.02379e-4 0.1273632 0.4136067 0.02757632 0.07677215 0.4120995 0.03185242 0.158562 0.4288754 -0.004627168 0.1597604 0.4303197 0.02520775 0.08908826 0.4216604 0.060301 0.1256526 0.4205728 0.05154758 0.1542007 0.4382107 0.04666483 0.1857059 0.4265989 0.09256452 0.1868927 0.4345943 0.1125816 0.1950014 0.4528902 0.08998811 0.1898121 0.4525837 0.1208086 0.1689329 0.4204927 0.1276775 0.1600681 0.4057227 0.09895366 0.1350582 0.4141595 0.1383838 0.1375463 0.4426032 0.1588228 0.1721764 0.4470166 0.1452878 0.1262916 0.4032276 0.1073257 0.1851976 0.4543297 0.06097263 0.1729953 0.4276143 0.06183373 0.1440531 0.4079134 0.06972622 0.1166647 0.4060264 0.07932692 0.1845099 0.4796057 0.06353116 0.1919069 0.4807575 0.09050107 0.1256526 0.4205728 0.05154758 0.08908826 0.4216604 0.060301 0.1542007 0.4382107 0.04666483 0.1673792 0.4574542 0.04562121 0.1670672 0.4773687 0.1495484 0.135273 0.47259 0.1599328 0.1329948 0.494972 0.1500911 0.1572017 0.5018447 0.1418375 0.186499 0.4805812 0.1233159 0.1753135 0.5049296 0.1176604 0.179385 0.5035569 0.09014379 0.1593487 0.5192421 0.1103253 0.1628978 0.5183836 0.08744132 0.1462802 0.5266718 0.1036149 0.1400464 0.519101 0.1197495 0.1458767 0.5140798 0.128524 0.1432989 0.5290418 0.08254355 0.1612045 0.5128474 0.06896907 0.1439134 0.5175999 0.05696821 0.1741385 0.4999278 0.06638067 0.1234586 0.5248224 0.07779186 0.1274221 0.5067293 0.1346132 0.163102 0.4982486 0.05012166 0.1703501 0.4792494 0.04679751 0.1104189 0.4251624 0.1345974 0.09779423 0.4174105 0.1083754 0.1060247 0.4491969 0.1429583 0.08398002 0.4607825 0.113745 0.08349972 0.4629426 0.07371729 0.0935893 0.5039677 0.06891524 0.1006307 0.5071539 0.1181088 0.1058728 0.4682462 0.1441555 0.1137893 0.4916712 0.142162 0.08908826 0.4216604 0.060301 0.1146011 0.5008214 0.1334562 0.1274221 0.5067293 0.1346132 0.1329948 0.494972 0.1500911 0.135273 0.47259 0.1599328 0.1375463 0.4426032 0.1588228 0.1350582 0.4141595 0.1383838 0.1262916 0.4032276 0.1073257 0.1166647 0.4060264 0.07932692 0.132565 0.5411846 0.07413631 0.1234586 0.5248224 0.07779186 0.120458 0.5948624 0.08842617 -0.01942539 0.696349 0.008847177 -0.02132564 0.6924299 0.008124053 0 0.6934239 0.001102089 0 0.689378 -5.37186e-4 -0.02739894 0.7021464 0.02741366 -0.03006809 0.6986188 0.02853399 -0.0199483 0.7060584 0.04701727 -0.02219223 0.7030185 0.05030667 0 0.706946 0.05616837 0 0.7043333 0.06082803 0 0.7276172 0.03954261 -0.0138849 0.7258449 0.03413867 0 0.7459339 0.02091908 -0.005479335 0.7452625 0.01880413 -0.01980298 0.7215253 0.02094382 -0.007856309 0.7435932 0.01358479 0 0.7535699 0.01032912 -0.005658566 0.7418906 0.008187592 -0.01412385 0.7171319 0.007519602 0 0.715291 0.001880347 0 0.7411682 0.005886435 -0.01889634 0.4742717 -0.104364 -0.02068114 0.5015051 -0.1077256 -0.04951739 0.4749453 -0.1109996 -0.04761695 0.5036228 -0.1110152 -0.06788319 0.5041459 -0.1040535 -0.07948684 0.4815353 -0.1098445 -0.04964667 0.5281525 -0.09980267 -0.07167249 0.5273736 -0.09100484 -0.04950612 0.5485714 -0.08475637 -0.09426665 0.5487631 -0.06637609 -0.09771454 0.5328506 -0.06586766 -0.05104732 0.4482862 -0.09126389 -0.08380782 0.4495482 -0.08969682 -0.02006751 0.452718 -0.08770728 -0.1280722 0.5356638 -0.03914076 -0.1203672 0.5166067 -0.04939472 0 0.4741085 -0.092372 0 0.4588215 -0.08150422 0 0.498236 -0.09694254 0 0.523247 -0.0948854 -0.02839219 0.5279178 -0.1007871 0 0.5449035 -0.08935976 -0.08359515 0.4395999 -0.06409466 -0.1151701 0.4615998 -0.0800265 -0.1147742 0.4548467 -0.06080746 -0.08352851 0.4388928 -0.05607217 -0.1134742 0.4541038 -0.05054086 -0.04908764 0.4385444 -0.06505775 -0.04853934 0.4374535 -0.05772525 -0.02147901 0.443258 -0.06633085 -0.1281077 0.4865108 -0.05472183 -0.1246334 0.485132 -0.04361784 -0.1203672 0.5166067 -0.04939472 -0.1227051 0.5152475 -0.05939644 -0.09771454 0.5328506 -0.06586766 -0.1028233 0.5291368 -0.07411473 -0.07167249 0.5273736 -0.09100484 -0.08019131 0.5240635 -0.0960347 -0.06788319 0.5041459 -0.1040535 -0.07602101 0.5033707 -0.1076542 0 0.4488741 -0.05146116 0 0.4501452 -0.06239855 -0.08590078 0.5013884 -0.1076191 -0.1019254 0.4711378 -0.09820556 -0.1099473 0.4976364 -0.09488987 -0.1267959 0.4892809 -0.07290267 -0.1228123 0.510256 -0.0695818 -0.1086781 0.5170142 -0.08565384 -0.08934086 0.51797 -0.09887099 -0.08352851 0.4388928 -0.05607217 -0.08400058 0.4315611 -0.04776602 -0.04853934 0.4374535 -0.05772525 -0.04409009 0.4322683 -0.04723578 -0.08252865 0.4175083 -0.02836602 -0.04269409 0.4208107 -0.01859843 0 0.4488741 -0.05146116 0 0.4247068 -0.02317005 -0.07539945 0.41101 6.02379e-4 -0.1671062 0.5081962 0.02776926 -0.1463158 0.5288027 0.03436613 -0.163102 0.4982486 0.05012166 -0.1439134 0.5175999 0.05696821 -0.1471841 0.5360487 -0.002924025 -0.1637657 0.5105116 -0.005125522 -0.1478865 0.5034276 -0.03397691 -0.1614263 0.4783893 -0.02950078 -0.177103 0.4843056 -0.006303966 -0.1280722 0.5356638 -0.03914076 -0.1203672 0.5166067 -0.04939472 -0.1246334 0.485132 -0.04361784 -0.1791478 0.4830475 0.02557647 -0.1703501 0.4792494 0.04679751 -0.1762124 0.455437 0.02477598 -0.1673792 0.4574542 0.04562121 -0.176099 0.4556869 -0.004460275 -0.1654313 0.4580453 -0.02453166 -0.1396041 0.4622811 -0.0411207 -0.1496961 0.4412845 -0.03107607 -0.1159356 0.4428277 -0.04603886 -0.1205397 0.4241555 -0.0323252 -0.08400058 0.4315611 -0.04776602 -0.08352851 0.4388928 -0.05607217 -0.1134742 0.4541038 -0.05054086 -0.08252865 0.4175083 -0.02836602 -0.1243833 0.4131017 -0.002700984 -0.07539945 0.41101 6.02379e-4 -0.1273632 0.4136067 0.02757632 -0.07677215 0.4120995 0.03185242 -0.158562 0.4288754 -0.004627168 -0.1597604 0.4303197 0.02520775 -0.08908826 0.4216604 0.060301 -0.1256526 0.4205728 0.05154758 -0.1542007 0.4382107 0.04666483 -0.1857059 0.4265989 0.09256452 -0.1950014 0.4528902 0.08998811 -0.1868927 0.4345943 0.1125816 -0.1898121 0.4525837 0.1208086 -0.1689329 0.4204927 0.1276775 -0.1600681 0.4057227 0.09895366 -0.1350582 0.4141595 0.1383838 -0.1375463 0.4426032 0.1588228 -0.1721764 0.4470166 0.1452878 -0.1262916 0.4032276 0.1073257 -0.1851976 0.4543297 0.06097263 -0.1729953 0.4276143 0.06183373 -0.1440531 0.4079134 0.06972622 -0.1166647 0.4060264 0.07932692 -0.1845099 0.4796057 0.06353116 -0.1919069 0.4807575 0.09050107 -0.1256526 0.4205728 0.05154758 -0.08908826 0.4216604 0.060301 -0.1542007 0.4382107 0.04666483 -0.1673792 0.4574542 0.04562121 -0.1670672 0.4773687 0.1495484 -0.135273 0.47259 0.1599328 -0.1329948 0.494972 0.1500911 -0.1572017 0.5018447 0.1418375 -0.186499 0.4805812 0.1233159 -0.1753135 0.5049296 0.1176604 -0.179385 0.5035569 0.09014379 -0.1593487 0.5192421 0.1103253 -0.1628978 0.5183836 0.08744132 -0.1462802 0.5266718 0.1036149 -0.1400464 0.519101 0.1197495 -0.1458767 0.5140798 0.128524 -0.1432989 0.5290418 0.08254355 -0.1612045 0.5128474 0.06896907 -0.1439134 0.5175999 0.05696821 -0.1741385 0.4999278 0.06638067 -0.1234586 0.5248224 0.07779186 -0.1274221 0.5067293 0.1346132 -0.163102 0.4982486 0.05012166 -0.1703501 0.4792494 0.04679751 -0.08398002 0.4607825 0.113745 -0.09779423 0.4174105 0.1083754 -0.1060247 0.4491969 0.1429583 -0.1104189 0.4251624 0.1345974 -0.08349972 0.4629426 0.07371729 -0.0935893 0.5039677 0.06891524 -0.1006307 0.5071539 0.1181088 -0.1058728 0.4682462 0.1441555 -0.1137893 0.4916712 0.142162 -0.08908826 0.4216604 0.060301 -0.1146011 0.5008214 0.1334562 -0.1274221 0.5067293 0.1346132 -0.1329948 0.494972 0.1500911 -0.135273 0.47259 0.1599328 -0.1375463 0.4426032 0.1588228 -0.1350582 0.4141595 0.1383838 -0.1262916 0.4032276 0.1073257 -0.1166647 0.4060264 0.07932692 -0.120458 0.5948624 0.08842617 0.132565 0.5411846 0.07413631</float_array>
          <technique_common>
            <accessor source="#pm0058_00_41_HairASkin-mesh-positions-array" count="631" stride="3">
              <param name="X" type="float"/>
              <param name="Y" type="float"/>
              <param name="Z" type="float"/>
            </accessor>
          </technique_common>
        </source>
        <source id="pm0058_00_41_HairASkin-mesh-normals">
          <float_array id="pm0058_00_41_HairASkin-mesh-normals-array" count="1893">0.2416085 0.8469545 -0.4735966 1.72853e-5 0.1105559 -0.99387 0.6496812 0.1872442 -0.7367863 -1.23382e-5 0.8484277 -0.5293114 0.9158189 0.3864161 -0.1093549 0.3734646 0.8991091 -0.2283135 0.6239575 0.6008123 0.4997017 0.2380954 0.97094 0.02421176 -2.86102e-6 0.6936505 0.7203118 -1.24127e-5 0.995374 0.09607714 1.35899e-5 0.6629042 0.7487043 0.6596043 0.5776177 0.480916 2.08616e-6 0.7336825 0.6794926 0.6486398 0.6464375 0.4017274 0.9166762 0.3737323 -0.1415237 0.8711063 0.4520712 -0.1918476 -1.24276e-5 0.9492581 -0.3144984 0.5847287 0.2652291 -0.7666459 0.6460103 0.1777071 -0.742355 8.46386e-6 0.08715897 -0.9961944 5.1856e-6 0.2048619 -0.9787909 -0.02752321 0.4349002 0.900058 0.2382873 0.6911172 0.6823315 0.03388011 0.6724382 0.7393775 0.1913713 0.4032909 0.8948371 1.42027e-7 0.4389792 0.8984972 0 0.6190285 0.7853686 0 0.607371 0.7944185 0.1056177 0.6456909 0.7562593 0.2963988 0.6634703 0.6869898 0.3011647 0.6861109 0.6622323 -7.76257e-6 0.7057452 0.7084658 0.4654211 0.6596887 0.5900798 0.6107239 0.5655168 0.5542627 0.7163237 0.570245 0.4021208 0.6907951 0.5745569 0.4389607 0.8995986 0.3678346 0.2354145 0.8755904 0.3980535 0.2736692 0.4343891 0.6982497 0.5689933 0.6670171 0.277913 0.6912688 0.4118173 0.3589646 0.8375864 0.9015375 0.3210244 0.2901269 0.9294461 0.3240181 0.1764715 0.9886299 0.1483188 0.02474886 0.8868117 0.145928 0.4384862 0.08470112 -0.01129895 0.9963424 -0.140163 0.05986648 0.988317 -0.3351304 -0.4208759 0.842942 -0.1322579 -0.4571579 0.8794969 2.36789e-7 -0.3156785 0.9488663 -3.14822e-6 0.1580265 0.9874349 0.2802892 -0.06642436 0.9576147 0.06353151 -0.5025162 0.8622304 0.2591268 -0.5771899 0.7744064 0.514347 -0.1314724 0.8474445 0.4649849 -0.6478419 0.6033986 0.7453103 -0.2336077 0.6244517 0.3488953 -0.6139161 0.7080814 0.7971118 -0.2324635 0.5572914 0.6678749 0.05471545 0.7422596 0.05481117 -0.2915065 0.9549973 -0.6638514 -0.6200432 0.4181481 -0.3004234 -0.9436768 0.1386357 -0.5493069 -0.8270332 -0.1194918 -0.2448502 -0.9671164 -0.06880611 -0.4271789 -0.846526 -0.3176666 -0.4335744 -0.9009575 0.01699602 -0.7762204 -0.6164273 0.1322852 0.09103065 -0.9428774 0.3204621 -0.05295443 -0.9051753 0.4217268 -0.2355585 -0.8603659 0.4519765 -0.6079685 -0.7915341 -0.06203496 -0.4357794 -0.7914785 0.4285536 -0.7373429 -0.6744401 -0.03815925 -0.6797161 -0.6790474 -0.2772741 -0.571385 -0.7314561 0.3721443 -4.11645e-6 -0.9981446 -0.0608893 -1.59119e-6 -0.856337 0.5164177 0 -0.9382801 -0.3458763 0.5713843 -0.7314555 0.3721464 0.7373432 -0.6744397 -0.03815937 0.4357796 -0.7914786 0.4285532 0.6079734 -0.7915301 -0.06203711 0.6797161 -0.6790475 -0.2772737 0.2355555 -0.8603672 0.4519757 0.433573 -0.9009583 0.01699572 0.05295425 -0.9051754 0.4217266 0.2448571 -0.9671148 -0.0688042 0.4271789 -0.8465259 -0.3176666 0.5493069 -0.8270332 -0.1194918 0.3004451 -0.9436698 0.1386368 0.6638522 -0.6200419 0.4181487 -0.3488961 -0.6139133 0.7080834 -0.05481129 -0.2915063 0.9549974 -0.6678753 0.05471485 0.7422593 -0.797111 -0.2324669 0.5572909 0.7762204 -0.6164274 0.1322852 -0.7453085 -0.2336089 0.6244535 -0.4649885 -0.6478415 0.6033963 -0.5143486 -0.1314725 0.8474436 -0.2591265 -0.5771899 0.7744064 -0.2802891 -0.06642407 0.9576147 -0.06353133 -0.5025162 0.8622305 -0.09103053 -0.9428771 0.3204629 0.1322572 -0.4571586 0.8794966 -0.08470129 -0.01129782 0.9963424 0.3351306 -0.4208759 0.8429419 0.140163 0.05986636 0.988317 0.02752304 0.4349011 0.9000576 -0.03388011 0.6724398 0.7393761 -0.2382875 0.6911171 0.6823316 -0.1913713 0.4032909 0.8948372 -0.1056138 0.6456902 0.7562606 -0.2963997 0.6634669 0.6869927 -0.3011645 0.6861108 0.6622325 -0.4654217 0.659689 0.5900788 -0.6107238 0.5655168 0.5542628 -0.7163237 0.5702449 0.402121 -0.6907948 0.5745576 0.4389606 -0.8995988 0.3678343 0.2354143 -0.875572 0.3980643 0.2737128 -0.4343901 0.6982508 0.5689914 -0.6669775 0.27794 0.6912962 -0.4118174 0.358965 0.8375862 -0.9015375 0.3210242 0.2901269 -0.9294461 0.3240184 0.1764712 -0.9886299 0.1483187 0.02474844 -0.8868119 0.1459282 0.4384858 -0.9434421 0.1436542 0.2987985 -0.8716322 0.2733318 0.4068747 -0.8832608 0.4121398 0.223587 -0.9256317 0.3388628 0.1684576 -0.8912189 0.244753 0.3818702 -0.9636386 0.2514566 0.09038937 -0.9305689 0.1003525 0.3520949 -0.9750877 0.1929502 0.1094276 -0.9199215 -0.1896706 0.3431758 -0.584392 0.7082598 -0.3960484 -0.9274708 0.24476 -0.282649 -0.7499182 0.02599078 0.6610198 -0.2135136 -0.4479348 0.8681972 -0.3967733 -0.5882958 0.7046127 -0.8280693 -0.2127109 0.5187054 0.4749768 -0.8257505 0.3041928 0.5567176 -0.7225968 0.4097797 0.6279821 -0.7752792 0.06768059 0.1963588 -0.9044808 0.3786261 -0.6674993 -0.5775933 0.4699262 -0.9051415 0.3864248 -0.1771858 -0.6675968 0.2406519 -0.7045575 -0.6584572 0.3535393 -0.6644126 -0.7004181 0.4785685 -0.5295155 -0.8954207 0.4445642 0.02417677 -0.7667003 0.5556395 -0.3216142 -0.5350391 -0.1004124 -0.8388388 -0.9064055 0.4179968 -0.06089109 0.2642582 0.9239047 0.2767089 0 0.9864042 0.1643374 -3.65719e-7 0.944347 0.3289512 0.2754185 0.9582622 0.07667082 0.4925281 0.8406737 0.2251308 0.4696073 0.8827419 0.01536166 0.7391077 0.6461495 0.1902915 0.6720875 0.7404526 0.005331814 0.4327286 0.8568407 -0.2803037 0.5785402 0.7846624 -0.222702 0.4513202 0.7487781 -0.4854292 0.2912932 0.7773934 -0.5575014 0.4727789 0.5765461 -0.6663893 0.2658768 0.6221083 -0.736404 0 0.7553482 -0.6553238 -1.65116e-6 0.6171278 -0.786863 0.2784765 0.4328551 -0.8573724 -1.49474e-6 0.429901 -0.9028761 0.4916619 0.4100053 -0.7682216 0.271996 0.2439211 -0.930871 0.5024494 0.2629118 -0.8236638 0.6786514 0.5035992 -0.5346216 0.7132577 0.3633044 -0.5993942 0.7473093 0.2215337 -0.6264598 0.9504005 0.280945 -0.1334505 0.9165607 0.391251 -0.08270096 0.9503741 0.1655918 0.263379 0.9636704 0.1624966 0.2119776 0.9764608 0.0791133 0.2006629 0.9546298 0.1143738 0.2749561 0.9471272 0.1768245 0.2677375 0.9181364 0.2953459 0.26419 0.9702048 0.1527998 -0.1880292 0.9107311 0.34818 -0.2221254 0.8375164 0.4582336 0.2976378 0.9064158 0.4179745 -0.06089174 0.6161339 0.7823892 0.09080988 0.7518252 0.2278326 -0.6187497 0.5361824 0.2247949 -0.813619 0.2357606 0.309722 -0.9211348 0 0.1978624 -0.9802299 6.56024e-6 0.2054854 -0.9786602 -0.271996 0.2439213 -0.9308709 -0.2785263 0.4328498 -0.8573588 -0.2658769 0.6221081 -0.7364041 -0.2912937 0.7773932 -0.5575014 -0.472779 0.5765461 -0.6663893 -0.45132 0.7487779 -0.4854296 -0.4327254 0.8568421 -0.2803043 -0.5784981 0.7846925 -0.2227056 -0.491661 0.4100072 -0.768221 -0.6720874 0.7404527 0.00533241 -0.4696076 0.8827417 0.01536196 -0.7391077 0.6461494 0.1902913 -0.4925275 0.8406737 0.2251323 -0.2754191 0.958262 0.07667076 -0.2642583 0.9239048 0.2767087 -0.6786513 0.5035992 -0.5346217 -0.7132577 0.3633044 -0.5993943 -0.5024493 0.2629118 -0.8236639 -0.7473091 0.2215337 -0.6264599 -0.9504013 0.2809424 -0.13345 -0.9165614 0.3912487 -0.08270299 -0.9503812 0.1655437 0.2633839 -0.9636703 0.1624964 0.2119779 -0.9764395 0.07899844 0.2008116 -0.9546298 0.1143738 0.274956 -0.9471272 0.1768233 0.2677381 -0.9181364 0.2953466 0.2641896 -0.9702048 0.1528001 -0.1880292 -0.910731 0.3481802 -0.2221254 -0.8375166 0.4582335 0.2976378 -0.7518252 0.2278326 -0.6187497 -0.5361824 0.2247948 -0.8136189 -0.2357609 0.309722 -0.9211347 -0.8550582 0.4246199 0.2976132 -0.9615368 -0.2740024 0.01923066 -0.906416 0.4179741 -0.06089204 -0.616134 0.7823892 0.09080892 -0.9540526 0.280286 0.1059416 -0.9843825 -0.04726117 0.1695811 -0.8821967 0.4620693 0.09067082 -0.9199003 0.3448846 0.18665 -0.9015299 0.3210418 0.2901313 -0.9886285 0.1483269 0.02475583 -0.73312 0.6558961 -0.1798208 -0.6343333 0.653853 -0.4124287 -0.7906196 0.4961948 0.3587639 -0.6107252 0.5654989 0.5542796 -0.5347192 0.7310235 0.423887 -0.2877199 0.8178145 0.4983943 -0.3011563 0.6861163 0.6622307 6.3813e-7 0.8411424 0.5408138 3.21725e-6 0.7057362 0.7084748 0.3011562 0.6861162 0.6622307 0.2877197 0.8178147 0.4983942 0.6107254 0.5654988 0.5542795 0.5347189 0.7310228 0.4238884 0.790606 0.4962363 0.3587362 0.9015299 0.3210418 0.2901313 0.9198997 0.344885 0.1866518 0.9843821 -0.04726254 0.1695825 0.8821965 0.4620696 0.09067118 0.9886289 0.1483235 0.02475893 0.7331199 0.6558963 -0.1798206 0.6343342 0.6538525 -0.4124284 0.9540532 0.2802832 0.105943 0.7667002 0.5556576 -0.3215828 0.8550583 0.4246199 0.2976126 0.2446765 0.8454804 -0.4746538 -4.37908e-6 0.848431 -0.5293061 0.2416034 0.8469431 -0.4736191 -3.45425e-6 0.8498514 -0.5270227 0.3358703 0.9173215 -0.2138047 0.37348 0.8991024 -0.2283146 0.2380835 0.9709432 0.02420276 3.85754e-6 0.9953725 0.09609287 -0.2446765 0.8454799 -0.4746547 -0.2416085 0.8469448 -0.4736136 -0.2380835 0.9709432 0.02420306 -0.3358693 0.9173219 -0.2138044 -0.3734801 0.8991025 -0.2283144 -0.2690821 0.08973449 -0.9589278 -0.01162737 -0.3541628 -0.9351116 -0.305312 -0.3707444 -0.8771165 0.07642221 0.172251 -0.9820842 0.2199673 0.2640659 -0.9390867 0.1663461 -0.2567927 -0.9520434 0.1892815 0.4949324 -0.848065 0.3547572 0.4983055 -0.7910999 0.2357611 0.3097361 -0.9211299 0.5361884 0.2247702 -0.8136218 0.659193 0.1237415 -0.7417228 -0.02796471 -0.7670671 -0.6409573 0.2087333 -0.7543992 -0.6223441 0.4925029 -0.3473061 -0.7980097 0.3772159 0.1467928 -0.9144179 0.6644821 0.07999867 -0.74301 -0.2663636 -0.7552245 -0.5989044 0.7518325 0.2278419 -0.6187375 0.5663759 0.0989052 -0.8181907 0.7114697 -0.5442062 -0.444579 0.9127514 -0.06752645 -0.4028959 0.8623704 0.366609 -0.3491637 0.6260022 0.5275813 -0.5742642 0.3774112 0.5424234 -0.7505583 -0.4818326 -0.3824795 -0.7883824 -0.3860484 -0.7368344 -0.5550151 -0.4792181 -0.02936059 -0.8772047 3.69549e-6 0.240554 -0.9706358 -0.06777286 0.456614 -0.8870798 -8.6464e-6 0.2054802 -0.9786614 0.9871717 -0.1426242 0.0717656 0.7234071 -0.677029 -0.1353293 0.7397604 -0.6699147 0.06299775 0.2626583 -0.9617226 -0.07810562 0.2355992 -0.9300027 -0.2821135 -0.04339265 -0.9507101 -0.3070301 -0.08907639 -0.9913522 -0.0963664 -0.2360109 -0.9489786 -0.2091379 0.9501497 -0.1360829 0.28053 0.8411958 0.5209529 0.144906 0.849092 0.5273131 -0.03136718 0.3559216 0.9155412 -0.1873609 0.4455782 0.8342152 -0.3248774 -0.0302118 0.8145809 -0.5792627 0.06431049 0.7545506 -0.6530832 -0.3432892 0.3641488 -0.8657646 -0.1733096 0.2925353 -0.9404185 -0.2710538 -0.962153 -0.0281372 -0.3398778 -0.8949694 -0.2889863 0.9051407 0.3864269 -0.1771854 0.7004185 0.4785683 -0.5295152 0.8954237 0.4445583 0.02417623 0.6584468 0.3535855 -0.6643984 0.6675967 0.2406518 -0.7045576 0.9274689 0.2447668 -0.2826494 0.8832609 0.4121398 0.2235867 0.8716313 0.2733336 0.4068754 0.9434419 0.1436545 0.2987988 0.9256215 0.3388656 0.1685083 0.891233 0.2447726 0.3818249 0.9636386 0.2514565 0.09038937 0.93057 0.1003524 0.3520923 0.9750877 0.1929502 0.1094276 0.9199215 -0.1896705 0.3431758 0.584392 0.7082598 -0.3960481 0.7499182 0.02599054 0.6610199 0.213514 -0.4479355 0.8681967 0.3967747 -0.5882955 0.7046121 0.8280701 -0.2127102 0.5187047 -0.474972 -0.8257553 0.3041874 -0.5567137 -0.7226012 0.4097774 -0.6279821 -0.7752792 0.06768059 -0.1963587 -0.9044808 0.3786261 0.6674992 -0.5775934 0.4699263 -0.1233681 -0.8572247 -0.4999462 0.08501958 -0.7705919 -0.6316328 -0.1417319 -0.8633832 -0.4842327 0.1841688 -0.6929413 -0.6970754 -0.01409506 -0.9238162 -0.382577 -0.1086583 -0.9304458 -0.3499489 2.017e-5 -0.7663463 -0.6424278 8.34465e-6 -0.8240206 -0.56656 -0.01044875 -0.9928727 -0.1187215 0.7945756 0.4790296 0.3730689 0.8375293 0.4582073 0.2976422 0.616144 0.7823832 0.09079194 0.8272143 0.5408581 0.1522805 0.9107231 0.3481919 -0.2221391 0.8224192 0.4858472 -0.295938 0.665921 0.2539227 -0.7014788 0.6479998 0.1423953 -0.7482111 0.9271101 0.2345184 -0.292349 0.7518278 0.2278249 -0.6187494 0.5663792 0.09891128 -0.8181878 0.384334 0.02788501 -0.922773 0.9782392 0.1674118 0.1225618 0.9156285 0.0502541 0.3988724 0.9252572 -0.3461288 0.1552227 0.8466744 -0.3560132 0.3954707 0.9247437 -0.3156958 -0.2125688 0.7397775 -0.2405955 -0.6283656 0.4022462 -0.03352177 -0.9149177 0.5249836 -0.5109767 -0.6806578 0.3156045 -0.427457 -0.8471567 0.2645522 -0.7886428 -0.5550269 0.0850116 -0.7705934 -0.631632 0.1841735 -0.6929457 -0.69707 0.3447819 -0.1385247 -0.9284053 -0.01410144 -0.9238221 -0.3825623 0.2157841 -0.9625672 -0.1640174 -0.01042175 -0.9928739 -0.1187135 0.2336418 -0.9622394 0.139667 0.04230654 -0.9873961 0.1525093 0.6150458 -0.7580351 -0.2170285 0.6438221 -0.7455897 0.172015 0.05083417 -0.9543521 0.2943266 0.2649114 -0.9207359 0.2864742 0.6037401 -0.702761 0.3763308 0.9895991 -0.1017696 -0.1016699 0.8475234 -0.440225 0.2964897 0.7739451 -0.621908 -0.1193295 0.9224694 -0.06759345 0.380107 0.5016127 -0.7005848 0.5075092 0.3774439 -0.9256566 0.02638691 0.01668667 -0.7837037 0.6209108 0.008541584 -0.324038 0.9460056 0.5795273 -0.2590442 0.7726864 -0.1372808 -0.9735026 0.1828841 0.8393393 -0.179534 -0.5131054 0.5800216 -0.6189049 -0.5296525 0.2088752 -0.8838394 -0.4185681 -0.2712924 -0.9458284 -0.1783506 0.8674028 0.2545082 -0.4275957 0.9602377 0.276829 -0.0361852 0.02883625 -0.7980799 -0.6018615 -0.8313703 -0.5557097 -0.003226637 0.3265362 -0.5484511 -0.7697893 0.5864889 -0.2146757 -0.7809899 0.5550473 0.1935207 0.8089947 -0.06036186 0.1331011 0.9892627 -0.06382167 0.5328004 0.8438308 0.4034934 0.5967934 0.6935639 0.8794283 0.2640444 0.396089 0.7245966 0.6056981 0.3287699 0.8019257 0.5938673 -0.0650916 0.5049268 0.8194498 0.2712032 0.5960246 0.7966151 -0.1007925 0.4113586 0.8937702 0.1787709 0.1000047 0.872824 0.4776794 0.1753873 0.814437 0.553111 0.5844492 0.7082262 -0.3960238 0.5607025 0.7438853 -0.3636585 0.6161343 0.7823932 0.09077197 0.7454786 0.5513882 -0.3744767 0.9064039 0.417995 -0.06092834 -0.158338 0.7456168 0.6472904 0.6536411 0.5517678 -0.5179824 0.7260374 0.2022791 -0.6572313 -0.6800472 -0.2321349 0.6954489 -0.7992477 -0.5525766 0.2363523 -0.5524003 -0.5706296 0.6076477 -0.9676916 -0.002589702 0.2521234 -0.9978582 -0.02471852 0.06056571 -0.951252 0.2972042 0.08239793 -0.9092339 0.314685 0.2725197 -0.7069373 0.142998 0.6926697 -0.5830097 0.3625996 0.7270635 -0.8313699 -0.5557103 -0.00319457 -0.3921571 0.6521041 0.6488243 -0.1583693 0.7456097 0.6472908 -0.06380051 0.5327968 0.8438348 -0.06036007 0.1331014 0.9892627 0.008562684 -0.324037 0.9460057 0.01671808 -0.7836974 0.6209178 -0.1372622 -0.9735036 0.1828933 -0.2712855 -0.9458296 -0.1783552 0.9064055 0.417997 -0.06089103 0.5350392 -0.1004123 -0.8388388 0.7667039 0.5556297 -0.3216224 -1.79708e-5 0.1105555 -0.99387 -0.2416075 0.846954 -0.4735977 -0.6487948 0.1869791 -0.7376342 1.22041e-5 0.8484277 -0.5293114 -0.9158189 0.3864127 -0.1093677 -0.3734642 0.8991088 -0.2283154 -0.6239615 0.6008127 0.4996961 -0.2380949 0.9709402 0.02420717 2.47359e-6 0.6936511 0.7203112 1.23978e-5 0.9953739 0.09607732 -1.3411e-5 0.662904 0.7487044 -0.6596042 0.577617 0.4809168 -2.14577e-6 0.7336826 0.6794924 -0.6486396 0.6464394 0.4017247 -0.9166758 0.3737334 -0.1415239 -0.8711031 0.4520756 -0.1918517 1.24276e-5 0.9492581 -0.3144984 -0.5847304 0.2652274 -0.7666453 -0.6460098 0.177706 -0.7423557 -8.40425e-6 0.08715993 -0.9961944 -5.1856e-6 0.2048618 -0.978791 0.01163172 -0.3541622 -0.9351117 0.269082 0.08973395 -0.9589279 0.3053113 -0.3707426 -0.8771175 -0.07642048 0.1722537 -0.9820838 -0.2199673 0.2640659 -0.9390866 -0.1663462 -0.2567926 -0.9520434 -0.1892817 0.4949328 -0.8480649 -0.3547571 0.4983054 -0.7911 -0.2357611 0.3097361 -0.92113 -0.5361884 0.2247701 -0.8136218 -0.6591234 0.1237725 -0.7417796 0.02796447 -0.767067 -0.6409574 -0.2087297 -0.7544019 -0.6223423 0.2663634 -0.7552244 -0.5989045 -0.7518321 0.2278417 -0.6187379 -0.5663752 0.09890508 -0.8181912 0.4818326 -0.3824795 -0.7883824 0.3860484 -0.7368345 -0.555015 0.4792544 -0.02938878 -0.877184 -3.57628e-6 0.2405539 -0.9706358 0.06777387 0.4566143 -0.8870795 8.83639e-6 0.2054802 -0.9786613 -0.2356085 -0.9300003 -0.2821139 -0.7114695 -0.5442081 -0.4445771 -0.7234071 -0.677029 -0.1353288 -0.262659 -0.9617222 -0.07810783 -0.7397263 -0.6699544 0.06297808 0.04339683 -0.9507097 -0.3070306 0.08907639 -0.9913521 -0.0963664 0.2360113 -0.9489783 -0.2091385 -0.9871708 -0.1426281 0.07177138 -0.9501888 -0.1360682 0.280405 -0.8412184 0.5209293 0.1448598 -0.8491166 0.5272753 -0.03133326 -0.3559232 0.9155402 -0.187363 -0.4455801 0.834214 -0.3248777 0.03020691 0.8145791 -0.5792654 -0.06431269 0.7545495 -0.6530842 0.343289 0.3641487 -0.8657647 0.173309 0.292535 -0.9404187 0.2710538 -0.9621528 -0.0281372 0.3398778 -0.8949694 -0.2889863 -0.3772225 0.1468054 -0.9144131 -0.4925026 -0.3473057 -0.7980101 -0.6644811 0.07999879 -0.7430109 -0.9127517 -0.06752914 -0.402895 -0.8623707 0.3666082 -0.3491638 -0.6260024 0.5275811 -0.5742642 -0.3774113 0.5424228 -0.7505587 0.123368 -0.8572014 -0.499986 -0.08501952 -0.7705919 -0.6316326 -0.1841689 -0.6929414 -0.6970754 0.141732 -0.8633837 -0.4842321 0.01409506 -0.9238162 -0.3825769 0.1086912 -0.9304543 -0.3499159 -2.00868e-5 -0.7663466 -0.6424273 -8.33487e-6 -0.8240206 -0.56656 0.01044881 -0.9928727 -0.1187215 -0.7945756 0.4790295 0.3730691 -0.8375294 0.4582072 0.2976419 -0.8272172 0.5408393 0.1523306 -0.616144 0.7823833 0.09079188 -0.9107231 0.3481919 -0.2221392 -0.8224173 0.485822 -0.2959846 -0.6659225 0.2539206 -0.7014783 -0.648 0.1423953 -0.748211 -0.9271091 0.2345209 -0.2923502 -0.7518278 0.2278248 -0.6187496 -0.566379 0.0989111 -0.818188 -0.384334 0.02788501 -0.9227729 -0.9782389 0.1674129 0.1225622 -0.915629 0.0502541 0.3988713 -0.9252567 -0.3461298 0.155223 -0.8466745 -0.3560132 0.3954706 -0.9247382 -0.3156763 -0.2126213 -0.7397774 -0.2405955 -0.6283656 -0.4022446 -0.03352266 -0.9149183 -0.5249843 -0.5109766 -0.6806573 -0.3156015 -0.4274563 -0.8471582 -0.2645553 -0.7886422 -0.5550261 -0.08501166 -0.7705935 -0.6316318 -0.1841735 -0.6929456 -0.69707 -0.3447819 -0.1385248 -0.9284054 0.01410138 -0.9238224 -0.382562 -0.2157839 -0.962567 -0.1640181 0.01042175 -0.9928739 -0.1187133 -0.2337829 -0.9622442 0.1393976 -0.04231053 -0.9873882 0.15256 -0.6150463 -0.7580351 -0.2170273 -0.643824 -0.7455886 0.1720128 -0.05083394 -0.9543519 0.2943269 -0.26486 -0.9207504 0.286475 -0.6037406 -0.7027609 0.3763304 -0.8475241 -0.4402236 0.2964899 -0.9895988 -0.1017705 -0.1016708 -0.7739437 -0.6219104 -0.1193256 -0.9224675 -0.06759303 0.3801119 -0.5016133 -0.7005825 0.5075119 -0.3774438 -0.9256566 0.02638608 -0.01668649 -0.7837045 0.6209098 -0.008541524 -0.324038 0.9460055 -0.5795274 -0.2590422 0.7726871 0.1372807 -0.9735026 0.1828843 -0.8393393 -0.179534 -0.5131054 -0.5800184 -0.6189067 -0.529654 -0.2088754 -0.8838393 -0.4185681 0.2712924 -0.9458285 -0.1783503 -0.8674026 0.2545105 -0.4275946 -0.9602372 0.2768312 -0.03618365 -0.02883672 -0.79808 -0.6018612 0.8313703 -0.5557095 -0.003226935 -0.3265364 -0.5484511 -0.7697893 -0.586489 -0.2146756 -0.7809898 -0.5550455 0.1935201 0.8089961 0.06036174 0.1331012 0.9892627 0.06382161 0.5328003 0.8438309 -0.4034912 0.5967898 0.6935682 -0.8794283 0.2640445 0.3960888 -0.7245959 0.6056976 0.3287724 -0.8019258 0.593867 -0.06509274 -0.5049265 0.8194505 0.2712016 -0.5960242 0.7966156 -0.1007922 -0.4113621 0.8937683 0.1787719 -0.1000049 0.8728233 0.4776805 -0.175387 0.8144364 0.5531119 -0.5844492 0.7082261 -0.3960241 -0.5607024 0.743885 -0.3636592 -0.6161343 0.7823932 0.09077191 -0.7454785 0.5513883 -0.3744766 -0.9064039 0.417995 -0.06092852 0.158338 0.7456167 0.6472905 -0.6536411 0.5517678 -0.5179824 -0.7260375 0.2022792 -0.6572312 0.6800473 -0.2321349 0.6954488 0.7992478 -0.5525783 0.2363474 0.9676921 -0.002593457 0.2521214 0.5524016 -0.5706332 0.6076433 0.9978582 -0.02471852 0.06056576 0.951252 0.2972042 0.08239793 0.9092339 0.3146851 0.2725197 0.706936 0.143001 0.6926705 0.5830079 0.3625989 0.7270652 0.8313699 -0.5557103 -0.00319457 0.3921568 0.6521049 0.6488238 0.1583693 0.7456098 0.6472908 0.06380081 0.532797 0.8438346 0.06036019 0.1331015 0.9892628 -0.008562862 -0.324037 0.9460057 -0.01671814 -0.7836974 0.6209178 0.1372622 -0.9735035 0.1828934 0.2712855 -0.9458297 -0.1783551 -0.7667003 0.5556578 -0.3215823 0.9615369 -0.274002 0.01923125</float_array>
          <technique_common>
            <accessor source="#pm0058_00_41_HairASkin-mesh-normals-array" count="631" stride="3">
              <param name="X" type="float"/>
              <param name="Y" type="float"/>
              <param name="Z" type="float"/>
            </accessor>
          </technique_common>
        </source>
        <source id="pm0058_00_41_HairASkin-mesh-map-0">
          <float_array id="pm0058_00_41_HairASkin-mesh-map-0-array" count="5796">0.6261705 0.09537857 0.6260918 0.104972 0.6243672 0.09603732 0.6261705 0.09537857 0.6279059 0.104972 0.6260918 0.104972 0.6261705 0.09537857 0.6243672 0.09603732 0.6194496 0.08802014 0.6261705 0.09537857 0.6194496 0.08802014 0.6209484 0.08661288 0.6209484 0.08661288 0.6194496 0.08802014 0.6121047 0.08174961 0.6209484 0.08661288 0.6121047 0.08174961 0.6130068 0.07968944 0.6130068 0.07968944 0.6121047 0.08174961 0.6025418 0.07887381 0.6130068 0.07968944 0.6025418 0.07887381 0.6025418 0.07645124 0.6121047 0.08174961 0.6025416 0.09001547 0.6025418 0.07887381 0.6121047 0.08174961 0.6082182 0.09114402 0.6025416 0.09001547 0.6194496 0.08802014 0.6082182 0.09114402 0.6121047 0.08174961 0.6082182 0.09114402 0.6025416 0.09969228 0.6025416 0.09001547 0.6082182 0.09114402 0.6045747 0.1000757 0.6025416 0.09969228 0.6130372 0.09436291 0.6045747 0.1000757 0.6082182 0.09114402 0.6243672 0.09603732 0.6130372 0.09436291 0.6194496 0.08802014 0.6194496 0.08802014 0.6130372 0.09436291 0.6082182 0.09114402 0.6130372 0.09436291 0.6063206 0.1012061 0.6045747 0.1000757 0.6045747 0.1000757 0.6063206 0.1012061 0.6025416 0.104972 0.6025416 0.09969228 0.6045747 0.1000757 0.6025416 0.104972 0.6063206 0.1012061 0.6075142 0.1029204 0.6025416 0.104972 0.6162095 0.09924024 0.6063206 0.1012061 0.6130372 0.09436291 0.6162095 0.09924024 0.6075142 0.1029204 0.6063206 0.1012061 0.6173161 0.104972 0.6075142 0.1029204 0.6162095 0.09924024 0.6173161 0.104972 0.6079362 0.104972 0.6075142 0.1029204 0.6075142 0.1029204 0.6079362 0.104972 0.6025416 0.104972 0.6243672 0.09603732 0.6173161 0.104972 0.6162095 0.09924024 0.6243672 0.09603732 0.6162095 0.09924024 0.6130372 0.09436291 0.6243672 0.09603732 0.6260918 0.104972 0.6173161 0.104972 0.5111548 0.9586252 0.5236418 0.9676445 0.5108865 0.9674982 0.5111548 0.9586252 0.5235536 0.95751 0.5236418 0.9676445 0.5108865 0.9674982 0.5 0.9612038 0.5111548 0.9586252 0.5108865 0.9674982 0.5 0.9676573 0.5 0.9612038 0.5 0.9739757 0.5 0.9676573 0.5108865 0.9674982 0.5 0.9739757 0.5108865 0.9674982 0.5114126 0.9754087 0.5108865 0.9674982 0.522379 0.9770435 0.5114126 0.9754087 0.5108865 0.9674982 0.5236418 0.9676445 0.522379 0.9770435 0.522379 0.9770435 0.5245747 0.9869447 0.5114126 0.9754087 0.5 0.9859274 0.5 0.9739757 0.5114126 0.9754087 0.5245747 0.9869447 0.5 0.9859274 0.5114126 0.9754087 0.522379 0.9770435 0.5382065 0.9781374 0.5245747 0.9869447 0.5236418 0.9676445 0.5382065 0.9781374 0.522379 0.9770435 0.5382065 0.9781374 0.5513854 0.9875915 0.5245747 0.9869447 0.5382065 0.9781374 0.5569324 0.9772064 0.5513854 0.9875915 0.554472 0.966568 0.5569324 0.9772064 0.5382065 0.9781374 0.5702236 0.9639635 0.5569324 0.9772064 0.554472 0.966568 0.5702236 0.9639635 0.5736991 0.9740368 0.5569324 0.9772064 0.554472 0.966568 0.5382065 0.9781374 0.5379214 0.9676414 0.5379214 0.9676414 0.5517615 0.9556543 0.554472 0.966568 0.5379214 0.9676414 0.5371382 0.9568503 0.5517615 0.9556543 0.5793668 0.98592 0.5569324 0.9772064 0.5736991 0.9740368 0.5793668 0.98592 0.5513854 0.9875915 0.5569324 0.9772064 0.5868419 0.9676626 0.5793668 0.98592 0.5736991 0.9740368 0.5736991 0.9740368 0.5702236 0.9639635 0.5868419 0.9676626 0.5868419 0.9676626 0.5931987 0.983834 0.5793668 0.98592 0.5666471 0.9537777 0.554472 0.966568 0.5517615 0.9556543 0.5666471 0.9537777 0.5702236 0.9639635 0.554472 0.966568 0.5371382 0.9568503 0.5379214 0.9676414 0.5236418 0.9676445 0.5236418 0.9676445 0.5379214 0.9676414 0.5382065 0.9781374 0.5371382 0.9568503 0.5236418 0.9676445 0.5235536 0.95751 0.5371382 0.9568503 0.5235536 0.95751 0.5231068 0.9470021 0.5106709 0.9484735 0.5231068 0.9470021 0.5235536 0.95751 0.5098839 0.9372865 0.5231068 0.9470021 0.5106709 0.9484735 0.5098839 0.9372865 0.5222944 0.9348288 0.5231068 0.9470021 0.5106709 0.9484735 0.5 0.9410498 0.5098839 0.9372865 0.5106709 0.9484735 0.5 0.951983 0.5 0.9410498 0.5363553 0.9457289 0.5231068 0.9470021 0.5222944 0.9348288 0.5371382 0.9568503 0.5231068 0.9470021 0.5363553 0.9457289 0.5363553 0.9457289 0.5222944 0.9348288 0.5356162 0.9336132 0.5363553 0.9457289 0.5356162 0.9336132 0.5486494 0.9331449 0.5363553 0.9457289 0.5486494 0.9331449 0.5497254 0.9443246 0.5497254 0.9443246 0.5486494 0.9331449 0.5604294 0.9322409 0.5497254 0.9443246 0.5604294 0.9322409 0.5630402 0.9425964 0.5700577 0.9285413 0.5630402 0.9425964 0.5604294 0.9322409 0.5700577 0.9285413 0.5744252 0.9408326 0.5630402 0.9425964 0.5700577 0.9285413 0.5828374 0.9371617 0.5744252 0.9408326 0.5700577 0.9285413 0.5783957 0.9257648 0.5828374 0.9371617 0.5700577 0.9285413 0.5747717 0.9129398 0.5783957 0.9257648 0.5700577 0.9285413 0.5655226 0.9141642 0.5747717 0.9129398 0.5747717 0.9129398 0.5655226 0.9141642 0.5658257 0.894802 0.5501933 0.9100503 0.5658257 0.894802 0.5655226 0.9141642 0.5501933 0.9100503 0.5448234 0.8923949 0.5658257 0.894802 0.5366141 0.9078055 0.5448234 0.8923949 0.5501933 0.9100503 0.5747717 0.9129398 0.5658257 0.894802 0.5808826 0.89633 0.5700577 0.9285413 0.5588369 0.9217556 0.5655226 0.9141642 0.5700577 0.9285413 0.5604294 0.9322409 0.5588369 0.9217556 0.5588369 0.9217556 0.5501933 0.9100503 0.5655226 0.9141642 0.5588369 0.9217556 0.5489691 0.9231552 0.5501933 0.9100503 0.5366141 0.9078055 0.5501933 0.9100503 0.5489691 0.9231552 0.5604294 0.9322409 0.5489691 0.9231552 0.5588369 0.9217556 0.5366141 0.9078055 0.5489691 0.9231552 0.5354255 0.9239702 0.5354255 0.9239702 0.5219561 0.9064442 0.5366141 0.9078055 0.5219561 0.9064442 0.5448234 0.8923949 0.5366141 0.9078055 0.5354255 0.9239702 0.5216333 0.9243196 0.5219561 0.9064442 0.5080317 0.9073892 0.5219561 0.9064442 0.5216333 0.9243196 0.5080317 0.9073892 0.5154034 0.8862939 0.5219561 0.9064442 0.5219561 0.9064442 0.5154034 0.8862939 0.5448234 0.8923949 0.5080317 0.9073892 0.5216333 0.9243196 0.5088837 0.9248347 0.5088837 0.9248347 0.5 0.9099599 0.5080317 0.9073892 0.5088837 0.9248347 0.5 0.9263358 0.5 0.9099599 0.5080317 0.9073892 0.5000001 0.8819437 0.5154034 0.8862939 0.5080317 0.9073892 0.5 0.9099599 0.5000001 0.8819437 0.5354255 0.9239702 0.5489691 0.9231552 0.5486494 0.9331449 0.5604294 0.9322409 0.5486494 0.9331449 0.5489691 0.9231552 0.5354255 0.9239702 0.5486494 0.9331449 0.5356162 0.9336132 0.5356162 0.9336132 0.5216333 0.9243196 0.5354255 0.9239702 0.5356162 0.9336132 0.5222944 0.9348288 0.5216333 0.9243196 0.5088837 0.9248347 0.5216333 0.9243196 0.5222944 0.9348288 0.5088837 0.9248347 0.5222944 0.9348288 0.5098839 0.9372865 0.5098839 0.9372865 0.5 0.9263358 0.5088837 0.9248347 0.5098839 0.9372865 0.5 0.9410498 0.5 0.9263358 0.5 0.9099599 0.5 0.9263358 0.4911164 0.9248347 0.5 0.9099599 0.4911164 0.9248347 0.4919682 0.9073892 0.5000001 0.8819437 0.5 0.9099599 0.4919682 0.9073892 0.4919682 0.9073892 0.4911164 0.9248347 0.4783667 0.9243196 0.4919682 0.9073892 0.4783667 0.9243196 0.4780439 0.9064442 0.4845966 0.8862939 0.4919682 0.9073892 0.4780439 0.9064442 0.5000001 0.8819437 0.4919682 0.9073892 0.4845966 0.8862939 0.4780439 0.9064442 0.4783667 0.9243196 0.4645745 0.9239702 0.4780439 0.9064442 0.4645745 0.9239702 0.4633858 0.9078055 0.4633858 0.9078055 0.4645745 0.9239702 0.4510309 0.9231551 0.4633858 0.9078055 0.4510309 0.9231551 0.4498066 0.9100502 0.4551767 0.8923949 0.4633858 0.9078055 0.4498066 0.9100502 0.4780439 0.9064442 0.4551767 0.8923949 0.4845966 0.8862939 0.4780439 0.9064442 0.4633858 0.9078055 0.4551767 0.8923949 0.4498066 0.9100502 0.4341744 0.894802 0.4551767 0.8923949 0.4498066 0.9100502 0.4344774 0.9141642 0.4341744 0.894802 0.4252283 0.9129397 0.4341744 0.894802 0.4344774 0.9141642 0.4252283 0.9129397 0.4344774 0.9141642 0.4299423 0.9285413 0.4252283 0.9129397 0.4299423 0.9285413 0.4216043 0.9257647 0.4171625 0.9371616 0.4216043 0.9257647 0.4299423 0.9285413 0.4171625 0.9371616 0.4299423 0.9285413 0.4255748 0.9408326 0.4252283 0.9129397 0.4191175 0.8963299 0.4341744 0.894802 0.4369598 0.9425964 0.4255748 0.9408326 0.4299423 0.9285413 0.4369598 0.9425964 0.4299423 0.9285413 0.4395706 0.9322408 0.4395706 0.9322408 0.4502747 0.9443246 0.4369598 0.9425964 0.4395706 0.9322408 0.4513506 0.9331449 0.4502747 0.9443246 0.4395706 0.9322408 0.4510309 0.9231551 0.4513506 0.9331449 0.4513506 0.9331449 0.4636447 0.9457288 0.4502747 0.9443246 0.4513506 0.9331449 0.4643838 0.9336131 0.4636447 0.9457288 0.4411631 0.9217555 0.4299423 0.9285413 0.4344774 0.9141642 0.4411631 0.9217555 0.4395706 0.9322408 0.4299423 0.9285413 0.4411631 0.9217555 0.4344774 0.9141642 0.4498066 0.9100502 0.4411631 0.9217555 0.4498066 0.9100502 0.4510309 0.9231551 0.4395706 0.9322408 0.4411631 0.9217555 0.4510309 0.9231551 0.4777057 0.9348288 0.4636447 0.9457288 0.4643838 0.9336131 0.4777057 0.9348288 0.4768932 0.9470021 0.4636447 0.9457288 0.4901161 0.9372864 0.4768932 0.9470021 0.4777057 0.9348288 0.4901161 0.9372864 0.489329 0.9484734 0.4768932 0.9470021 0.5 0.9410498 0.489329 0.9484734 0.4901161 0.9372864 0.5 0.9410498 0.5 0.951983 0.489329 0.9484734 0.4645745 0.9239702 0.4513506 0.9331449 0.4510309 0.9231551 0.4645745 0.9239702 0.4643838 0.9336131 0.4513506 0.9331449 0.4643838 0.9336131 0.4783667 0.9243196 0.4777057 0.9348288 0.4643838 0.9336131 0.4645745 0.9239702 0.4783667 0.9243196 0.4911164 0.9248347 0.4777057 0.9348288 0.4783667 0.9243196 0.4911164 0.9248347 0.4901161 0.9372864 0.4777057 0.9348288 0.4901161 0.9372864 0.5 0.9263358 0.5 0.9410498 0.4901161 0.9372864 0.4911164 0.9248347 0.5 0.9263358 0.5 0.951983 0.4888451 0.9586251 0.489329 0.9484734 0.5 0.951983 0.5 0.9612038 0.4888451 0.9586251 0.5111548 0.9586252 0.5 0.9612038 0.5 0.951983 0.5111548 0.9586252 0.5 0.951983 0.5106709 0.9484735 0.5106709 0.9484735 0.5235536 0.95751 0.5111548 0.9586252 0.4891135 0.9674981 0.4888451 0.9586251 0.5 0.9612038 0.4763582 0.9676445 0.4888451 0.9586251 0.4891135 0.9674981 0.4763582 0.9676445 0.4764463 0.95751 0.4888451 0.9586251 0.489329 0.9484734 0.4888451 0.9586251 0.4764463 0.95751 0.4891135 0.9674981 0.5 0.9612038 0.5 0.9676573 0.5 0.9739757 0.4891135 0.9674981 0.5 0.9676573 0.5 0.9739757 0.4885873 0.9754086 0.4891135 0.9674981 0.4891135 0.9674981 0.477621 0.9770435 0.4763582 0.9676445 0.4891135 0.9674981 0.4885873 0.9754086 0.477621 0.9770435 0.4754253 0.9869447 0.477621 0.9770435 0.4885873 0.9754086 0.5 0.9739757 0.5 0.9859274 0.4885873 0.9754086 0.5 0.9859274 0.4754253 0.9869447 0.4885873 0.9754086 0.4617934 0.9781374 0.477621 0.9770435 0.4754253 0.9869447 0.4617934 0.9781374 0.4763582 0.9676445 0.477621 0.9770435 0.4486145 0.9875915 0.4617934 0.9781374 0.4754253 0.9869447 0.4430676 0.9772063 0.4617934 0.9781374 0.4486145 0.9875915 0.4455279 0.9665679 0.4617934 0.9781374 0.4430676 0.9772063 0.4430676 0.9772063 0.4297764 0.9639635 0.4455279 0.9665679 0.4430676 0.9772063 0.4263009 0.9740368 0.4297764 0.9639635 0.4455279 0.9665679 0.4620786 0.9676414 0.4617934 0.9781374 0.4617934 0.9781374 0.4620786 0.9676414 0.4763582 0.9676445 0.4482385 0.9556542 0.4620786 0.9676414 0.4455279 0.9665679 0.4482385 0.9556542 0.4628618 0.9568503 0.4620786 0.9676414 0.4206332 0.9859199 0.4430676 0.9772063 0.4486145 0.9875915 0.4206332 0.9859199 0.4263009 0.9740368 0.4430676 0.9772063 0.4206332 0.9859199 0.4131581 0.9676626 0.4263009 0.9740368 0.4297764 0.9639635 0.4263009 0.9740368 0.4131581 0.9676626 0.4206332 0.9859199 0.4068013 0.983834 0.4131581 0.9676626 0.4455279 0.9665679 0.4333529 0.9537777 0.4482385 0.9556542 0.4455279 0.9665679 0.4297764 0.9639635 0.4333529 0.9537777 0.4763582 0.9676445 0.4620786 0.9676414 0.4628618 0.9568503 0.4763582 0.9676445 0.4628618 0.9568503 0.4764463 0.95751 0.4768932 0.9470021 0.4764463 0.95751 0.4628618 0.9568503 0.489329 0.9484734 0.4764463 0.95751 0.4768932 0.9470021 0.4768932 0.9470021 0.4628618 0.9568503 0.4636447 0.9457288 0.4502747 0.9443246 0.4628618 0.9568503 0.4482385 0.9556542 0.4502747 0.9443246 0.4636447 0.9457288 0.4628618 0.9568503 0.4482385 0.9556542 0.4369598 0.9425964 0.4502747 0.9443246 0.4482385 0.9556542 0.4333529 0.9537777 0.4369598 0.9425964 0.4131581 0.9676626 0.4209151 0.9524672 0.4297764 0.9639635 0.4131581 0.9676626 0.4116274 0.9486106 0.4209151 0.9524672 0.4131581 0.9676626 0.4041088 0.96247 0.4116274 0.9486106 0.3956981 0.9559442 0.4116274 0.9486106 0.4041088 0.96247 0.3956981 0.9559442 0.4030292 0.9439665 0.4116274 0.9486106 0.4030292 0.9439665 0.3956981 0.9559442 0.387488 0.9480383 0.4030292 0.9439665 0.387488 0.9480383 0.3947698 0.9378089 0.3947698 0.9378089 0.387488 0.9480383 0.3835727 0.9416956 0.3947698 0.9378089 0.3835727 0.9416956 0.3905081 0.9335465 0.387488 0.9480383 0.3744372 0.949403 0.3835727 0.9416956 0.387488 0.9480383 0.3802341 0.9599463 0.3744372 0.949403 0.3956981 0.9559442 0.3802341 0.9599463 0.387488 0.9480383 0.4116274 0.9486106 0.4255748 0.9408326 0.4209151 0.9524672 0.4333529 0.9537777 0.4255748 0.9408326 0.4369598 0.9425964 0.4333529 0.9537777 0.4209151 0.9524672 0.4255748 0.9408326 0.4116274 0.9486106 0.4171625 0.9371616 0.4255748 0.9408326 0.4116274 0.9486106 0.4084099 0.9342465 0.4171625 0.9371616 0.4116274 0.9486106 0.4030292 0.9439665 0.4084099 0.9342465 0.4084099 0.9342465 0.4030292 0.9439665 0.3947698 0.9378089 0.4171625 0.9371616 0.4084099 0.9342465 0.4132242 0.9236605 0.4084099 0.9342465 0.4047214 0.9222921 0.4132242 0.9236605 0.4084099 0.9342465 0.3998161 0.9302079 0.4047214 0.9222921 0.4084099 0.9342465 0.3947698 0.9378089 0.3998161 0.9302079 0.3947698 0.9378089 0.3905081 0.9335465 0.3998161 0.9302079 0.4132242 0.9236605 0.4047214 0.9222921 0.4088118 0.912914 0.4132242 0.9236605 0.4088118 0.912914 0.4168646 0.9129614 0.4088118 0.912914 0.4191175 0.8963299 0.4168646 0.9129614 0.4088118 0.912914 0.40327 0.9018365 0.4191175 0.8963299 0.4088118 0.912914 0.4004215 0.91448 0.40327 0.9018365 0.4004215 0.91448 0.4088118 0.912914 0.4047214 0.9222921 0.4004215 0.91448 0.4047214 0.9222921 0.3977278 0.9225299 0.4047214 0.9222921 0.3998161 0.9302079 0.3977278 0.9225299 0.3998161 0.9302079 0.3905081 0.9335465 0.3977278 0.9225299 0.4171625 0.9371616 0.4132242 0.9236605 0.4216043 0.9257647 0.4216043 0.9257647 0.4132242 0.9236605 0.4168646 0.9129614 0.4216043 0.9257647 0.4168646 0.9129614 0.4252283 0.9129397 0.4168646 0.9129614 0.4191175 0.8963299 0.4252283 0.9129397 0.3873896 0.968499 0.3760172 0.9670058 0.3802341 0.9599463 0.3873896 0.968499 0.382395 0.9747195 0.3760172 0.9670058 0.3904729 0.978824 0.382395 0.9747195 0.3873896 0.968499 0.3904729 0.978824 0.3873896 0.968499 0.395381 0.9760508 0.4041088 0.96247 0.395381 0.9760508 0.3873896 0.968499 0.4131581 0.9676626 0.395381 0.9760508 0.4041088 0.96247 0.4131581 0.9676626 0.4068013 0.983834 0.395381 0.9760508 0.3971604 0.9806044 0.395381 0.9760508 0.4068013 0.983834 0.3904729 0.978824 0.395381 0.9760508 0.3971604 0.9806044 0.4041088 0.96247 0.3873896 0.968499 0.3956981 0.9559442 0.3956981 0.9559442 0.3873896 0.968499 0.3802341 0.9599463 0.3730125 0.9594877 0.3802341 0.9599463 0.3760172 0.9670058 0.3730125 0.9594877 0.3744372 0.949403 0.3802341 0.9599463 0.3638308 0.954138 0.3744372 0.949403 0.3730125 0.9594877 0.5181402 0.1050673 0.5 0.1166266 0.5 0.1014657 0.5181402 0.1050673 0.5161831 0.1222628 0.5 0.1166266 0.5347555 0.1102949 0.5161831 0.1222628 0.5181402 0.1050673 0.5347555 0.1102949 0.5309608 0.1261481 0.5161831 0.1222628 0.5485149 0.1158723 0.5309608 0.1261481 0.5347555 0.1102949 0.5485149 0.1158723 0.5441036 0.1303418 0.5309608 0.1261481 0.527638 0.1406124 0.5309608 0.1261481 0.5441036 0.1303418 0.527638 0.1406124 0.5441036 0.1303418 0.539551 0.1436865 0.527638 0.1406124 0.539551 0.1436865 0.5349962 0.1583338 0.527638 0.1406124 0.5349962 0.1583338 0.5192213 0.1606321 0.5360477 0.1709108 0.5192213 0.1606321 0.5349962 0.1583338 0.5360477 0.1709108 0.5192021 0.1746396 0.5192213 0.1606321 0.5192021 0.1746396 0.5 0.1648011 0.5192213 0.1606321 0.5192021 0.1746396 0.5 0.1774061 0.5 0.1648011 0.5209355 0.1900861 0.5 0.1774061 0.5192021 0.1746396 0.5209355 0.1900861 0.5 0.1925228 0.5 0.1774061 0.5404049 0.1842424 0.5192021 0.1746396 0.5360477 0.1709108 0.5404049 0.1842424 0.5209355 0.1900861 0.5192021 0.1746396 0.5241729 0.2068707 0.5209355 0.1900861 0.5404049 0.1842424 0.5241729 0.2068707 0.5 0.1925228 0.5209355 0.1900861 0.5241729 0.2068707 0.5404049 0.1842424 0.5470197 0.1993321 0.5404049 0.1842424 0.5360477 0.1709108 0.5493312 0.1648388 0.5493312 0.1648388 0.5360477 0.1709108 0.5349962 0.1583338 0.5404049 0.1842424 0.5493312 0.1648388 0.5566419 0.1760217 0.5470197 0.1993321 0.5404049 0.1842424 0.5566419 0.1760217 0.5470197 0.1993321 0.5566419 0.1760217 0.5667172 0.189249 0.5708284 0.1638875 0.5566419 0.1760217 0.5493312 0.1648388 0.5667172 0.189249 0.5566419 0.1760217 0.5708284 0.1638875 0.5708284 0.1638875 0.5493312 0.1648388 0.5599992 0.1542451 0.5827074 0.1505298 0.5708284 0.1638875 0.5599992 0.1542451 0.5827074 0.1505298 0.5599992 0.1542451 0.5699006 0.1385386 0.5900965 0.1263812 0.5827074 0.1505298 0.5699006 0.1385386 0.5900965 0.1263812 0.5970951 0.1329064 0.5827074 0.1505298 0.5970951 0.1329064 0.5971653 0.1599749 0.5827074 0.1505298 0.5970951 0.1329064 0.6064812 0.1382606 0.5971653 0.1599749 0.5832639 0.1747799 0.5827074 0.1505298 0.5971653 0.1599749 0.5832639 0.1747799 0.5708284 0.1638875 0.5827074 0.1505298 0.5667172 0.189249 0.5708284 0.1638875 0.5832639 0.1747799 0.5971653 0.1599749 0.5969944 0.1859335 0.5832639 0.1747799 0.5971653 0.1599749 0.6125912 0.168762 0.5969944 0.1859335 0.6262024 0.1423972 0.6125912 0.168762 0.5971653 0.1599749 0.6125912 0.168762 0.6262024 0.1423972 0.6254435 0.160499 0.5832639 0.1747799 0.58102 0.2045776 0.5667172 0.189249 0.5832639 0.1747799 0.5969944 0.1859335 0.58102 0.2045776 0.5667172 0.189249 0.58102 0.2045776 0.5554329 0.2142814 0.5667172 0.189249 0.5554329 0.2142814 0.5470197 0.1993321 0.5470197 0.1993321 0.5554329 0.2142814 0.528736 0.2245548 0.5470197 0.1993321 0.528736 0.2245548 0.5241729 0.2068707 0.528736 0.2245548 0.5 0.2100615 0.5241729 0.2068707 0.5241729 0.2068707 0.5 0.2100615 0.5 0.1925228 0.528736 0.2245548 0.5 0.2296735 0.5 0.2100615 0.5 0.1925228 0.5 0.2100615 0.4758271 0.2068707 0.5 0.1925228 0.4758271 0.2068707 0.4790645 0.1900861 0.5 0.1774061 0.5 0.1925228 0.4790645 0.1900861 0.5 0.1774061 0.4790645 0.1900861 0.480796 0.1746452 0.5 0.1648011 0.5 0.1774061 0.480796 0.1746452 0.5 0.1648011 0.480796 0.1746452 0.480782 0.1606292 0.480782 0.1606292 0.480796 0.1746452 0.4639602 0.1709138 0.480782 0.1606292 0.4639602 0.1709138 0.4650098 0.1583331 0.4650098 0.1583331 0.4723637 0.1406094 0.480782 0.1606292 0.4650098 0.1583331 0.4604453 0.1436797 0.4723637 0.1406094 0.480796 0.1746452 0.4595988 0.1842458 0.4639602 0.1709138 0.480796 0.1746452 0.4790645 0.1900861 0.4595988 0.1842458 0.4595988 0.1842458 0.4790645 0.1900861 0.4758271 0.2068707 0.4558936 0.1303368 0.4723637 0.1406094 0.4604453 0.1436797 0.4558936 0.1303368 0.4690414 0.1261456 0.4723637 0.1406094 0.4514875 0.115875 0.4690414 0.1261456 0.4558936 0.1303368 0.4514875 0.115875 0.4652502 0.110289 0.4690414 0.1261456 0.4838247 0.1222586 0.4690414 0.1261456 0.4652502 0.110289 0.4838247 0.1222586 0.4652502 0.110289 0.481862 0.105066 0.5 0.1166266 0.4838247 0.1222586 0.481862 0.105066 0.5 0.1166266 0.481862 0.105066 0.5 0.1014657 0.4595988 0.1842458 0.4506688 0.1648388 0.4639602 0.1709138 0.4506688 0.1648388 0.4650098 0.1583331 0.4639602 0.1709138 0.4595988 0.1842458 0.443358 0.1760217 0.4506688 0.1648388 0.443358 0.1760217 0.4595988 0.1842458 0.4529814 0.1993339 0.4595988 0.1842458 0.4758271 0.2068707 0.4529814 0.1993339 0.443358 0.1760217 0.4529814 0.1993339 0.4332829 0.189249 0.4291716 0.1638875 0.4506688 0.1648388 0.443358 0.1760217 0.4291716 0.1638875 0.443358 0.1760217 0.4332829 0.189249 0.4291716 0.1638875 0.4400096 0.1542411 0.4506688 0.1648388 0.4400096 0.1542411 0.4291716 0.1638875 0.4172927 0.1505298 0.4400096 0.1542411 0.4172927 0.1505298 0.4301052 0.1385391 0.4099035 0.1263812 0.4301052 0.1385391 0.4172927 0.1505298 0.4099035 0.1263812 0.4172927 0.1505298 0.4029048 0.1329064 0.4029048 0.1329064 0.4172927 0.1505298 0.4028347 0.1599749 0.4029048 0.1329064 0.4028347 0.1599749 0.3935188 0.1382606 0.4167361 0.1747799 0.4172927 0.1505298 0.4291716 0.1638875 0.4167361 0.1747799 0.4028347 0.1599749 0.4172927 0.1505298 0.4291716 0.1638875 0.4332829 0.189249 0.4167361 0.1747799 0.4030056 0.1859335 0.4028347 0.1599749 0.4167361 0.1747799 0.4030056 0.1859335 0.3874088 0.168762 0.4028347 0.1599749 0.4167361 0.1747799 0.41898 0.2045776 0.4030056 0.1859335 0.4167361 0.1747799 0.4332829 0.189249 0.41898 0.2045776 0.4332829 0.189249 0.4445671 0.2142814 0.41898 0.2045776 0.4332829 0.189249 0.4529814 0.1993339 0.4445671 0.2142814 0.4529814 0.1993339 0.471264 0.2245548 0.4445671 0.2142814 0.4529814 0.1993339 0.4758271 0.2068707 0.471264 0.2245548 0.471264 0.2245548 0.4758271 0.2068707 0.5 0.2100615 0.471264 0.2245548 0.5 0.2100615 0.5 0.2296735 0.4099035 0.1263812 0.4146347 0.120986 0.4301052 0.1385391 0.3851327 0.1404933 0.3935188 0.1382606 0.4028347 0.1599749 0.4028347 0.1599749 0.3737975 0.1423887 0.3851327 0.1404933 0.4028347 0.1599749 0.3874088 0.168762 0.3737975 0.1423887 0.3737975 0.1423887 0.3874088 0.168762 0.3745588 0.1604983 0.4301052 0.1385391 0.4146347 0.120986 0.4201738 0.1150369 0.4314979 0.1239628 0.4301052 0.1385391 0.4201738 0.1150369 0.4314979 0.1239628 0.4448136 0.1344212 0.4301052 0.1385391 0.4314979 0.1239628 0.4391636 0.1209056 0.4448136 0.1344212 0.4391636 0.1209056 0.4314979 0.1239628 0.4310608 0.1006823 0.4216985 0.1124059 0.4310608 0.1006823 0.4314979 0.1239628 0.4314979 0.1239628 0.4201738 0.1150369 0.4216985 0.1124059 0.4448136 0.1344212 0.4400096 0.1542411 0.4301052 0.1385391 0.4448136 0.1344212 0.4499486 0.1480802 0.4400096 0.1542411 0.4552006 0.1573546 0.4400096 0.1542411 0.4499486 0.1480802 0.4552006 0.1573546 0.4506688 0.1648388 0.4400096 0.1542411 0.4506688 0.1648388 0.4552006 0.1573546 0.4650098 0.1583331 0.4552006 0.1573546 0.4604453 0.1436797 0.4650098 0.1583331 0.4552006 0.1573546 0.4499486 0.1480802 0.4604453 0.1436797 0.4604453 0.1436797 0.4499486 0.1480802 0.4448136 0.1344212 0.4604453 0.1436797 0.4448136 0.1344212 0.4558936 0.1303368 0.4391636 0.1209056 0.4558936 0.1303368 0.4448136 0.1344212 0.4391636 0.1209056 0.4514875 0.115875 0.4558936 0.1303368 0.4472483 0.1035079 0.4391636 0.1209056 0.4310608 0.1006823 0.4472483 0.1035079 0.4514875 0.115875 0.4391636 0.1209056 0.4472483 0.1035079 0.4310608 0.1006823 0.4521316 0.0806393 0.4472483 0.1035079 0.4521316 0.0806393 0.4603876 0.0950827 0.4521316 0.0806393 0.4790964 0.08649295 0.4603876 0.0950827 0.4521316 0.0806393 0.4761784 0.06800121 0.4790964 0.08649295 0.5 0.08331763 0.4790964 0.08649295 0.4761784 0.06800121 0.5 0.08331763 0.4761784 0.06800121 0.5 0.06406545 0.5238217 0.06800121 0.5 0.08331763 0.5 0.06406545 0.5238217 0.06800121 0.5209025 0.08648771 0.5 0.08331763 0.5209025 0.08648771 0.5238217 0.06800121 0.5478684 0.0806393 0.5209025 0.08648771 0.5478684 0.0806393 0.5396124 0.0950827 0.5527517 0.1035079 0.5396124 0.0950827 0.5478684 0.0806393 0.5527517 0.1035079 0.5478684 0.0806393 0.5689392 0.1006823 0.5396124 0.0950827 0.5181402 0.1050673 0.5209025 0.08648771 0.5396124 0.0950827 0.5347555 0.1102949 0.5181402 0.1050673 0.5347555 0.1102949 0.5396124 0.0950827 0.5527517 0.1035079 0.5209025 0.08648771 0.5 0.1014657 0.5 0.08331763 0.5209025 0.08648771 0.5181402 0.1050673 0.5 0.1014657 0.5 0.1014657 0.4790964 0.08649295 0.5 0.08331763 0.5347555 0.1102949 0.5527517 0.1035079 0.5485149 0.1158723 0.560832 0.1209087 0.5527517 0.1035079 0.5689392 0.1006823 0.560832 0.1209087 0.5485149 0.1158723 0.5527517 0.1035079 0.5685021 0.1239628 0.560832 0.1209087 0.5689392 0.1006823 0.5685021 0.1239628 0.5551831 0.1344247 0.560832 0.1209087 0.5685021 0.1239628 0.5699006 0.1385386 0.5551831 0.1344247 0.5689392 0.1006823 0.5783016 0.1124059 0.5685021 0.1239628 0.5599992 0.1542451 0.5551831 0.1344247 0.5699006 0.1385386 0.5599992 0.1542451 0.5500488 0.1480832 0.5551831 0.1344247 0.5448049 0.1573564 0.5500488 0.1480832 0.5599992 0.1542451 0.5448049 0.1573564 0.5599992 0.1542451 0.5493312 0.1648388 0.5493312 0.1648388 0.5349962 0.1583338 0.5448049 0.1573564 0.539551 0.1436865 0.5448049 0.1573564 0.5349962 0.1583338 0.539551 0.1436865 0.5500488 0.1480832 0.5448049 0.1573564 0.539551 0.1436865 0.5551831 0.1344247 0.5500488 0.1480832 0.539551 0.1436865 0.5441036 0.1303418 0.5551831 0.1344247 0.560832 0.1209087 0.5441036 0.1303418 0.5485149 0.1158723 0.560832 0.1209087 0.5551831 0.1344247 0.5441036 0.1303418 0.5798262 0.1150369 0.5685021 0.1239628 0.5783016 0.1124059 0.5699006 0.1385386 0.5685021 0.1239628 0.5798262 0.1150369 0.5853653 0.120986 0.5798262 0.1150369 0.5783016 0.1124059 0.5853653 0.120986 0.5699006 0.1385386 0.5798262 0.1150369 0.5853653 0.120986 0.5900965 0.1263812 0.5699006 0.1385386 0.5122941 0.1511719 0.5 0.1496616 0.5079959 0.1461223 0.5122941 0.1511719 0.5 0.1556513 0.5 0.1496616 0.5185004 0.1385812 0.5122941 0.1511719 0.5079959 0.1461223 0.5185004 0.1385812 0.5079959 0.1461223 0.5112894 0.1378872 0.5085033 0.1291444 0.5185004 0.1385812 0.5112894 0.1378872 0.5085033 0.1291444 0.5161831 0.1222628 0.5185004 0.1385812 0.5 0.1166266 0.5161831 0.1222628 0.5085033 0.1291444 0.5 0.1166266 0.5085033 0.1291444 0.5 0.1248083 0.5185004 0.1385812 0.5161831 0.1222628 0.5309608 0.1261481 0.5185004 0.1385812 0.5309608 0.1261481 0.527638 0.1406124 0.5122941 0.1511719 0.5185004 0.1385812 0.527638 0.1406124 0.5122941 0.1511719 0.527638 0.1406124 0.5192213 0.1606321 0.5122941 0.1511719 0.5 0.1648011 0.5 0.1556513 0.5122941 0.1511719 0.5192213 0.1606321 0.5 0.1648011 0.5 0.1496616 0.5 0.1556513 0.4877125 0.1511792 0.5 0.1648011 0.4877125 0.1511792 0.5 0.1556513 0.5 0.1496616 0.4877125 0.1511792 0.4920078 0.1461197 0.5 0.1166266 0.5 0.1248083 0.4914967 0.1291444 0.5 0.1166266 0.4914967 0.1291444 0.4838247 0.1222586 0.4815067 0.1385774 0.4838247 0.1222586 0.4914967 0.1291444 0.4920078 0.1461197 0.4877125 0.1511792 0.4815067 0.1385774 0.4815067 0.1385774 0.4914967 0.1291444 0.4887107 0.1378872 0.4920078 0.1461197 0.4815067 0.1385774 0.4887107 0.1378872 0.4690414 0.1261456 0.4838247 0.1222586 0.4815067 0.1385774 0.4690414 0.1261456 0.4815067 0.1385774 0.4723637 0.1406094 0.4723637 0.1406094 0.4815067 0.1385774 0.4877125 0.1511792 0.4723637 0.1406094 0.4877125 0.1511792 0.480782 0.1606292 0.5 0.1648011 0.480782 0.1606292 0.4877125 0.1511792 0.978843 0.8198399 0.9645972 0.8074952 0.9790852 0.8048022 0.978843 0.8198399 0.9654529 0.8216981 0.9645972 0.8074952 0.9645972 0.8074952 0.9654529 0.8216981 0.9553362 0.8225837 0.9645972 0.8074952 0.9553362 0.8225837 0.951447 0.8107075 0.9553362 0.8225837 0.9654529 0.8216981 0.9622316 0.8352195 0.9553362 0.8225837 0.9622316 0.8352195 0.9491534 0.8354089 0.9622316 0.8352195 0.9590178 0.8483984 0.9491534 0.8354089 0.9491534 0.8354089 0.9590178 0.8483984 0.9297308 0.8463112 0.9491534 0.8354089 0.9297308 0.8463112 0.9281021 0.8376991 0.951447 0.8107075 0.9619789 0.790954 0.9645972 0.8074952 0.9790852 0.8048022 0.9645972 0.8074952 0.9619789 0.790954 0.951447 0.8107075 0.9466834 0.7938348 0.9619789 0.790954 0.9466834 0.7938348 0.951447 0.8107075 0.9406776 0.8051772 0.9473712 0.8192266 0.9406776 0.8051772 0.951447 0.8107075 0.9473712 0.8192266 0.9355761 0.8161801 0.9406776 0.8051772 0.9790852 0.8048022 0.9619789 0.790954 0.9771787 0.7902365 0.9281021 0.8376991 0.9297308 0.8463112 0.9039344 0.8353497 0.9281021 0.8376991 0.9039344 0.8353497 0.9132593 0.8242886 0.9355761 0.8161801 0.9317747 0.799001 0.9406776 0.8051772 0.9466834 0.7938348 0.9406776 0.8051772 0.9317747 0.799001 0.9355761 0.8161801 0.9242995 0.8105741 0.9317747 0.799001 0.9224978 0.8205157 0.9242995 0.8105741 0.9355761 0.8161801 0.9224978 0.8205157 0.9355761 0.8161801 0.932332 0.8249383 0.943315 0.8267775 0.9355761 0.8161801 0.9473712 0.8192266 0.943315 0.8267775 0.932332 0.8249383 0.9355761 0.8161801 0.9771787 0.7902365 0.9893923 0.8011097 0.9790852 0.8048022 0.9771787 0.7902365 0.9882197 0.7891485 0.9893923 0.8011097 0.9790852 0.8048022 0.9893923 0.8011097 0.9906051 0.8167005 0.9790852 0.8048022 0.9906051 0.8167005 0.978843 0.8198399 0.9904569 0.8326566 0.978843 0.8198399 0.9906051 0.8167005 0.9904569 0.8326566 0.9739938 0.8350915 0.978843 0.8198399 0.9739938 0.8350915 0.9904569 0.8326566 0.9896129 0.8467555 0.9739938 0.8350915 0.9896129 0.8467555 0.9590178 0.8483984 0.9739938 0.8350915 0.9654529 0.8216981 0.978843 0.8198399 0.9739938 0.8350915 0.9622316 0.8352195 0.9654529 0.8216981 0.9590178 0.8483984 0.9622316 0.8352195 0.9739938 0.8350915 0.9165203 0.8072639 0.9317747 0.799001 0.9242995 0.8105741 0.9224978 0.8205157 0.9165203 0.8072639 0.9242995 0.8105741 0.9165203 0.8072639 0.9263041 0.7923593 0.9317747 0.799001 0.9165203 0.8072639 0.9228383 0.7892777 0.9263041 0.7923593 0.9392172 0.7788804 0.9263041 0.7923593 0.9228383 0.7892777 0.9392172 0.7788804 0.9412996 0.7820445 0.9263041 0.7923593 0.9596959 0.7772938 0.9412996 0.7820445 0.9392172 0.7788804 0.9596959 0.7772938 0.9392172 0.7788804 0.9591174 0.773445 0.9596959 0.7772938 0.9591174 0.773445 0.9750726 0.7777427 0.9165203 0.8072639 0.9119296 0.8048945 0.9228383 0.7892777 0.9132593 0.8242886 0.9119296 0.8048945 0.9165203 0.8072639 0.9132593 0.8242886 0.9165203 0.8072639 0.9180083 0.8229163 0.9180083 0.8229163 0.9281021 0.8376991 0.9132593 0.8242886 0.9180083 0.8229163 0.9297712 0.8329311 0.9281021 0.8376991 0.9491534 0.8354089 0.9281021 0.8376991 0.9297712 0.8329311 0.9491534 0.8354089 0.9297712 0.8329311 0.9463158 0.831117 0.9463158 0.831117 0.9553362 0.8225837 0.9491534 0.8354089 0.9463158 0.831117 0.9515031 0.8210161 0.9553362 0.8225837 0.9553362 0.8225837 0.9515031 0.8210161 0.951447 0.8107075 0.9869659 0.7695986 0.9750726 0.7777427 0.9591174 0.773445 0.9750726 0.7777427 0.9869659 0.7695986 0.9874169 0.7766299 0.9750726 0.7777427 0.9874169 0.7766299 0.9882197 0.7891485 0.9750726 0.7777427 0.9882197 0.7891485 0.9771787 0.7902365 0.9619789 0.790954 0.9750726 0.7777427 0.9771787 0.7902365 0.9619789 0.790954 0.9596959 0.7772938 0.9750726 0.7777427 0.9619789 0.790954 0.9412996 0.7820445 0.9596959 0.7772938 0.9619789 0.790954 0.9466834 0.7938348 0.9412996 0.7820445 0.9412996 0.7820445 0.9466834 0.7938348 0.9317747 0.799001 0.9412996 0.7820445 0.9317747 0.799001 0.9263041 0.7923593 0.943315 0.8267775 0.9463158 0.831117 0.9297712 0.8329311 0.943315 0.8267775 0.9515031 0.8210161 0.9463158 0.831117 0.943315 0.8267775 0.9473712 0.8192266 0.9515031 0.8210161 0.9515031 0.8210161 0.9473712 0.8192266 0.951447 0.8107075 0.943315 0.8267775 0.9297712 0.8329311 0.932332 0.8249383 0.9224978 0.8205157 0.932332 0.8249383 0.9297712 0.8329311 0.9224978 0.8205157 0.9297712 0.8329311 0.9180083 0.8229163 0.9224978 0.8205157 0.9180083 0.8229163 0.9165203 0.8072639 0.6126104 0.9684991 0.6095271 0.978824 0.604619 0.9760509 0.6126104 0.9684991 0.6176049 0.9747195 0.6095271 0.978824 0.6239827 0.9670059 0.6176049 0.9747195 0.6126104 0.9684991 0.6239827 0.9670059 0.6126104 0.9684991 0.6197658 0.9599464 0.6126104 0.9684991 0.604619 0.9760509 0.5958912 0.9624701 0.604619 0.9760509 0.5868419 0.9676626 0.5958912 0.9624701 0.5883725 0.9486107 0.5958912 0.9624701 0.5868419 0.9676626 0.5883725 0.9486107 0.5868419 0.9676626 0.5790849 0.9524672 0.6043019 0.9559443 0.5958912 0.9624701 0.5883725 0.9486107 0.6126104 0.9684991 0.5958912 0.9624701 0.6043019 0.9559443 0.6043019 0.9559443 0.6197658 0.9599464 0.6126104 0.9684991 0.6043019 0.9559443 0.5883725 0.9486107 0.5969709 0.9439665 0.5969709 0.9439665 0.6125119 0.9480383 0.6043019 0.9559443 0.6043019 0.9559443 0.6125119 0.9480383 0.6197658 0.9599464 0.5969709 0.9439665 0.6052302 0.937809 0.6125119 0.9480383 0.6052302 0.937809 0.6164273 0.9416957 0.6125119 0.9480383 0.6052302 0.937809 0.6094919 0.9335466 0.6164273 0.9416957 0.6125119 0.9480383 0.6255627 0.9494031 0.6197658 0.9599464 0.6125119 0.9480383 0.6164273 0.9416957 0.6255627 0.9494031 0.5790849 0.9524672 0.5868419 0.9676626 0.5702236 0.9639635 0.5883725 0.9486107 0.5790849 0.9524672 0.5744252 0.9408326 0.5666471 0.9537777 0.5744252 0.9408326 0.5790849 0.9524672 0.5790849 0.9524672 0.5702236 0.9639635 0.5666471 0.9537777 0.5666471 0.9537777 0.5630402 0.9425964 0.5744252 0.9408326 0.5517615 0.9556543 0.5630402 0.9425964 0.5666471 0.9537777 0.5517615 0.9556543 0.5497254 0.9443246 0.5630402 0.9425964 0.5371382 0.9568503 0.5497254 0.9443246 0.5517615 0.9556543 0.5371382 0.9568503 0.5363553 0.9457289 0.5497254 0.9443246 0.5915901 0.9342465 0.6052302 0.937809 0.5969709 0.9439665 0.5915901 0.9342465 0.5969709 0.9439665 0.5883725 0.9486107 0.5883725 0.9486107 0.5744252 0.9408326 0.5828374 0.9371617 0.5915901 0.9342465 0.5883725 0.9486107 0.5828374 0.9371617 0.5828374 0.9371617 0.5867758 0.9236605 0.5915901 0.9342465 0.5915901 0.9342465 0.5867758 0.9236605 0.5952786 0.9222921 0.5915901 0.9342465 0.5952786 0.9222921 0.6001839 0.930208 0.5867758 0.9236605 0.5911883 0.912914 0.5952786 0.9222921 0.5867758 0.9236605 0.5831354 0.9129615 0.5911883 0.912914 0.5808826 0.89633 0.5911883 0.912914 0.5831354 0.9129615 0.5911883 0.912914 0.5808826 0.89633 0.5967301 0.9018365 0.5911883 0.912914 0.5967301 0.9018365 0.5995786 0.9144801 0.5952786 0.9222921 0.5911883 0.912914 0.5995786 0.9144801 0.5952786 0.9222921 0.5995786 0.9144801 0.6022722 0.9225299 0.6001839 0.930208 0.5952786 0.9222921 0.6022722 0.9225299 0.5828374 0.9371617 0.5783957 0.9257648 0.5867758 0.9236605 0.5831354 0.9129615 0.5867758 0.9236605 0.5783957 0.9257648 0.5831354 0.9129615 0.5783957 0.9257648 0.5747717 0.9129398 0.5808826 0.89633 0.5831354 0.9129615 0.5747717 0.9129398 0.5915901 0.9342465 0.6001839 0.930208 0.6052302 0.937809 0.6094919 0.9335466 0.6052302 0.937809 0.6001839 0.930208 0.6094919 0.9335466 0.6001839 0.930208 0.6022722 0.9225299 0.9591174 0.773445 0.9375218 0.7726825 0.9600592 0.7668033 0.9591174 0.773445 0.9392172 0.7788804 0.9375218 0.7726825 0.9600592 0.7668033 0.9375218 0.7726825 0.9351629 0.7591155 0.9600592 0.7668033 0.9351629 0.7591155 0.9569369 0.7499029 0.9600592 0.7668033 0.9869659 0.7695986 0.9591174 0.773445 0.9819573 0.7485435 0.9600592 0.7668033 0.9569369 0.7499029 0.9819573 0.7485435 0.9869659 0.7695986 0.9600592 0.7668033 0.9569369 0.7499029 0.9351629 0.7591155 0.9360605 0.7415955 0.8319582 0.7959101 0.8469608 0.8143548 0.830803 0.8134058 0.8319582 0.7959101 0.8465375 0.7968963 0.8469608 0.8143548 0.8694873 0.8097819 0.8469608 0.8143548 0.8465375 0.7968963 0.8694873 0.8097819 0.8465375 0.7968963 0.8639246 0.793701 0.8694873 0.8097819 0.8639246 0.793701 0.8802689 0.7867089 0.8713793 0.7755908 0.8802689 0.7867089 0.8639246 0.793701 0.8713793 0.7755908 0.8639246 0.793701 0.8595453 0.7805076 0.8595453 0.7805076 0.8639246 0.793701 0.8465375 0.7968963 0.8694873 0.8097819 0.8802689 0.7867089 0.8929029 0.8041162 0.8987969 0.7917946 0.8929029 0.8041162 0.8802689 0.7867089 0.8987969 0.7917946 0.8802689 0.7867089 0.8920729 0.7739078 0.8713793 0.7755908 0.8920729 0.7739078 0.8802689 0.7867089 0.844726 0.7825787 0.8465375 0.7968963 0.8319582 0.7959101 0.8595453 0.7805076 0.8465375 0.7968963 0.844726 0.7825787 0.844726 0.7825787 0.8319582 0.7959101 0.8318204 0.782757 0.8438192 0.7692081 0.844726 0.7825787 0.8318204 0.782757 0.8438192 0.7692081 0.8318204 0.782757 0.8314886 0.7687383 0.8569042 0.7687798 0.844726 0.7825787 0.8438192 0.7692081 0.8569042 0.7687798 0.8595453 0.7805076 0.844726 0.7825787 0.8664874 0.7677968 0.8595453 0.7805076 0.8569042 0.7687798 0.8664874 0.7677968 0.8713793 0.7755908 0.8595453 0.7805076 0.8664874 0.7677968 0.8804534 0.7646981 0.8713793 0.7755908 0.8713793 0.7755908 0.8804534 0.7646981 0.8920729 0.7739078 0.8664874 0.7677968 0.8704598 0.7585022 0.8804534 0.7646981 0.8704598 0.7585022 0.886121 0.7496966 0.8804534 0.7646981 0.8704598 0.7585022 0.8754224 0.7438766 0.886121 0.7496966 0.8932431 0.7320353 0.886121 0.7496966 0.8754224 0.7438766 0.8988572 0.7353621 0.886121 0.7496966 0.8932431 0.7320353 0.8988572 0.7353621 0.8917968 0.7539139 0.886121 0.7496966 0.8804534 0.7646981 0.8917968 0.7539139 0.8920729 0.7739078 0.8804534 0.7646981 0.886121 0.7496966 0.8917968 0.7539139 0.8932431 0.7320353 0.8754224 0.7438766 0.8816033 0.7242802 0.8816033 0.7242802 0.8754224 0.7438766 0.8608253 0.739243 0.8816033 0.7242802 0.8608253 0.739243 0.8673495 0.7144925 0.8673495 0.7144925 0.8608253 0.739243 0.8459281 0.7371798 0.8673495 0.7144925 0.8459281 0.7371798 0.8503912 0.71036 0.8576223 0.7557303 0.8459281 0.7371798 0.8608253 0.739243 0.8576223 0.7557303 0.8754224 0.7438766 0.8704598 0.7585022 0.8576223 0.7557303 0.8608253 0.739243 0.8754224 0.7438766 0.8664874 0.7677968 0.8576223 0.7557303 0.8704598 0.7585022 0.8664874 0.7677968 0.8569042 0.7687798 0.8576223 0.7557303 0.8576223 0.7557303 0.8442086 0.7549377 0.8459281 0.7371798 0.8569042 0.7687798 0.8442086 0.7549377 0.8576223 0.7557303 0.8323523 0.7133433 0.8503912 0.71036 0.8459281 0.7371798 0.8323523 0.7133433 0.8459281 0.7371798 0.8327439 0.7345181 0.8459281 0.7371798 0.8317623 0.754275 0.8327439 0.7345181 0.8459281 0.7371798 0.8442086 0.7549377 0.8317623 0.754275 0.8442086 0.7549377 0.8314886 0.7687383 0.8317623 0.754275 0.8442086 0.7549377 0.8438192 0.7692081 0.8314886 0.7687383 0.8569042 0.7687798 0.8438192 0.7692081 0.8442086 0.7549377 0.791071 0.7955284 0.7828109 0.7896521 0.7889269 0.7861648 0.791071 0.7955284 0.7806749 0.7957118 0.7828109 0.7896521 0.7889269 0.7861648 0.7828109 0.7896521 0.7758494 0.7835988 0.7889269 0.7861648 0.7758494 0.7835988 0.7843287 0.7750796 0.7647358 0.7745414 0.7843287 0.7750796 0.7758494 0.7835988 0.7758494 0.7835988 0.7571637 0.7885788 0.7647358 0.7745414 0.7758494 0.7835988 0.7708999 0.7933902 0.7571637 0.7885788 0.7828109 0.7896521 0.7708999 0.7933902 0.7758494 0.7835988 0.7828109 0.7896521 0.7806749 0.7957118 0.7708999 0.7933902 0.7647358 0.7745414 0.775993 0.7627519 0.7843287 0.7750796 0.8026607 0.7942233 0.791071 0.7955284 0.7889269 0.7861648 0.8026607 0.7942233 0.7889269 0.7861648 0.8006206 0.781977 0.8006206 0.781977 0.7889269 0.7861648 0.7843287 0.7750796 0.8006206 0.781977 0.7843287 0.7750796 0.7954097 0.7670202 0.7954097 0.7670202 0.7843287 0.7750796 0.775993 0.7627519 0.7954097 0.7670202 0.775993 0.7627519 0.7891048 0.7540736 0.791071 0.7955284 0.8026607 0.7942233 0.8027649 0.8055553 0.791071 0.7955284 0.8027649 0.8055553 0.791264 0.8055586 0.791264 0.8055586 0.7806749 0.7957118 0.791071 0.7955284 0.7891048 0.7540736 0.8075036 0.7579114 0.7954097 0.7670202 0.7891048 0.7540736 0.8021931 0.7367366 0.8075036 0.7579114 0.7954097 0.7670202 0.8128216 0.7776683 0.8006206 0.781977 0.7954097 0.7670202 0.8075036 0.7579114 0.8128216 0.7776683 0.8144001 0.7921316 0.8006206 0.781977 0.8128216 0.7776683 0.8144001 0.7921316 0.8026607 0.7942233 0.8006206 0.781977 0.7681181 0.8037869 0.7571637 0.7885788 0.7708999 0.7933902 0.7681181 0.8037869 0.7547194 0.8020257 0.7571637 0.7885788 0.7681181 0.8037869 0.7561471 0.8136001 0.7547194 0.8020257 0.7681181 0.8037869 0.7676228 0.8139814 0.7561471 0.8136001 0.7794373 0.8050521 0.7676228 0.8139814 0.7681181 0.8037869 0.791264 0.8055586 0.7793871 0.8150047 0.7794373 0.8050521 0.7794373 0.8050521 0.7793871 0.8150047 0.7676228 0.8139814 0.791264 0.8055586 0.7906346 0.815878 0.7793871 0.8150047 0.7790266 0.824609 0.7793871 0.8150047 0.7906346 0.815878 0.7790266 0.824609 0.7906346 0.815878 0.7901592 0.8260499 0.7901592 0.8260499 0.779098 0.8332264 0.7790266 0.824609 0.7690434 0.8290055 0.7790266 0.824609 0.779098 0.8332264 0.7690434 0.8290055 0.7681694 0.8231152 0.7790266 0.824609 0.7681694 0.8231152 0.7793871 0.8150047 0.7790266 0.824609 0.7681694 0.8231152 0.7676228 0.8139814 0.7793871 0.8150047 0.7901592 0.8260499 0.7905361 0.8387378 0.779098 0.8332264 0.8003203 0.8260834 0.7905361 0.8387378 0.7901592 0.8260499 0.7906346 0.815878 0.8003203 0.8260834 0.7901592 0.8260499 0.8003203 0.8260834 0.8077958 0.8367991 0.7905361 0.8387378 0.7906346 0.815878 0.8019522 0.8165578 0.8003203 0.8260834 0.8077958 0.8367991 0.7954155 0.850974 0.7905361 0.8387378 0.7580109 0.8236418 0.7676228 0.8139814 0.7681694 0.8231152 0.7580109 0.8236418 0.7561471 0.8136001 0.7676228 0.8139814 0.7690434 0.8290055 0.7580109 0.8236418 0.7681694 0.8231152 0.8128704 0.8193033 0.8003203 0.8260834 0.8019522 0.8165578 0.8128704 0.8193033 0.8077958 0.8367991 0.8003203 0.8260834 0.8143307 0.8061503 0.8128704 0.8193033 0.8019522 0.8165578 0.8143307 0.8061503 0.8019522 0.8165578 0.8027649 0.8055553 0.8026607 0.7942233 0.8143307 0.8061503 0.8027649 0.8055553 0.8026607 0.7942233 0.8144001 0.7921316 0.8143307 0.8061503 0.791264 0.8055586 0.8027649 0.8055553 0.8019522 0.8165578 0.791264 0.8055586 0.8019522 0.8165578 0.7906346 0.815878 0.791264 0.8055586 0.7794373 0.8050521 0.7806749 0.7957118 0.7794373 0.8050521 0.7708999 0.7933902 0.7806749 0.7957118 0.7794373 0.8050521 0.7681181 0.8037869 0.7708999 0.7933902 0.7228705 0.8162086 0.7097738 0.7983713 0.7222031 0.8049695 0.7228705 0.8162086 0.7058765 0.8196409 0.7097738 0.7983713 0.7097738 0.7983713 0.7058765 0.8196409 0.6852384 0.8175908 0.6818819 0.8410618 0.6852384 0.8175908 0.7058765 0.8196409 0.6818819 0.8410618 0.7058765 0.8196409 0.7091167 0.8445931 0.7230014 0.8246235 0.7091167 0.8445931 0.7058765 0.8196409 0.7230014 0.8246235 0.7058765 0.8196409 0.7228705 0.8162086 0.7230014 0.8246235 0.7247695 0.8366093 0.7091167 0.8445931 0.7097738 0.7983713 0.6852384 0.8175908 0.6836575 0.792001 0.7091167 0.8445931 0.7247695 0.8366093 0.72178 0.8430329 0.7247695 0.8366093 0.7301732 0.8479887 0.72178 0.8430329 0.7247695 0.8366093 0.7359679 0.8379471 0.7301732 0.8479887 0.7384211 0.8263727 0.7247695 0.8366093 0.7230014 0.8246235 0.7384211 0.8263727 0.7359679 0.8379471 0.7247695 0.8366093 0.7384211 0.8263727 0.7230014 0.8246235 0.7228705 0.8162086 0.7383463 0.8129258 0.7228705 0.8162086 0.7222031 0.8049695 0.7384211 0.8263727 0.7228705 0.8162086 0.7383463 0.8129258 0.7383463 0.8129258 0.7222031 0.8049695 0.7322819 0.7988883 0.7222031 0.8049695 0.7199502 0.7870987 0.7322819 0.7988883 0.7222031 0.8049695 0.7097738 0.7983713 0.7199502 0.7870987 0.7028775 0.7784205 0.7097738 0.7983713 0.6836575 0.792001 0.7028775 0.7784205 0.7199502 0.7870987 0.7097738 0.7983713 0.6255627 0.9494031 0.6361691 0.9541381 0.6269875 0.9594878 0.6269875 0.9594878 0.6197658 0.9599464 0.6255627 0.9494031 0.6269875 0.9594878 0.6239827 0.9670059 0.6197658 0.9599464 0.604619 0.9760509 0.6028395 0.9806044 0.5931987 0.983834 0.604619 0.9760509 0.5931987 0.983834 0.5868419 0.9676626 0.604619 0.9760509 0.6095271 0.978824 0.6028395 0.9806044 0.3739083 0.104972 0.3738296 0.09537845 0.3756328 0.0960372 0.3739083 0.104972 0.3720942 0.104972 0.3738296 0.09537845 0.3805505 0.0880199 0.3756328 0.0960372 0.3738296 0.09537845 0.3805505 0.0880199 0.3738296 0.09537845 0.3790517 0.08661264 0.3878954 0.08174937 0.3805505 0.0880199 0.3790517 0.08661264 0.3878954 0.08174937 0.3790517 0.08661264 0.3869932 0.0796892 0.3974583 0.07887381 0.3878954 0.08174937 0.3869932 0.0796892 0.3974583 0.07887381 0.3869932 0.0796892 0.3974583 0.07645124 0.3974584 0.09001523 0.3878954 0.08174937 0.3974583 0.07887381 0.3974584 0.09001523 0.3917819 0.09114378 0.3878954 0.08174937 0.3917819 0.09114378 0.3805505 0.0880199 0.3878954 0.08174937 0.3974584 0.09969216 0.3917819 0.09114378 0.3974584 0.09001523 0.3974584 0.09969216 0.3954253 0.1000756 0.3917819 0.09114378 0.3954253 0.1000756 0.3869628 0.09436267 0.3917819 0.09114378 0.3869628 0.09436267 0.3756328 0.0960372 0.3805505 0.0880199 0.3917819 0.09114378 0.3869628 0.09436267 0.3805505 0.0880199 0.3954253 0.1000756 0.3936795 0.101206 0.3869628 0.09436267 0.3936795 0.101206 0.3954253 0.1000756 0.3974584 0.104972 0.3954253 0.1000756 0.3974584 0.09969216 0.3974584 0.104972 0.3924859 0.1029203 0.3936795 0.101206 0.3974584 0.104972 0.3936795 0.101206 0.3837906 0.09924012 0.3869628 0.09436267 0.3936795 0.101206 0.3924859 0.1029203 0.3837906 0.09924012 0.3924859 0.1029203 0.3826839 0.104972 0.3837906 0.09924012 0.3924859 0.1029203 0.3920639 0.104972 0.3826839 0.104972 0.3920639 0.104972 0.3924859 0.1029203 0.3974584 0.104972 0.3826839 0.104972 0.3756328 0.0960372 0.3837906 0.09924012 0.3869628 0.09436267 0.3837906 0.09924012 0.3756328 0.0960372 0.3826839 0.104972 0.3739083 0.104972 0.3756328 0.0960372 0.03540283 0.8074952 0.02115696 0.8198399 0.02091479 0.8048022 0.03540283 0.8074952 0.03454715 0.8216981 0.02115696 0.8198399 0.04466372 0.8225837 0.03454715 0.8216981 0.03540283 0.8074952 0.04466372 0.8225837 0.03540283 0.8074952 0.04855298 0.8107075 0.04466372 0.8225837 0.03776836 0.8352195 0.03454715 0.8216981 0.04466372 0.8225837 0.05084663 0.8354089 0.03776836 0.8352195 0.04098218 0.8483984 0.03776836 0.8352195 0.05084663 0.8354089 0.0702691 0.8463112 0.04098218 0.8483984 0.05084663 0.8354089 0.0702691 0.8463112 0.05084663 0.8354089 0.0718978 0.8376991 0.04855298 0.8107075 0.03540283 0.8074952 0.03802102 0.790954 0.03802102 0.790954 0.03540283 0.8074952 0.02091479 0.8048022 0.04855298 0.8107075 0.03802102 0.790954 0.05331659 0.7938348 0.03802102 0.790954 0.02091479 0.8048022 0.0228213 0.7902365 0.09606552 0.8353497 0.0702691 0.8463112 0.0718978 0.8376991 0.09606552 0.8353497 0.0718978 0.8376991 0.08674067 0.8242886 0.0228213 0.7902365 0.02091479 0.8048022 0.01060765 0.8011097 0.0228213 0.7902365 0.01060765 0.8011097 0.0117802 0.7891485 0.02091479 0.8048022 0.009394884 0.8167005 0.01060765 0.8011097 0.02091479 0.8048022 0.02115696 0.8198399 0.009394884 0.8167005 0.009543001 0.8326566 0.009394884 0.8167005 0.02115696 0.8198399 0.009543001 0.8326566 0.02115696 0.8198399 0.02600616 0.8350915 0.03454715 0.8216981 0.02600616 0.8350915 0.02115696 0.8198399 0.03454715 0.8216981 0.03776836 0.8352195 0.02600616 0.8350915 0.03776836 0.8352195 0.04098218 0.8483984 0.02600616 0.8350915 0.01038706 0.8467555 0.02600616 0.8350915 0.04098218 0.8483984 0.01038706 0.8467555 0.009543001 0.8326566 0.02600616 0.8350915 0.05870044 0.7820445 0.05331659 0.7938348 0.03802102 0.790954 0.0682252 0.799001 0.05331659 0.7938348 0.05870044 0.7820445 0.0682252 0.799001 0.05870044 0.7820445 0.07369589 0.7923593 0.07369589 0.7923593 0.05870044 0.7820445 0.06078279 0.7788804 0.07369589 0.7923593 0.06078279 0.7788804 0.07716166 0.7892777 0.040304 0.7772938 0.06078279 0.7788804 0.05870044 0.7820445 0.040304 0.7772938 0.04088264 0.773445 0.06078279 0.7788804 0.04088264 0.773445 0.040304 0.7772938 0.02492737 0.7777427 0.07716166 0.7892777 0.08347964 0.8072639 0.07369589 0.7923593 0.08347964 0.8072639 0.0682252 0.799001 0.07369589 0.7923593 0.07716166 0.7892777 0.08807039 0.8048945 0.08347964 0.8072639 0.08347964 0.8072639 0.08807039 0.8048945 0.08674067 0.8242886 0.08347964 0.8072639 0.08674067 0.8242886 0.08199173 0.8229163 0.08199173 0.8229163 0.08674067 0.8242886 0.0718978 0.8376991 0.08199173 0.8229163 0.0718978 0.8376991 0.07022875 0.8329311 0.07022875 0.8329311 0.0718978 0.8376991 0.05084663 0.8354089 0.07022875 0.8329311 0.05084663 0.8354089 0.05368417 0.831117 0.05368417 0.831117 0.05084663 0.8354089 0.04466372 0.8225837 0.05368417 0.831117 0.04466372 0.8225837 0.0484969 0.8210161 0.0484969 0.8210161 0.04466372 0.8225837 0.04855298 0.8107075 0.02492737 0.7777427 0.01303404 0.7695986 0.04088264 0.773445 0.01258307 0.7766299 0.01303404 0.7695986 0.02492737 0.7777427 0.05262875 0.8192266 0.0484969 0.8210161 0.04855298 0.8107075 0.05262875 0.8192266 0.04855298 0.8107075 0.05932241 0.8051772 0.05262875 0.8192266 0.05932241 0.8051772 0.06442385 0.8161801 0.06442385 0.8161801 0.05932241 0.8051772 0.0682252 0.799001 0.05932241 0.8051772 0.05331659 0.7938348 0.0682252 0.799001 0.05932241 0.8051772 0.04855298 0.8107075 0.05331659 0.7938348 0.06442385 0.8161801 0.0682252 0.799001 0.0757004 0.8105741 0.06442385 0.8161801 0.0757004 0.8105741 0.07750225 0.8205157 0.06442385 0.8161801 0.07750225 0.8205157 0.06766802 0.8249383 0.07022875 0.8329311 0.06766802 0.8249383 0.07750225 0.8205157 0.06442385 0.8161801 0.05668497 0.8267775 0.05262875 0.8192266 0.06442385 0.8161801 0.06766802 0.8249383 0.05668497 0.8267775 0.0484969 0.8210161 0.05668497 0.8267775 0.05368417 0.831117 0.0484969 0.8210161 0.05262875 0.8192266 0.05668497 0.8267775 0.07022875 0.8329311 0.05668497 0.8267775 0.06766802 0.8249383 0.07022875 0.8329311 0.05368417 0.831117 0.05668497 0.8267775 0.07022875 0.8329311 0.07750225 0.8205157 0.08199173 0.8229163 0.08347964 0.8072639 0.07750225 0.8205157 0.0757004 0.8105741 0.08347964 0.8072639 0.08199173 0.8229163 0.07750225 0.8205157 0.08347964 0.8072639 0.0757004 0.8105741 0.0682252 0.799001 0.02492737 0.7777427 0.0117802 0.7891485 0.01258307 0.7766299 0.02492737 0.7777427 0.0228213 0.7902365 0.0117802 0.7891485 0.03802102 0.790954 0.0228213 0.7902365 0.02492737 0.7777427 0.03802102 0.790954 0.02492737 0.7777427 0.040304 0.7772938 0.05870044 0.7820445 0.03802102 0.790954 0.040304 0.7772938 0.04088264 0.773445 0.06247818 0.7726825 0.06078279 0.7788804 0.04088264 0.773445 0.03994083 0.7668033 0.06247818 0.7726825 0.06483703 0.7591155 0.06247818 0.7726825 0.03994083 0.7668033 0.06483703 0.7591155 0.03994083 0.7668033 0.04306304 0.7499029 0.01303404 0.7695986 0.03994083 0.7668033 0.04088264 0.773445 0.01804268 0.7485435 0.03994083 0.7668033 0.01303404 0.7695986 0.01804268 0.7485435 0.04306304 0.7499029 0.03994083 0.7668033 0.06483703 0.7591155 0.04306304 0.7499029 0.06393945 0.7415955 0.1680418 0.7959101 0.1530392 0.8143548 0.1534625 0.7968963 0.1680418 0.7959101 0.169197 0.8134058 0.1530392 0.8143548 0.1534625 0.7968963 0.1530392 0.8143548 0.1305127 0.8097819 0.1534625 0.7968963 0.1305127 0.8097819 0.1360753 0.793701 0.1305127 0.8097819 0.119731 0.7867089 0.1360753 0.793701 0.1286207 0.7755908 0.1360753 0.793701 0.119731 0.7867089 0.1286207 0.7755908 0.1404547 0.7805076 0.1360753 0.793701 0.1534625 0.7968963 0.1360753 0.793701 0.1404547 0.7805076 0.1305127 0.8097819 0.1070971 0.8041162 0.119731 0.7867089 0.119731 0.7867089 0.1070971 0.8041162 0.1012031 0.7917946 0.119731 0.7867089 0.1012031 0.7917946 0.107927 0.7739078 0.1286207 0.7755908 0.119731 0.7867089 0.107927 0.7739078 0.1680418 0.7959101 0.1534625 0.7968963 0.1552739 0.7825787 0.1534625 0.7968963 0.1404547 0.7805076 0.1552739 0.7825787 0.1680418 0.7959101 0.1552739 0.7825787 0.1681796 0.782757 0.1681796 0.782757 0.1552739 0.7825787 0.1561809 0.7692081 0.1681796 0.782757 0.1561809 0.7692081 0.1685114 0.7687383 0.1552739 0.7825787 0.1430959 0.7687798 0.1561809 0.7692081 0.1552739 0.7825787 0.1404547 0.7805076 0.1430959 0.7687798 0.1335126 0.7677968 0.1404547 0.7805076 0.1286207 0.7755908 0.1335126 0.7677968 0.1430959 0.7687798 0.1404547 0.7805076 0.1335126 0.7677968 0.1286207 0.7755908 0.1195465 0.7646981 0.1286207 0.7755908 0.107927 0.7739078 0.1195465 0.7646981 0.1335126 0.7677968 0.1195465 0.7646981 0.1295402 0.7585022 0.1295402 0.7585022 0.1195465 0.7646981 0.113879 0.7496966 0.1295402 0.7585022 0.113879 0.7496966 0.1245775 0.7438766 0.1245775 0.7438766 0.113879 0.7496966 0.1067569 0.7320353 0.1011428 0.7353621 0.1067569 0.7320353 0.113879 0.7496966 0.1011428 0.7353621 0.113879 0.7496966 0.1082031 0.7539139 0.1082031 0.7539139 0.1195465 0.7646981 0.107927 0.7739078 0.1082031 0.7539139 0.113879 0.7496966 0.1195465 0.7646981 0.1245775 0.7438766 0.1067569 0.7320353 0.1183966 0.7242802 0.1183966 0.7242802 0.1391746 0.739243 0.1245775 0.7438766 0.1183966 0.7242802 0.1326504 0.7144925 0.1391746 0.739243 0.1540719 0.7371798 0.1391746 0.739243 0.1326504 0.7144925 0.1540719 0.7371798 0.1326504 0.7144925 0.1496089 0.71036 0.1540719 0.7371798 0.1423776 0.7557303 0.1391746 0.739243 0.1423776 0.7557303 0.1245775 0.7438766 0.1391746 0.739243 0.1423776 0.7557303 0.1295402 0.7585022 0.1245775 0.7438766 0.1335126 0.7677968 0.1423776 0.7557303 0.1430959 0.7687798 0.1335126 0.7677968 0.1295402 0.7585022 0.1423776 0.7557303 0.1540719 0.7371798 0.1557914 0.7549377 0.1423776 0.7557303 0.1430959 0.7687798 0.1423776 0.7557303 0.1557914 0.7549377 0.1540719 0.7371798 0.1496089 0.71036 0.1676477 0.7133433 0.1540719 0.7371798 0.1676477 0.7133433 0.1672561 0.7345181 0.1540719 0.7371798 0.1682377 0.754275 0.1557914 0.7549377 0.1540719 0.7371798 0.1672561 0.7345181 0.1682377 0.754275 0.1557914 0.7549377 0.1682377 0.754275 0.1685114 0.7687383 0.1557914 0.7549377 0.1685114 0.7687383 0.1561809 0.7692081 0.1430959 0.7687798 0.1557914 0.7549377 0.1561809 0.7692081 0.217189 0.7896521 0.208929 0.7955284 0.2110731 0.7861648 0.217189 0.7896521 0.2193251 0.7957118 0.208929 0.7955284 0.2241505 0.7835988 0.217189 0.7896521 0.2110731 0.7861648 0.2241505 0.7835988 0.2110731 0.7861648 0.2156713 0.7750796 0.2156713 0.7750796 0.2352642 0.7745414 0.2241505 0.7835988 0.2241505 0.7835988 0.2352642 0.7745414 0.2428363 0.7885788 0.2241505 0.7835988 0.2428363 0.7885788 0.2291001 0.7933902 0.217189 0.7896521 0.2291001 0.7933902 0.2193251 0.7957118 0.217189 0.7896521 0.2241505 0.7835988 0.2291001 0.7933902 0.2156713 0.7750796 0.224007 0.7627519 0.2352642 0.7745414 0.2110731 0.7861648 0.208929 0.7955284 0.1973392 0.7942233 0.2110731 0.7861648 0.1973392 0.7942233 0.1993793 0.781977 0.1993793 0.781977 0.2156713 0.7750796 0.2110731 0.7861648 0.1993793 0.781977 0.2045903 0.7670202 0.2156713 0.7750796 0.2045903 0.7670202 0.224007 0.7627519 0.2156713 0.7750796 0.2045903 0.7670202 0.2108951 0.7540736 0.224007 0.7627519 0.208929 0.7955284 0.1972351 0.8055553 0.1973392 0.7942233 0.208929 0.7955284 0.208736 0.8055586 0.1972351 0.8055553 0.2193251 0.7957118 0.208736 0.8055586 0.208929 0.7955284 0.1924964 0.7579114 0.2108951 0.7540736 0.2045903 0.7670202 0.1924964 0.7579114 0.197807 0.7367366 0.2108951 0.7540736 0.1871784 0.7776683 0.2045903 0.7670202 0.1993793 0.781977 0.1871784 0.7776683 0.1924964 0.7579114 0.2045903 0.7670202 0.1993793 0.781977 0.1855999 0.7921316 0.1871784 0.7776683 0.1993793 0.781977 0.1973392 0.7942233 0.1855999 0.7921316 0.2428363 0.7885788 0.2318819 0.8037869 0.2291001 0.7933902 0.2428363 0.7885788 0.2452806 0.8020257 0.2318819 0.8037869 0.2438529 0.8136001 0.2318819 0.8037869 0.2452806 0.8020257 0.2438529 0.8136001 0.2323772 0.8139814 0.2318819 0.8037869 0.2323772 0.8139814 0.2205627 0.8050521 0.2318819 0.8037869 0.2206129 0.8150047 0.208736 0.8055586 0.2205627 0.8050521 0.2323772 0.8139814 0.2206129 0.8150047 0.2205627 0.8050521 0.2206129 0.8150047 0.2093654 0.815878 0.208736 0.8055586 0.2209734 0.824609 0.2093654 0.815878 0.2206129 0.8150047 0.2209734 0.824609 0.2098408 0.8260499 0.2093654 0.815878 0.220902 0.8332264 0.2098408 0.8260499 0.2209734 0.824609 0.2309566 0.8290055 0.220902 0.8332264 0.2209734 0.824609 0.2309566 0.8290055 0.2209734 0.824609 0.2318306 0.8231152 0.2206129 0.8150047 0.2318306 0.8231152 0.2209734 0.824609 0.2206129 0.8150047 0.2323772 0.8139814 0.2318306 0.8231152 0.220902 0.8332264 0.209464 0.8387378 0.2098408 0.8260499 0.1996796 0.8260834 0.2098408 0.8260499 0.209464 0.8387378 0.1996796 0.8260834 0.2093654 0.815878 0.2098408 0.8260499 0.1996796 0.8260834 0.209464 0.8387378 0.1922042 0.8367991 0.1996796 0.8260834 0.1980478 0.8165578 0.2093654 0.815878 0.2045845 0.850974 0.1922042 0.8367991 0.209464 0.8387378 0.2323772 0.8139814 0.241989 0.8236418 0.2318306 0.8231152 0.2323772 0.8139814 0.2438529 0.8136001 0.241989 0.8236418 0.241989 0.8236418 0.2309566 0.8290055 0.2318306 0.8231152 0.1871296 0.8193033 0.1996796 0.8260834 0.1922042 0.8367991 0.1871296 0.8193033 0.1980478 0.8165578 0.1996796 0.8260834 0.1856693 0.8061503 0.1980478 0.8165578 0.1871296 0.8193033 0.1856693 0.8061503 0.1972351 0.8055553 0.1980478 0.8165578 0.1973392 0.7942233 0.1972351 0.8055553 0.1856693 0.8061503 0.1973392 0.7942233 0.1856693 0.8061503 0.1855999 0.7921316 0.1980478 0.8165578 0.1972351 0.8055553 0.208736 0.8055586 0.1980478 0.8165578 0.208736 0.8055586 0.2093654 0.815878 0.2193251 0.7957118 0.2205627 0.8050521 0.208736 0.8055586 0.2291001 0.7933902 0.2205627 0.8050521 0.2193251 0.7957118 0.2291001 0.7933902 0.2318819 0.8037869 0.2205627 0.8050521 0.2771295 0.8162086 0.2902262 0.7983713 0.2941235 0.8196409 0.2771295 0.8162086 0.2777968 0.8049695 0.2902262 0.7983713 0.3147616 0.8175908 0.2941235 0.8196409 0.2902262 0.7983713 0.3181181 0.8410618 0.2941235 0.8196409 0.3147616 0.8175908 0.3181181 0.8410618 0.2908833 0.8445931 0.2941235 0.8196409 0.2908833 0.8445931 0.2769986 0.8246235 0.2941235 0.8196409 0.2941235 0.8196409 0.2769986 0.8246235 0.2771295 0.8162086 0.2908833 0.8445931 0.2752305 0.8366093 0.2769986 0.8246235 0.3147616 0.8175908 0.2902262 0.7983713 0.3163424 0.792001 0.2752305 0.8366093 0.2908833 0.8445931 0.2782201 0.8430329 0.2752305 0.8366093 0.2782201 0.8430329 0.2698267 0.8479887 0.2752305 0.8366093 0.2698267 0.8479887 0.2640321 0.8379471 0.2752305 0.8366093 0.2615789 0.8263727 0.2769986 0.8246235 0.2752305 0.8366093 0.2640321 0.8379471 0.2615789 0.8263727 0.2771295 0.8162086 0.2769986 0.8246235 0.2615789 0.8263727 0.2616537 0.8129258 0.2777968 0.8049695 0.2771295 0.8162086 0.2771295 0.8162086 0.2615789 0.8263727 0.2616537 0.8129258 0.2616537 0.8129258 0.2677181 0.7988883 0.2777968 0.8049695 0.2777968 0.8049695 0.2800498 0.7870987 0.2902262 0.7983713 0.2777968 0.8049695 0.2677181 0.7988883 0.2800498 0.7870987 0.2971225 0.7784205 0.2902262 0.7983713 0.2800498 0.7870987 0.2971225 0.7784205 0.3163424 0.792001 0.2902262 0.7983713 0.4297764 0.9639635 0.4209151 0.9524672 0.4333529 0.9537777 0.4603876 0.0950827 0.481862 0.105066 0.4652502 0.110289 0.4603876 0.0950827 0.4790964 0.08649295 0.481862 0.105066 0.5 0.1014657 0.481862 0.105066 0.4790964 0.08649295 0.4652502 0.110289 0.4472483 0.1035079 0.4603876 0.0950827 0.4652502 0.110289 0.4514875 0.115875 0.4472483 0.1035079 0.4201738 0.1150369 0.4146347 0.120986 0.4216985 0.1124059 0.5971653 0.1599749 0.6064812 0.1382606 0.6148673 0.1404933 0.6262024 0.1423972 0.5971653 0.1599749 0.6148673 0.1404933</float_array>
          <technique_common>
            <accessor source="#pm0058_00_41_HairASkin-mesh-map-0-array" count="2898" stride="2">
              <param name="S" type="float"/>
              <param name="T" type="float"/>
            </accessor>
          </technique_common>
        </source>
        <vertices id="pm0058_00_41_HairASkin-mesh-vertices">
          <input semantic="POSITION" source="#pm0058_00_41_HairASkin-mesh-positions"/>
        </vertices>
        <triangles material="pm0058_00_41-Body01-material" count="966">
          <input semantic="VERTEX" source="#pm0058_00_41_HairASkin-mesh-vertices" offset="0"/>
          <input semantic="NORMAL" source="#pm0058_00_41_HairASkin-mesh-normals" offset="1"/>
          <input semantic="TEXCOORD" source="#pm0058_00_41_HairASkin-mesh-map-0" offset="2" set="0"/>
          <p>2 0 0 1 1 1 0 2 2 2 0 3 3 3 4 1 1 5 2 0 6 0 2 7 4 4 8 2 0 9 4 4 10 5 5 11 5 5 12 4 4 13 6 6 14 5 5 15 6 6 16 7 7 17 7 7 18 6 6 19 8 8 20 7 7 21 8 8 22 9 9 23 6 6 24 10 10 25 8 8 26 6 6 27 11 11 28 10 10 29 4 4 30 11 11 31 6 6 32 11 11 33 12 12 34 10 10 35 11 11 36 13 13 37 12 12 38 14 14 39 13 13 40 11 11 41 0 2 42 14 14 43 4 4 44 4 4 45 14 14 46 11 11 47 14 14 48 15 15 49 13 13 50 13 13 51 15 15 52 16 16 53 12 12 54 13 13 55 16 16 56 15 15 57 17 17 58 16 16 59 18 18 60 15 15 61 14 14 62 18 18 63 17 17 64 15 15 65 19 19 66 17 17 67 18 18 68 19 19 69 20 20 70 17 17 71 17 17 72 20 20 73 16 16 74 0 2 75 19 19 76 18 18 77 0 2 78 18 18 79 14 14 80 0 2 81 1 1 82 19 19 83 23 21 84 22 22 85 21 23 86 23 21 87 24 24 88 22 22 89 21 23 90 25 25 91 23 21 92 21 23 93 26 26 94 25 25 95 27 27 96 26 26 97 21 23 98 27 27 99 21 23 100 28 28 101 21 23 102 29 29 103 28 28 104 21 23 105 22 22 106 29 29 107 29 29 108 30 30 109 28 28 110 31 31 111 27 27 112 28 28 113 30 30 114 31 31 115 28 28 116 29 29 117 32 32 118 30 30 119 22 22 120 32 32 121 29 29 122 32 32 123 33 33 124 30 30 125 32 32 126 34 34 127 33 33 128 35 35 129 34 34 130 32 32 131 36 36 132 34 34 133 35 35 134 36 36 135 37 37 136 34 34 137 35 35 138 32 32 139 38 38 140 38 38 141 39 39 142 35 35 143 38 38 144 40 40 145 39 39 146 41 41 147 34 34 148 37 37 149 41 41 150 33 33 151 34 34 152 42 42 153 41 41 154 37 37 155 37 37 156 36 36 157 42 42 158 42 42 159 43 43 160 41 41 161 44 44 162 35 35 163 39 39 164 44 44 165 36 36 166 35 35 167 40 40 168 38 38 169 22 22 170 22 22 171 38 38 172 32 32 173 40 40 174 22 22 175 24 24 176 40 40 177 24 24 178 45 45 179 46 46 180 45 45 181 24 24 182 47 47 183 45 45 184 46 46 185 47 47 186 48 48 187 45 45 188 46 46 189 49 49 190 47 47 191 46 46 192 50 50 193 49 49 194 51 51 195 45 45 196 48 48 197 40 40 198 45 45 199 51 51 200 51 51 201 48 48 202 52 52 203 51 51 204 52 52 205 53 53 206 51 51 207 53 53 208 54 54 209 54 54 210 53 53 211 55 55 212 54 54 213 55 55 214 56 56 215 57 57 216 56 56 217 55 55 218 57 57 219 58 58 220 56 56 221 57 57 222 59 59 223 58 58 224 57 57 225 60 60 226 59 59 227 57 57 228 61 61 229 60 60 230 57 57 231 62 62 232 61 61 233 61 61 234 62 62 235 63 63 236 64 64 237 63 63 238 62 62 239 64 64 240 65 65 241 63 63 242 66 66 243 65 65 244 64 64 245 61 61 246 63 63 247 67 67 248 57 57 249 68 68 250 62 62 251 57 57 252 55 55 253 68 68 254 68 68 255 64 64 256 62 62 257 68 68 258 69 69 259 64 64 260 66 66 261 64 64 262 69 69 263 55 55 264 69 69 265 68 68 266 66 66 267 69 69 268 70 70 269 70 70 270 71 71 271 66 66 272 71 71 273 65 65 274 66 66 275 70 70 276 72 72 277 71 71 278 73 73 279 71 71 280 72 72 281 73 73 282 74 74 283 71 71 284 71 71 285 74 74 286 65 65 287 73 73 288 72 72 289 75 75 290 75 75 291 76 76 292 73 73 293 75 75 294 77 77 295 76 76 296 73 73 297 78 78 298 74 74 299 73 73 300 76 76 301 78 78 302 70 70 303 69 69 304 53 53 305 55 55 306 53 53 307 69 69 308 70 70 309 53 53 310 52 52 311 52 52 312 72 72 313 70 70 314 52 52 315 48 48 316 72 72 317 75 75 318 72 72 319 48 48 320 75 75 321 48 48 322 47 47 323 47 47 324 77 77 325 75 75 326 47 47 327 49 49 328 77 77 329 76 76 330 77 77 331 79 79 332 76 76 333 79 79 334 80 80 335 78 78 336 76 76 337 80 80 338 80 80 339 79 79 340 81 81 341 80 80 342 81 81 343 82 82 344 83 83 345 80 80 346 82 82 347 78 78 348 80 80 349 83 83 350 82 82 351 81 81 352 84 84 353 82 82 354 84 84 355 85 85 356 85 85 357 84 84 358 86 86 359 85 85 360 86 86 361 87 87 362 88 88 363 85 85 364 87 87 365 82 82 366 88 88 367 83 83 368 82 82 369 85 85 370 88 88 371 87 87 372 89 89 373 88 88 374 87 87 375 90 90 376 89 89 377 91 91 378 89 89 379 90 90 380 91 91 381 90 90 382 92 92 383 91 91 384 92 92 385 93 93 386 94 94 387 93 93 388 92 92 389 94 94 390 92 92 391 95 95 392 91 91 393 96 96 394 89 89 395 97 97 396 95 95 397 92 92 398 97 97 399 92 92 400 98 98 401 98 98 402 99 99 403 97 97 404 98 98 405 100 100 406 99 99 407 98 98 408 86 86 409 100 100 410 100 100 411 101 101 412 99 99 413 100 100 414 102 102 415 101 101 416 103 103 417 92 92 418 90 90 419 103 103 420 98 98 421 92 92 422 103 103 423 90 90 424 87 87 425 103 103 426 87 87 427 86 86 428 98 98 429 103 103 430 86 86 431 104 104 432 101 101 433 102 102 434 104 104 435 105 105 436 101 101 437 106 106 438 105 105 439 104 104 440 106 106 441 107 107 442 105 105 443 49 49 444 107 107 445 106 106 446 49 49 447 50 50 448 107 107 449 84 84 450 100 100 451 86 86 452 84 84 453 102 102 454 100 100 455 102 102 456 81 81 457 104 104 458 102 102 459 84 84 460 81 81 461 79 79 462 104 104 463 81 81 464 79 79 465 106 106 466 104 104 467 106 106 468 77 77 469 49 49 470 106 106 471 79 79 472 77 77 473 50 50 474 108 108 475 107 107 476 50 50 477 25 25 478 108 108 479 23 21 480 25 25 481 50 50 482 23 21 483 50 50 484 46 46 485 46 46 486 24 24 487 23 21 488 109 109 489 108 108 490 25 25 491 110 110 492 108 108 493 109 109 494 110 110 495 111 111 496 108 108 497 107 107 498 108 108 499 111 111 500 109 109 501 25 25 502 26 26 503 27 27 504 109 109 505 26 26 506 27 27 507 112 112 508 109 109 509 109 109 510 113 113 511 110 110 512 109 109 513 112 112 514 113 113 515 114 114 516 113 113 517 112 112 518 27 27 519 31 31 520 112 112 521 31 31 522 114 114 523 112 112 524 115 115 525 113 113 526 114 114 527 115 115 528 110 110 529 113 113 530 116 116 531 115 115 532 114 114 533 117 117 534 115 115 535 116 116 536 118 118 537 115 115 538 117 117 539 117 117 540 119 119 541 118 118 542 117 117 543 120 120 544 119 119 545 118 118 546 121 121 547 115 115 548 115 115 549 121 121 550 110 110 551 122 122 552 121 121 553 118 118 554 122 122 555 123 123 556 121 121 557 124 124 558 117 117 559 116 116 560 124 124 561 120 120 562 117 117 563 124 124 564 125 125 565 120 120 566 119 119 567 120 120 568 125 125 569 124 124 570 126 126 571 125 125 572 118 118 573 127 127 574 122 122 575 118 118 576 119 119 577 127 127 578 110 110 579 121 121 580 123 123 581 110 110 582 123 123 583 111 111 584 105 105 585 111 111 586 123 123 587 107 107 588 111 111 589 105 105 590 105 105 591 123 123 592 101 101 593 99 99 594 123 123 595 122 122 596 99 99 597 101 101 598 123 123 599 122 122 600 97 97 601 99 99 602 122 122 603 127 127 604 97 97 605 125 125 606 128 128 607 119 119 608 125 125 609 129 129 610 128 128 611 125 125 612 130 130 613 129 129 614 131 131 615 129 129 616 130 130 617 131 131 618 132 132 619 129 129 620 132 132 621 131 131 622 133 133 623 132 132 624 133 133 625 134 134 626 134 134 627 133 133 628 135 135 629 134 134 630 135 135 631 136 136 632 133 133 633 137 137 634 135 135 635 133 133 636 138 138 637 137 137 638 131 131 639 138 138 640 133 133 641 129 129 642 95 95 643 128 128 644 127 127 645 95 95 646 97 97 647 127 127 648 128 128 649 95 95 650 129 129 651 94 94 652 95 95 653 129 129 654 139 139 655 94 94 656 129 129 657 132 132 658 139 139 659 139 139 660 132 132 661 134 134 662 94 94 663 139 139 664 140 140 665 139 139 666 141 141 667 140 140 668 139 139 669 142 142 670 141 141 671 139 139 672 134 134 673 142 142 674 134 134 675 136 136 676 142 142 677 140 140 678 141 141 679 143 143 680 140 140 681 143 143 682 144 144 683 143 143 684 96 96 685 144 144 686 143 143 687 145 145 688 96 96 689 143 143 690 146 146 691 145 145 692 146 146 693 143 143 694 141 141 695 146 146 696 141 141 697 147 147 698 141 141 699 142 142 700 147 147 701 142 142 702 136 136 703 147 147 704 94 94 705 140 140 706 93 93 707 93 93 708 140 140 709 144 144 710 93 93 711 144 144 712 91 91 713 144 144 714 96 96 715 91 91 716 149 148 717 148 149 718 138 138 719 149 148 720 150 150 721 148 149 722 151 151 723 150 150 724 149 148 725 151 151 726 149 148 727 152 152 728 130 130 729 152 152 730 149 148 731 125 125 732 152 152 733 130 130 734 125 125 735 126 126 736 152 152 737 153 153 738 152 152 739 126 126 740 151 151 741 152 152 742 153 153 743 130 130 744 149 148 745 131 131 746 131 131 747 149 148 748 138 138 749 154 154 750 138 138 751 148 149 752 154 154 753 137 137 754 138 138 755 155 155 756 137 137 757 154 154 758 158 156 759 157 157 760 156 158 761 158 156 762 159 159 763 157 157 764 160 160 765 159 159 766 158 156 767 160 160 768 161 161 769 159 159 770 162 162 771 161 161 772 160 160 773 162 162 774 163 163 775 161 161 776 164 164 777 161 161 778 163 163 779 164 164 780 163 163 781 165 165 782 164 164 783 165 165 784 166 166 785 164 164 786 166 166 787 167 167 788 168 168 789 167 167 790 166 166 791 168 168 792 169 169 793 167 167 794 169 169 795 170 170 796 167 167 797 169 169 798 171 171 799 170 170 800 172 172 801 171 171 802 169 169 803 172 172 804 173 173 805 171 171 806 174 174 807 169 169 808 168 168 809 174 174 810 172 172 811 169 169 812 175 175 813 172 172 814 174 174 815 175 175 816 173 173 817 172 172 818 175 175 819 174 174 820 176 176 821 174 174 822 168 168 823 177 177 824 177 177 825 168 168 826 166 166 827 174 174 828 177 177 829 178 178 830 176 176 831 174 174 832 178 178 833 176 176 834 178 178 835 179 179 836 180 180 837 178 178 838 177 177 839 179 179 840 178 178 841 180 180 842 180 180 843 177 177 844 181 181 845 182 182 846 180 180 847 181 181 848 182 182 849 181 181 850 183 183 851 184 184 852 182 182 853 183 183 854 184 184 855 185 185 856 182 182 857 185 185 858 186 186 859 182 182 860 185 185 861 187 187 862 186 186 863 188 188 864 182 182 865 186 186 866 188 188 867 180 180 868 182 182 869 179 179 870 180 180 871 188 188 872 186 186 873 189 189 874 188 188 875 186 186 876 190 190 877 189 189 878 191 191 879 190 190 880 186 186 881 190 190 882 191 191 883 192 192 884 188 188 885 193 193 886 179 179 887 188 188 888 189 189 889 193 193 890 179 179 891 193 193 892 194 194 893 179 179 894 194 194 895 176 176 896 176 176 897 194 194 898 195 195 899 176 176 900 195 195 901 175 175 902 195 195 903 196 196 904 175 175 905 175 175 906 196 196 907 173 173 908 195 195 909 197 197 910 196 196 911 173 173 912 196 196 913 198 198 914 173 173 915 198 198 916 199 199 917 171 171 918 173 173 919 199 199 920 171 171 921 199 199 922 200 200 923 170 170 924 171 171 925 200 200 926 170 170 927 200 200 928 201 201 929 201 201 930 200 200 931 202 202 932 201 201 933 202 202 934 203 203 935 203 203 936 204 204 937 201 201 938 203 203 939 205 205 940 204 204 941 200 200 942 206 206 943 202 202 944 200 200 945 199 199 946 206 206 947 206 206 948 199 199 949 198 198 950 207 207 951 204 204 952 205 205 953 207 207 954 208 208 955 204 204 956 209 209 957 208 208 958 207 207 959 209 209 960 210 210 961 208 208 962 211 211 963 208 208 964 210 210 965 211 211 966 210 210 967 212 212 968 157 157 969 211 211 970 212 212 971 157 157 972 212 212 973 156 158 974 206 206 975 213 213 976 202 202 977 213 213 978 203 203 979 202 202 980 206 206 981 214 214 982 213 213 983 214 214 984 206 206 985 215 215 986 206 206 987 198 198 988 215 215 989 214 214 990 215 215 991 216 216 992 217 217 993 213 213 994 214 214 995 217 217 996 214 214 997 216 216 998 217 217 999 218 218 1000 213 213 1001 218 218 1002 217 217 1003 219 219 1004 218 218 1005 219 219 1006 220 220 1007 221 221 1008 220 220 1009 219 219 1010 221 221 1011 219 219 1012 222 222 1013 222 222 1014 219 219 1015 223 223 1016 222 222 1017 223 223 1018 224 224 1019 225 225 1020 219 219 1021 217 217 1022 225 225 1023 223 223 1024 219 219 1025 217 217 1026 216 216 1027 225 225 1028 226 226 1029 223 223 1030 225 225 1031 226 226 1032 227 227 1033 223 223 1034 225 225 1035 228 228 1036 226 226 1037 225 225 1038 216 216 1039 228 228 1040 216 216 1041 229 229 1042 228 228 1043 216 216 1044 215 215 1045 229 229 1046 215 215 1047 230 230 1048 229 229 1049 215 215 1050 198 198 1051 230 230 1052 230 230 1053 198 198 1054 196 196 1055 230 230 1056 196 196 1057 197 197 1058 221 221 1059 231 231 1060 220 220 1061 232 232 1062 224 224 1063 223 223 1064 223 223 1065 233 233 1066 232 232 1067 223 223 1068 227 227 1069 233 233 1070 233 233 1071 227 227 1072 234 234 1073 220 220 1074 231 231 1075 235 235 1076 236 236 1077 220 220 1078 235 235 1079 236 236 1080 237 237 1081 220 220 1082 236 236 1083 238 238 1084 237 237 1085 238 238 1086 236 236 1087 239 239 1088 240 240 1089 239 239 1090 236 236 1091 236 236 1092 235 235 1093 240 240 1094 237 237 1095 218 218 1096 220 220 1097 237 237 1098 241 241 1099 218 218 1100 242 242 1101 218 218 1102 241 241 1103 242 242 1104 213 213 1105 218 218 1106 213 213 1107 242 242 1108 203 203 1109 242 242 1110 205 205 1111 203 203 1112 242 242 1113 241 241 1114 205 205 1115 205 205 1116 241 241 1117 237 237 1118 205 205 1119 237 237 1120 207 207 1121 238 238 1122 207 207 1123 237 237 1124 238 238 1125 209 209 1126 207 207 1127 243 243 1128 238 238 1129 239 239 1130 243 243 1131 209 209 1132 238 238 1133 243 243 1134 239 239 1135 244 244 1136 243 243 1137 244 244 1138 245 245 1139 244 244 1140 246 246 1141 245 245 1142 244 244 1143 247 247 1144 246 246 1145 248 248 1146 246 246 1147 247 247 1148 248 248 1149 247 247 1150 249 249 1151 250 250 1152 248 248 1153 249 249 1154 250 250 1155 251 251 1156 248 248 1157 251 251 1158 250 250 1159 252 252 1160 251 251 1161 252 252 1162 253 253 1163 254 254 1164 253 253 1165 252 252 1166 254 254 1167 252 252 1168 255 255 1169 253 253 1170 158 156 1171 251 251 1172 253 253 1173 160 160 1174 158 156 1175 160 160 1176 253 253 1177 254 254 1178 251 251 1179 156 158 1180 248 248 1181 251 251 1182 158 156 1183 156 158 1184 156 158 1185 246 246 1186 248 248 1187 160 160 1188 254 254 1189 162 162 1190 256 256 1191 254 254 1192 255 255 1193 256 256 1194 162 162 1195 254 254 1196 257 257 1197 256 256 1198 255 255 1199 257 257 1200 258 258 1201 256 256 1202 257 257 1203 183 183 1204 258 258 1205 255 255 1206 259 259 1207 257 257 1208 181 181 1209 258 258 1210 183 183 1211 181 181 1212 260 260 1213 258 258 1214 261 261 1215 260 260 1216 181 181 1217 261 261 1218 181 181 1219 177 177 1220 177 177 1221 166 166 1222 261 261 1223 165 165 1224 261 261 1225 166 166 1226 165 165 1227 260 260 1228 261 261 1229 165 165 1230 258 258 1231 260 260 1232 165 165 1233 163 163 1234 258 258 1235 256 256 1236 163 163 1237 162 162 1238 256 256 1239 258 258 1240 163 163 1241 262 262 1242 257 257 1243 259 259 1244 183 183 1245 257 257 1246 262 262 1247 263 263 1248 262 262 1249 259 259 1250 264 264 1251 183 183 1252 262 262 1253 264 264 1254 184 184 1255 183 183 1256 267 265 1257 266 266 1258 265 267 1259 267 265 1260 268 268 1261 266 266 1262 269 269 1263 267 265 1264 265 267 1265 269 269 1266 265 267 1267 270 270 1268 271 271 1269 269 269 1270 270 270 1271 271 271 1272 159 159 1273 269 269 1274 157 157 1275 159 159 1276 271 271 1277 157 157 1278 271 271 1279 272 272 1280 269 269 1281 159 159 1282 161 161 1283 269 269 1284 161 161 1285 164 164 1286 267 265 1287 269 269 1288 164 164 1289 267 265 1290 164 164 1291 167 167 1292 267 265 1293 170 170 1294 268 268 1295 267 265 1296 167 167 1297 170 170 1298 266 266 1299 268 268 1300 273 273 1301 170 170 1302 273 273 1303 268 268 1304 266 266 1305 273 273 1306 274 274 1307 157 157 1308 272 272 1309 275 275 1310 157 157 1311 275 275 1312 211 211 1313 276 276 1314 211 211 1315 275 275 1316 274 274 1317 273 273 1318 276 276 1319 276 276 1320 275 275 1321 277 277 1322 274 274 1323 276 276 1324 277 277 1325 208 208 1326 211 211 1327 276 276 1328 208 208 1329 276 276 1330 204 204 1331 204 204 1332 276 276 1333 273 273 1334 204 204 1335 273 273 1336 201 201 1337 170 170 1338 201 201 1339 273 273 1340 280 278 1341 279 279 1342 278 280 1343 280 278 1344 281 281 1345 279 279 1346 279 279 1347 281 281 1348 282 282 1349 279 279 1350 282 282 1351 283 283 1352 282 282 1353 281 281 1354 284 284 1355 282 282 1356 284 284 1357 285 285 1358 284 284 1359 286 286 1360 285 285 1361 285 285 1362 286 286 1363 287 287 1364 285 285 1365 287 287 1366 288 288 1367 283 283 1368 289 289 1369 279 279 1370 278 280 1371 279 279 1372 289 289 1373 283 283 1374 290 290 1375 289 289 1376 290 290 1377 283 283 1378 291 291 1379 292 292 1380 291 291 1381 283 283 1382 292 292 1383 293 293 1384 291 291 1385 278 280 1386 289 289 1387 294 294 1388 288 288 1389 287 287 1390 295 295 1391 288 288 1392 295 295 1393 296 296 1394 293 293 1395 297 297 1396 291 291 1397 290 290 1398 291 291 1399 297 297 1400 293 293 1401 298 298 1402 297 297 1403 299 299 1404 298 298 1405 293 293 1406 299 299 1407 293 293 1408 300 300 1409 301 301 1410 293 293 1411 292 292 1412 301 301 1413 300 300 1414 293 293 1415 294 294 1416 302 302 1417 278 280 1418 294 294 1419 303 303 1420 302 302 1421 278 280 1422 302 302 1423 304 304 1424 278 280 1425 304 304 1426 280 278 1427 305 305 1428 280 278 1429 304 304 1430 305 305 1431 306 306 1432 280 278 1433 306 306 1434 305 305 1435 307 307 1436 306 306 1437 307 307 1438 286 286 1439 306 306 1440 281 281 1441 280 278 1442 306 306 1443 284 284 1444 281 281 1445 286 286 1446 284 284 1447 306 306 1448 308 308 1449 297 297 1450 298 298 1451 299 299 1452 308 308 1453 298 298 1454 308 308 1455 309 309 1456 297 297 1457 308 308 1458 310 310 1459 309 309 1460 311 311 1461 309 309 1462 310 310 1463 311 311 1464 312 312 1465 309 309 1466 313 313 1467 312 312 1468 311 311 1469 313 313 1470 311 311 1471 314 314 1472 313 313 1473 314 314 1474 315 315 1475 308 308 1476 316 316 1477 310 310 1478 317 317 1479 316 316 1480 308 308 1481 317 317 1482 308 308 1483 318 318 1484 318 318 1485 319 319 1486 317 317 1487 318 318 1488 320 320 1489 319 319 1490 321 321 1491 319 319 1492 320 320 1493 321 321 1494 320 320 1495 322 322 1496 322 322 1497 323 323 1498 321 321 1499 322 322 1500 324 324 1501 323 323 1502 323 323 1503 324 324 1504 283 283 1505 325 325 1506 315 315 1507 314 314 1508 315 315 1509 325 325 1510 326 326 1511 315 315 1512 326 326 1513 303 303 1514 315 315 1515 303 303 1516 294 294 1517 289 289 1518 315 315 1519 294 294 1520 289 289 1521 313 313 1522 315 315 1523 289 289 1524 312 312 1525 313 313 1526 289 289 1527 290 290 1528 312 312 1529 312 312 1530 290 290 1531 297 297 1532 312 312 1533 297 297 1534 309 309 1535 301 301 1536 322 322 1537 320 320 1538 301 301 1539 324 324 1540 322 322 1541 301 301 1542 292 292 1543 324 324 1544 324 324 1545 292 292 1546 283 283 1547 301 301 1548 320 320 1549 300 300 1550 299 299 1551 300 300 1552 320 320 1553 299 299 1554 320 320 1555 318 318 1556 299 299 1557 318 318 1558 308 308 1559 329 327 1560 328 328 1561 327 329 1562 329 327 1563 330 330 1564 328 328 1565 331 331 1566 330 330 1567 329 327 1568 331 331 1569 329 327 1570 332 332 1571 329 327 1572 327 329 1573 333 333 1574 327 329 1575 42 42 1576 333 333 1577 334 334 1578 333 333 1579 42 42 1580 334 334 1581 42 42 1582 335 335 1583 336 336 1584 333 333 1585 334 334 1586 329 327 1587 333 333 1588 336 336 1589 336 336 1590 332 332 1591 329 327 1592 336 336 1593 334 334 1594 337 337 1595 337 337 1596 338 338 1597 336 336 1598 336 336 1599 338 338 1600 332 332 1601 337 337 1602 339 339 1603 338 338 1604 339 339 1605 340 340 1606 338 338 1607 339 339 1608 341 341 1609 340 340 1610 338 338 1611 342 342 1612 332 332 1613 338 338 1614 340 340 1615 342 342 1616 335 335 1617 42 42 1618 36 36 1619 334 334 1620 335 335 1621 58 58 1622 44 44 1623 58 58 1624 335 335 1625 335 335 1626 36 36 1627 44 44 1628 44 44 1629 56 56 1630 58 58 1631 39 39 1632 56 56 1633 44 44 1634 39 39 1635 54 54 1636 56 56 1637 40 40 1638 54 54 1639 39 39 1640 40 40 1641 51 51 1642 54 54 1643 343 343 1644 339 339 1645 337 337 1646 343 343 1647 337 337 1648 334 334 1649 334 334 1650 58 58 1651 59 59 1652 343 343 1653 334 334 1654 59 59 1655 59 59 1656 344 344 1657 343 343 1658 343 343 1659 344 344 1660 345 345 1661 343 343 1662 345 345 1663 346 346 1664 344 344 1665 347 347 1666 345 345 1667 344 344 1668 348 348 1669 347 347 1670 67 67 1671 347 347 1672 348 348 1673 347 347 1674 67 67 1675 349 349 1676 347 347 1677 349 349 1678 350 350 1679 345 345 1680 347 347 1681 350 350 1682 345 345 1683 350 350 1684 351 351 1685 346 346 1686 345 345 1687 351 351 1688 59 59 1689 60 60 1690 344 344 1691 348 348 1692 344 344 1693 60 60 1694 348 348 1695 60 60 1696 61 61 1697 67 67 1698 348 348 1699 61 61 1700 343 343 1701 346 346 1702 339 339 1703 341 341 1704 339 339 1705 346 346 1706 341 341 1707 346 346 1708 351 351 1709 354 352 1710 353 353 1711 352 354 1712 354 352 1713 355 355 1714 353 353 1715 352 354 1716 353 353 1717 356 356 1718 352 354 1719 356 356 1720 357 357 1721 352 354 1722 358 358 1723 354 352 1724 359 359 1725 352 354 1726 357 357 1727 359 359 1728 358 358 1729 352 354 1730 357 357 1731 356 356 1732 360 360 1733 363 361 1734 362 362 1735 361 363 1736 363 361 1737 364 364 1738 362 362 1739 365 365 1740 362 362 1741 364 364 1742 365 365 1743 364 364 1744 366 366 1745 365 365 1746 366 366 1747 367 367 1748 368 368 1749 367 367 1750 366 366 1751 368 368 1752 366 366 1753 369 369 1754 369 369 1755 366 366 1756 364 364 1757 365 365 1758 367 367 1759 370 370 1760 371 371 1761 370 370 1762 367 367 1763 371 371 1764 367 367 1765 372 372 1766 368 368 1767 372 372 1768 367 367 1769 373 373 1770 364 364 1771 363 361 1772 369 369 1773 364 364 1774 373 373 1775 373 373 1776 363 361 1777 374 374 1778 375 375 1779 373 373 1780 374 374 1781 375 375 1782 374 374 1783 376 376 1784 377 377 1785 373 373 1786 375 375 1787 377 377 1788 369 369 1789 373 373 1790 378 378 1791 369 369 1792 377 377 1793 378 378 1794 368 368 1795 369 369 1796 378 378 1797 379 379 1798 368 368 1799 368 368 1800 379 379 1801 372 372 1802 378 378 1803 380 380 1804 379 379 1805 380 380 1806 381 381 1807 379 379 1808 380 380 1809 382 382 1810 381 381 1811 383 383 1812 381 381 1813 382 382 1814 384 384 1815 381 381 1816 383 383 1817 384 384 1818 385 385 1819 381 381 1820 379 379 1821 385 385 1822 372 372 1823 379 379 1824 381 381 1825 385 385 1826 383 383 1827 382 382 1828 386 386 1829 386 386 1830 382 382 1831 387 387 1832 386 386 1833 387 387 1834 388 388 1835 388 388 1836 387 387 1837 389 389 1838 388 388 1839 389 389 1840 390 390 1841 391 391 1842 389 389 1843 387 387 1844 391 391 1845 382 382 1846 380 380 1847 391 391 1848 387 387 1849 382 382 1850 378 378 1851 391 391 1852 380 380 1853 378 378 1854 377 377 1855 391 391 1856 391 391 1857 392 392 1858 389 389 1859 377 377 1860 392 392 1861 391 391 1862 393 393 1863 390 390 1864 389 389 1865 393 393 1866 389 389 1867 394 394 1868 389 389 1869 395 395 1870 394 394 1871 389 389 1872 392 392 1873 395 395 1874 392 392 1875 376 376 1876 395 395 1877 392 392 1878 375 375 1879 376 376 1880 377 377 1881 375 375 1882 392 392 1883 398 396 1884 397 397 1885 396 398 1886 398 396 1887 399 399 1888 397 397 1889 396 398 1890 397 397 1891 400 400 1892 396 398 1893 400 400 1894 401 401 1895 402 402 1896 401 401 1897 400 400 1898 400 400 1899 403 403 1900 402 402 1901 400 400 1902 404 404 1903 403 403 1904 397 397 1905 404 404 1906 400 400 1907 397 397 1908 399 399 1909 404 404 1910 402 402 1911 405 405 1912 401 401 1913 406 406 1914 398 396 1915 396 398 1916 406 406 1917 396 398 1918 407 407 1919 407 407 1920 396 398 1921 401 401 1922 407 407 1923 401 401 1924 408 408 1925 408 408 1926 401 401 1927 405 405 1928 408 408 1929 405 405 1930 409 409 1931 398 396 1932 406 406 1933 410 410 1934 398 396 1935 410 410 1936 411 411 1937 411 411 1938 399 399 1939 398 396 1940 409 409 1941 412 412 1942 408 408 1943 409 409 1944 413 413 1945 412 412 1946 408 408 1947 414 414 1948 407 407 1949 408 408 1950 412 412 1951 414 414 1952 415 415 1953 407 407 1954 414 414 1955 415 415 1956 406 406 1957 407 407 1958 416 416 1959 403 403 1960 404 404 1961 416 416 1962 417 417 1963 403 403 1964 416 416 1965 418 418 1966 417 417 1967 416 416 1968 419 419 1969 418 418 1970 420 420 1971 419 419 1972 416 416 1973 411 411 1974 421 421 1975 420 420 1976 420 420 1977 421 421 1978 419 419 1979 411 411 1980 422 422 1981 421 421 1982 423 423 1983 421 421 1984 422 422 1985 423 423 1986 422 422 1987 424 424 1988 424 424 1989 425 425 1990 423 423 1991 426 426 1992 423 423 1993 425 425 1994 426 426 1995 427 427 1996 423 423 1997 427 427 1998 421 421 1999 423 423 2000 427 427 2001 419 419 2002 421 421 2003 424 424 2004 428 428 2005 425 425 2006 429 429 2007 428 428 2008 424 424 2009 422 422 2010 429 429 2011 424 424 2012 429 429 2013 430 430 2014 428 428 2015 422 422 2016 431 431 2017 429 429 2018 430 430 2019 432 432 2020 428 428 2021 433 433 2022 419 419 2023 427 427 2024 433 433 2025 418 418 2026 419 419 2027 426 426 2028 433 433 2029 427 427 2030 434 434 2031 429 429 2032 431 431 2033 434 434 2034 430 430 2035 429 429 2036 435 435 2037 434 434 2038 431 431 2039 435 435 2040 431 431 2041 410 410 2042 406 406 2043 435 435 2044 410 410 2045 406 406 2046 415 415 2047 435 435 2048 411 411 2049 410 410 2050 431 431 2051 411 411 2052 431 431 2053 422 422 2054 411 411 2055 420 420 2056 399 399 2057 420 420 2058 404 404 2059 399 399 2060 420 420 2061 416 416 2062 404 404 2063 438 436 2064 437 437 2065 436 438 2066 438 436 2067 439 439 2068 437 437 2069 437 437 2070 439 439 2071 440 440 2072 441 441 2073 440 440 2074 439 439 2075 441 441 2076 439 439 2077 442 442 2078 443 443 2079 442 442 2080 439 439 2081 443 443 2082 439 439 2083 438 436 2084 443 443 2085 444 444 2086 442 442 2087 437 437 2088 440 440 2089 445 445 2090 442 442 2091 444 444 2092 446 446 2093 444 444 2094 447 447 2095 446 446 2096 444 444 2097 448 448 2098 447 447 2099 449 449 2100 444 444 2101 443 443 2102 449 449 2103 448 448 2104 444 444 2105 449 449 2106 443 443 2107 438 436 2108 450 450 2109 438 436 2110 436 438 2111 449 449 2112 438 436 2113 450 450 2114 450 450 2115 436 438 2116 451 451 2117 436 438 2118 452 452 2119 451 451 2120 436 438 2121 437 437 2122 452 452 2123 453 453 2124 437 437 2125 445 445 2126 453 453 2127 452 452 2128 437 437 2129 342 342 2130 455 454 2131 454 455 2132 454 455 2133 332 332 2134 342 342 2135 454 455 2136 331 331 2137 332 332 2138 327 329 2139 456 456 2140 43 43 2141 327 329 2142 43 43 2143 42 42 2144 327 329 2145 328 328 2146 456 456 2147 459 457 2148 458 458 2149 457 459 2150 459 457 2151 460 460 2152 458 458 2153 461 461 2154 457 459 2155 458 458 2156 461 461 2157 458 458 2158 462 462 2159 463 463 2160 461 461 2161 462 462 2162 463 463 2163 462 462 2164 464 464 2165 465 465 2166 463 463 2167 464 464 2168 465 465 2169 464 464 2170 466 466 2171 467 467 2172 463 463 2173 465 465 2174 467 467 2175 468 468 2176 463 463 2177 468 468 2178 461 461 2179 463 463 2180 469 469 2181 468 468 2182 467 467 2183 469 469 2184 470 470 2185 468 468 2186 470 470 2187 471 471 2188 468 468 2189 471 471 2190 457 459 2191 461 461 2192 468 468 2193 471 471 2194 461 461 2195 470 470 2196 472 472 2197 471 471 2198 472 472 2199 470 470 2200 473 473 2201 470 470 2202 469 469 2203 473 473 2204 474 474 2205 472 472 2206 473 473 2207 472 472 2208 475 475 2209 471 471 2210 472 472 2211 474 474 2212 475 475 2213 474 474 2214 476 476 2215 475 475 2216 474 474 2217 477 477 2218 476 476 2219 477 477 2220 474 474 2221 473 473 2222 476 476 2223 457 459 2224 475 475 2225 471 471 2226 475 475 2227 457 459 2228 476 476 2229 459 457 2230 457 459 2231 480 478 2232 479 479 2233 478 480 2234 480 478 2235 481 481 2236 479 479 2237 482 482 2238 481 481 2239 480 478 2240 482 482 2241 480 478 2242 483 483 2243 482 482 2244 484 484 2245 481 481 2246 482 482 2247 485 485 2248 484 484 2249 486 486 2250 484 484 2251 485 485 2252 487 487 2253 486 486 2254 485 485 2255 487 487 2256 485 485 2257 488 488 2258 483 483 2259 480 478 2260 489 489 2261 489 489 2262 480 478 2263 478 480 2264 483 483 2265 489 489 2266 490 490 2267 489 489 2268 478 480 2269 491 491 2270 492 492 2271 487 487 2272 488 488 2273 492 492 2274 488 488 2275 493 493 2276 491 491 2277 478 480 2278 494 494 2279 491 491 2280 494 494 2281 495 495 2282 478 480 2283 496 496 2284 494 494 2285 478 480 2286 479 479 2287 496 496 2288 497 497 2289 496 496 2290 479 479 2291 497 497 2292 479 479 2293 498 498 2294 481 481 2295 498 498 2296 479 479 2297 481 481 2298 484 484 2299 498 498 2300 484 484 2301 486 486 2302 498 498 2303 499 499 2304 498 498 2305 486 486 2306 499 499 2307 497 497 2308 498 498 2309 500 500 2310 490 490 2311 489 489 2312 501 501 2313 490 490 2314 500 500 2315 501 501 2316 500 500 2317 502 502 2318 502 502 2319 500 500 2320 503 503 2321 502 502 2322 503 503 2323 504 504 2324 505 505 2325 503 503 2326 500 500 2327 505 505 2328 506 506 2329 503 503 2330 506 506 2331 505 505 2332 507 507 2333 504 504 2334 508 508 2335 502 502 2336 508 508 2337 501 501 2338 502 502 2339 504 504 2340 509 509 2341 508 508 2342 508 508 2343 509 509 2344 510 510 2345 508 508 2346 510 510 2347 511 511 2348 511 511 2349 510 510 2350 512 512 2351 511 511 2352 512 512 2353 513 513 2354 513 513 2355 512 512 2356 514 514 2357 513 513 2358 514 514 2359 515 515 2360 515 515 2361 514 514 2362 516 516 2363 515 515 2364 516 516 2365 517 517 2366 517 517 2367 516 516 2368 483 483 2369 507 507 2370 518 518 2371 506 506 2372 519 519 2373 518 518 2374 507 507 2375 520 520 2376 517 517 2377 483 483 2378 520 520 2379 483 483 2380 521 521 2381 520 520 2382 521 521 2383 522 522 2384 522 522 2385 521 521 2386 501 501 2387 521 521 2388 490 490 2389 501 501 2390 521 521 2391 483 483 2392 490 490 2393 522 522 2394 501 501 2395 523 523 2396 522 522 2397 523 523 2398 524 524 2399 522 522 2400 524 524 2401 525 525 2402 513 513 2403 525 525 2404 524 524 2405 522 522 2406 526 526 2407 520 520 2408 522 522 2409 525 525 2410 526 526 2411 517 517 2412 526 526 2413 515 515 2414 517 517 2415 520 520 2416 526 526 2417 513 513 2418 526 526 2419 525 525 2420 513 513 2421 515 515 2422 526 526 2423 513 513 2424 524 524 2425 511 511 2426 508 508 2427 524 524 2428 523 523 2429 508 508 2430 511 511 2431 524 524 2432 508 508 2433 523 523 2434 501 501 2435 507 507 2436 495 495 2437 519 519 2438 507 507 2439 491 491 2440 495 495 2441 489 489 2442 491 491 2443 507 507 2444 489 489 2445 507 507 2446 505 505 2447 500 500 2448 489 489 2449 505 505 2450 529 527 2451 528 528 2452 527 529 2453 529 527 2454 530 530 2455 528 528 2456 531 531 2457 528 528 2458 530 530 2459 531 531 2460 530 530 2461 532 532 2462 533 533 2463 530 530 2464 529 527 2465 534 534 2466 530 530 2467 533 533 2468 534 534 2469 532 532 2470 530 530 2471 531 531 2472 532 532 2473 535 535 2474 538 536 2475 537 537 2476 536 538 2477 538 536 2478 539 539 2479 537 537 2480 536 538 2481 537 537 2482 540 540 2483 536 538 2484 540 540 2485 541 541 2486 540 540 2487 542 542 2488 541 541 2489 543 543 2490 541 541 2491 542 542 2492 543 543 2493 544 544 2494 541 541 2495 536 538 2496 541 541 2497 544 544 2498 540 540 2499 545 545 2500 542 542 2501 542 542 2502 545 545 2503 546 546 2504 542 542 2505 546 546 2506 547 547 2507 543 543 2508 542 542 2509 547 547 2510 538 536 2511 536 538 2512 548 548 2513 536 538 2514 544 544 2515 548 548 2516 538 536 2517 548 548 2518 549 549 2519 549 549 2520 548 548 2521 550 550 2522 549 549 2523 550 550 2524 551 551 2525 548 548 2526 552 552 2527 550 550 2528 548 548 2529 544 544 2530 552 552 2531 553 553 2532 544 544 2533 543 543 2534 553 553 2535 552 552 2536 544 544 2537 553 553 2538 543 543 2539 554 554 2540 543 543 2541 547 547 2542 554 554 2543 553 553 2544 554 554 2545 555 555 2546 555 555 2547 554 554 2548 556 556 2549 555 555 2550 556 556 2551 557 557 2552 557 557 2553 556 556 2554 558 558 2555 559 559 2556 558 558 2557 556 556 2558 559 559 2559 556 556 2560 560 560 2561 560 560 2562 554 554 2563 547 547 2564 560 560 2565 556 556 2566 554 554 2567 557 557 2568 558 558 2569 561 561 2570 561 561 2571 562 562 2572 557 557 2573 561 561 2574 563 563 2575 562 562 2576 564 564 2577 562 562 2578 563 563 2579 564 564 2580 563 563 2581 565 565 2582 564 564 2583 566 566 2584 562 562 2585 566 566 2586 557 557 2587 562 562 2588 566 566 2589 555 555 2590 557 557 2591 553 553 2592 566 566 2593 552 552 2594 553 553 2595 555 555 2596 566 566 2597 564 564 2598 567 567 2599 566 566 2600 552 552 2601 566 566 2602 567 567 2603 564 564 2604 565 565 2605 568 568 2606 564 564 2607 568 568 2608 569 569 2609 564 564 2610 570 570 2611 567 567 2612 564 564 2613 569 569 2614 570 570 2615 567 567 2616 570 570 2617 551 551 2618 567 567 2619 551 551 2620 550 550 2621 552 552 2622 567 567 2623 550 550 2624 573 571 2625 572 572 2626 571 573 2627 573 571 2628 574 574 2629 572 572 2630 575 575 2631 573 571 2632 571 573 2633 575 575 2634 571 573 2635 576 576 2636 576 576 2637 577 577 2638 575 575 2639 575 575 2640 577 577 2641 578 578 2642 575 575 2643 578 578 2644 579 579 2645 573 571 2646 579 579 2647 574 574 2648 573 571 2649 575 575 2650 579 579 2651 576 576 2652 580 580 2653 577 577 2654 571 573 2655 572 572 2656 581 581 2657 571 573 2658 581 581 2659 582 582 2660 582 582 2661 576 576 2662 571 573 2663 582 582 2664 583 583 2665 576 576 2666 583 583 2667 580 580 2668 576 576 2669 583 583 2670 584 584 2671 580 580 2672 572 572 2673 585 585 2674 581 581 2675 572 572 2676 586 586 2677 585 585 2678 574 574 2679 586 586 2680 572 572 2681 587 587 2682 584 584 2683 583 583 2684 587 587 2685 588 588 2686 584 584 2687 589 589 2688 583 583 2689 582 582 2690 589 589 2691 587 587 2692 583 583 2693 582 582 2694 590 590 2695 589 589 2696 582 582 2697 581 581 2698 590 590 2699 578 578 2700 591 591 2701 579 579 2702 578 578 2703 592 592 2704 591 591 2705 593 593 2706 591 591 2707 592 592 2708 593 593 2709 594 594 2710 591 591 2711 594 594 2712 595 595 2713 591 591 2714 596 596 2715 586 586 2716 595 595 2717 594 594 2718 596 596 2719 595 595 2720 596 596 2721 597 597 2722 586 586 2723 598 598 2724 597 597 2725 596 596 2726 598 598 2727 599 599 2728 597 597 2729 600 600 2730 599 599 2731 598 598 2732 601 601 2733 600 600 2734 598 598 2735 601 601 2736 598 598 2737 602 602 2738 596 596 2739 602 602 2740 598 598 2741 596 596 2742 594 594 2743 602 602 2744 600 600 2745 603 603 2746 599 599 2747 604 604 2748 599 599 2749 603 603 2750 604 604 2751 597 597 2752 599 599 2753 604 604 2754 603 603 2755 605 605 2756 604 604 2757 606 606 2758 597 597 2759 607 607 2760 605 605 2761 603 603 2762 594 594 2763 608 608 2764 602 602 2765 594 594 2766 593 593 2767 608 608 2768 608 608 2769 601 601 2770 602 602 2771 609 609 2772 604 604 2773 605 605 2774 609 609 2775 606 606 2776 604 604 2777 610 610 2778 606 606 2779 609 609 2780 610 610 2781 585 585 2782 606 606 2783 581 581 2784 585 585 2785 610 610 2786 581 581 2787 610 610 2788 590 590 2789 606 606 2790 585 585 2791 586 586 2792 606 606 2793 586 586 2794 597 597 2795 574 574 2796 595 595 2797 586 586 2798 579 579 2799 595 595 2800 574 574 2801 579 579 2802 591 591 2803 595 595 2804 613 611 2805 612 612 2806 611 613 2807 613 611 2808 614 614 2809 612 612 2810 615 615 2811 611 613 2812 612 612 2813 616 616 2814 611 613 2815 615 615 2816 616 616 2817 617 617 2818 611 613 2819 617 617 2820 618 618 2821 611 613 2822 611 613 2823 618 618 2824 613 611 2825 617 617 2826 619 619 2827 618 618 2828 615 615 2829 612 612 2830 620 620 2831 619 619 2832 617 617 2833 621 621 2834 619 619 2835 621 621 2836 622 622 2837 619 619 2838 622 622 2839 623 623 2840 619 619 2841 624 624 2842 618 618 2843 619 619 2844 623 623 2845 624 624 2846 613 611 2847 618 618 2848 624 624 2849 625 625 2850 614 614 2851 613 611 2852 613 611 2853 624 624 2854 625 625 2855 625 625 2856 626 626 2857 614 614 2858 614 614 2859 627 627 2860 612 612 2861 614 614 2862 626 626 2863 627 627 2864 628 628 2865 612 612 2866 627 627 2867 628 628 2868 620 620 2869 612 612 2870 119 119 2871 128 128 2872 127 127 2873 245 245 2874 212 212 2875 210 210 2876 245 245 2877 246 246 2878 212 212 2879 156 158 2880 212 212 2881 246 246 2882 210 210 2883 243 243 2884 245 245 2885 210 210 2886 209 209 2887 243 243 2888 235 235 2889 629 629 2890 240 240 2891 186 186 2892 187 187 2893 630 630 2894 191 191 2895 186 186 2896 630 630 2897</p>
        </triangles>
      </mesh>
    </geometry>
    <geometry id="pm0058_00_41_NailSkin-mesh" name="pm0058_00_41_NailSkin">
      <mesh>
        <source id="pm0058_00_41_NailSkin-mesh-positions">
          <float_array id="pm0058_00_41_NailSkin-mesh-positions-array" count="240">0.1422865 0.01865798 0.1164628 0.136425 0.02957183 0.1023282 0.1485288 0.01378208 0.1143003 0.1440755 0.02403378 0.08944666 0.1495288 0.006663739 0.08428692 0.1515184 0.003418743 0.1128875 0.1471464 0.002373218 0.08847677 0.1353421 0.001215219 0.1006685 0.1447352 9.87536e-4 0.1225234 0.1470903 0.003803968 0.1283507 0.1362936 0.0137819 0.1192435 0.1255198 0.02082353 0.1033273 0.1422865 0.01865798 0.1164628 0.136425 0.02957183 0.1023282 0.1228507 0.009065747 0.1058879 0.1331311 0.00343275 0.1202707 0.1234837 0.002694189 0.1058097 0.1353421 0.001215219 0.1006685 0.1447352 9.87536e-4 0.1225234 0.1470903 0.003803968 0.1283507 0.07058829 0.02273207 0.08970153 0.07831287 0.02937453 0.1022446 0.0663827 0.01378726 0.1142204 0.07267767 0.01873397 0.1163823 0.06341731 0.003359913 0.1127536 0.06600725 0.006321489 0.0810737 0.06822669 0.002294659 0.08636283 0.07947325 0.00108838 0.1007475 0.07019644 9.87535e-4 0.1225237 0.06782913 0.00378853 0.1283822 0.07870811 0.01378685 0.1192 0.07267767 0.01873397 0.1163823 0.08977943 0.02115005 0.1029363 0.07831287 0.02937453 0.1022446 0.0952062 0.005784511 0.1042344 0.08186161 0.003381013 0.1202061 0.09212863 0.002651512 0.1048844 0.07947325 0.00108838 0.1007475 0.07019644 9.87535e-4 0.1225237 0.06782913 0.00378853 0.1283822 -0.1440755 0.02403378 0.08944666 -0.136425 0.02957183 0.1023282 -0.1485288 0.01378208 0.1143003 -0.1422865 0.01865798 0.1164628 -0.1495288 0.006663739 0.08428692 -0.1515184 0.003418743 0.1128875 -0.1471464 0.002373218 0.08847677 -0.1353421 0.001215219 0.1006685 -0.1447352 9.87536e-4 0.1225234 -0.1470903 0.003803968 0.1283507 -0.1362936 0.0137819 0.1192435 -0.1422865 0.01865798 0.1164628 -0.1255198 0.02082353 0.1033273 -0.136425 0.02957183 0.1023282 -0.1228507 0.009065747 0.1058879 -0.1331311 0.00343275 0.1202707 -0.1234837 0.002694189 0.1058097 -0.1353421 0.001215219 0.1006685 -0.1447352 9.87536e-4 0.1225234 -0.1470903 0.003803968 0.1283507 -0.07267767 0.01873397 0.1163823 -0.07831287 0.02937453 0.1022446 -0.0663827 0.01378726 0.1142204 -0.07058829 0.02273207 0.08970153 -0.06341731 0.003359913 0.1127536 -0.06600725 0.006321489 0.0810737 -0.06822669 0.002294659 0.08636283 -0.07947325 0.00108838 0.1007475 -0.07019644 9.87535e-4 0.1225237 -0.06782913 0.00378853 0.1283822 -0.07870811 0.01378685 0.1192 -0.08977943 0.02115005 0.1029363 -0.07267767 0.01873397 0.1163823 -0.07831287 0.02937453 0.1022446 -0.0952062 0.005784511 0.1042344 -0.08186161 0.003381013 0.1202061 -0.09212863 0.002651512 0.1048844 -0.07947325 0.00108838 0.1007475 -0.07019644 9.87535e-4 0.1225237 -0.06782913 0.00378853 0.1283822</float_array>
          <technique_common>
            <accessor source="#pm0058_00_41_NailSkin-mesh-positions-array" count="80" stride="3">
              <param name="X" type="float"/>
              <param name="Y" type="float"/>
              <param name="Z" type="float"/>
            </accessor>
          </technique_common>
        </source>
        <source id="pm0058_00_41_NailSkin-mesh-normals">
          <float_array id="pm0058_00_41_NailSkin-mesh-normals-array" count="240">0.8834096 0.4460516 0.1436164 0.3644805 0.8235641 0.4346219 0.1298969 0.7791464 0.6132354 0.8960705 0.4433507 0.0223146 0.9800345 0.1911019 -0.05488497 0.8676065 -0.4970903 0.01266187 0.4871277 -0.8719044 -0.0498926 0.0407769 -0.9986164 0.03320711 0.0567153 -0.9893528 0.1340315 0.371299 0.1206977 0.9206353 0.1298719 0.7791544 0.6132308 -0.5715441 0.5016977 0.6493356 -0.4867829 0.4817656 0.7286593 0.3644684 0.8235591 0.4346414 -0.7598088 0.2056362 0.6167693 -0.5838765 -0.5624966 0.5853937 -0.4362313 -0.8356751 0.3336907 0.0407623 -0.9986165 0.03321987 0.05670738 -0.9893534 0.134031 0.3712711 0.1207842 0.9206351 -0.8726186 0.46252 0.1568827 -0.3624799 0.8315687 0.4208347 -0.909931 0.4147586 -9.29482e-4 -0.129377 0.7814551 0.6104012 -0.9042416 -0.4270083 -0.003347933 -0.9791111 0.1936597 -0.06194585 -0.5067891 -0.8601412 -0.05763751 -0.04474699 -0.9984145 0.03415071 -0.05754035 -0.9887906 0.1377763 -0.3725052 0.1239666 0.9197131 0.6023768 0.4676293 0.6468888 -0.1294083 0.7814559 0.6103937 0.5077437 0.4659764 0.7246118 -0.3625029 0.8315691 0.420814 0.7424937 0.2036525 0.6381448 0.5984068 -0.5189995 0.6103678 0.3002784 -0.9218196 0.2451153 -0.0447601 -0.9984141 0.03414446 -0.05754286 -0.9887887 0.1377892 -0.3724987 0.1240005 0.9197112 -0.8834096 0.4460515 0.1436164 -0.3644805 0.8235641 0.4346219 -0.8960706 0.4433506 0.0223146 -0.129897 0.7791464 0.6132355 -0.9800347 0.1911017 -0.05488491 -0.8676059 -0.4970914 0.01266241 -0.4871272 -0.8719048 -0.04989266 -0.0407769 -0.9986163 0.03320711 -0.05671572 -0.9893528 0.1340315 -0.3712989 0.1206979 0.9206352 0.571516 0.5016517 0.6493959 -0.1298712 0.7791542 0.6132311 0.4867827 0.481763 0.7286611 -0.364468 0.8235592 0.4346416 0.7598085 0.2056359 0.6167698 0.5838841 -0.562495 0.5853878 0.4362311 -0.8356752 0.3336904 -0.0407623 -0.9986165 0.03321981 -0.05670702 -0.9893533 0.1340316 -0.3713049 0.120683 0.9206348 0.8726187 0.4625198 0.1568827 0.3624799 0.8315688 0.4208346 0.129377 0.781455 0.6104012 0.909931 0.4147588 -9.29487e-4 0.90424 -0.4270116 -0.003352642 0.9791111 0.1936598 -0.06194585 0.5067889 -0.8601413 -0.05763769 0.04474699 -0.9984145 0.03415071 0.05754011 -0.9887907 0.1377761 0.3725054 0.1239669 0.919713 0.129409 0.7814556 0.6103937 -0.6023768 0.4676293 0.6468887 -0.507742 0.465972 0.724616 0.3625036 0.831569 0.4208136 -0.7424938 0.2036524 0.6381449 -0.5984092 -0.5189983 0.6103665 -0.3002783 -0.9218196 0.2451155 0.04476016 -0.9984142 0.03414446 0.05754274 -0.9887886 0.1377894 0.3724994 0.1240006 0.9197109</float_array>
          <technique_common>
            <accessor source="#pm0058_00_41_NailSkin-mesh-normals-array" count="80" stride="3">
              <param name="X" type="float"/>
              <param name="Y" type="float"/>
              <param name="Z" type="float"/>
            </accessor>
          </technique_common>
        </source>
        <source id="pm0058_00_41_NailSkin-mesh-map-0">
          <float_array id="pm0058_00_41_NailSkin-mesh-map-0-array" count="480">0.6259605 0.8203835 0.6370785 0.8085489 0.6315648 0.8214692 0.6259605 0.8203835 0.628157 0.8015066 0.6370785 0.8085489 0.6259605 0.8203835 0.6151995 0.8022143 0.628157 0.8015066 0.6259605 0.8203835 0.6189863 0.8210934 0.6151995 0.8022143 0.6151995 0.8022143 0.6189863 0.8210934 0.6127127 0.8058488 0.6067432 0.8157825 0.6127127 0.8058488 0.6189863 0.8210934 0.6067432 0.8157825 0.6189863 0.8210934 0.6170219 0.8285283 0.6189863 0.8210934 0.6259605 0.8203835 0.6214928 0.8315722 0.6259605 0.8203835 0.6315648 0.8214692 0.6214928 0.8315722 0.6170219 0.8285283 0.6189863 0.8210934 0.6214928 0.8315722 0.6453662 0.8577018 0.6484518 0.8409257 0.6512084 0.8563722 0.6453662 0.8577018 0.6376668 0.8447819 0.6484518 0.8409257 0.6512084 0.8563722 0.6484518 0.8409257 0.6583226 0.843467 0.6512084 0.8563722 0.6583226 0.843467 0.65841 0.8569336 0.6632086 0.8454604 0.65841 0.8569336 0.6583226 0.843467 0.6711369 0.8520153 0.65841 0.8569336 0.6632086 0.8454604 0.6711369 0.8520153 0.6603857 0.8647611 0.65841 0.8569336 0.6512084 0.8563722 0.65841 0.8569336 0.6560758 0.8678049 0.6453662 0.8577018 0.6512084 0.8563722 0.6560758 0.8678049 0.65841 0.8569336 0.6603857 0.8647611 0.6560758 0.8678049 0.6483258 0.7327791 0.6361142 0.7232199 0.6439425 0.7155857 0.6483258 0.7327791 0.6430015 0.7343857 0.6361142 0.7232199 0.6552911 0.7326099 0.6483258 0.7327791 0.6439425 0.7155857 0.6552911 0.7326099 0.6439425 0.7155857 0.6561607 0.7112199 0.6590676 0.7149429 0.6552911 0.7326099 0.6561607 0.7112199 0.6667065 0.7254261 0.6552911 0.7326099 0.6590676 0.7149429 0.658272 0.740139 0.6552911 0.7326099 0.6667065 0.7254261 0.6483258 0.7327791 0.6552911 0.7326099 0.6542867 0.7433347 0.6430015 0.7343857 0.6483258 0.7327791 0.6542867 0.7433347 0.6552911 0.7326099 0.658272 0.740139 0.6542867 0.7433347 0.6604535 0.7651754 0.6613768 0.7821072 0.6557236 0.7801819 0.6604535 0.7651754 0.6699761 0.7709414 0.6613768 0.7821072 0.6474626 0.7649385 0.6604535 0.7651754 0.6557236 0.7801819 0.6474626 0.7649385 0.6557236 0.7801819 0.648442 0.7799282 0.648442 0.7799282 0.6448639 0.7672632 0.6474626 0.7649385 0.6364274 0.7731474 0.6448639 0.7672632 0.648442 0.7799282 0.6364274 0.7731474 0.648442 0.7799282 0.6456402 0.7878604 0.648442 0.7799282 0.6557236 0.7801819 0.6496076 0.7910561 0.6557236 0.7801819 0.6613768 0.7821072 0.6496076 0.7910561 0.6456402 0.7878604 0.648442 0.7799282 0.6496076 0.7910561 0.3740397 0.8203835 0.3629215 0.8085489 0.371843 0.8015066 0.3740397 0.8203835 0.3684351 0.8214692 0.3629215 0.8085489 0.3740397 0.8203835 0.371843 0.8015066 0.3848005 0.8022143 0.3740397 0.8203835 0.3848005 0.8022143 0.3810135 0.8210934 0.3810135 0.8210934 0.3848005 0.8022143 0.3872872 0.8058488 0.3932567 0.8157825 0.3810135 0.8210934 0.3872872 0.8058488 0.3932567 0.8157825 0.3829783 0.8285283 0.3810135 0.8210934 0.3740397 0.8203835 0.3810135 0.8210934 0.3785072 0.8315722 0.3684351 0.8214692 0.3740397 0.8203835 0.3785072 0.8315722 0.3810135 0.8210934 0.3829783 0.8285283 0.3785072 0.8315722 0.3515482 0.8409257 0.3546338 0.8577018 0.3487917 0.8563722 0.3515482 0.8409257 0.3623334 0.8447819 0.3546338 0.8577018 0.3487917 0.8563722 0.3416773 0.843467 0.3515482 0.8409257 0.3487917 0.8563722 0.3415901 0.8569336 0.3416773 0.843467 0.3415901 0.8569336 0.3367914 0.8454604 0.3416773 0.843467 0.3288632 0.8520153 0.3367914 0.8454604 0.3415901 0.8569336 0.3288632 0.8520153 0.3415901 0.8569336 0.3396142 0.8647611 0.3415901 0.8569336 0.3487917 0.8563722 0.3439242 0.8678049 0.3487917 0.8563722 0.3546338 0.8577018 0.3439242 0.8678049 0.3396142 0.8647611 0.3415901 0.8569336 0.3439242 0.8678049 0.3516741 0.7327791 0.363886 0.7232199 0.3569985 0.7343857 0.3516741 0.7327791 0.3560577 0.7155857 0.363886 0.7232199 0.3560577 0.7155857 0.3516741 0.7327791 0.3447088 0.7326099 0.3560577 0.7155857 0.3447088 0.7326099 0.3438394 0.7112199 0.3447088 0.7326099 0.3409325 0.7149429 0.3438394 0.7112199 0.3447088 0.7326099 0.3332936 0.7254261 0.3409325 0.7149429 0.3417281 0.740139 0.3332936 0.7254261 0.3447088 0.7326099 0.3447088 0.7326099 0.3516741 0.7327791 0.345713 0.7433347 0.3516741 0.7327791 0.3569985 0.7343857 0.345713 0.7433347 0.3417281 0.740139 0.3447088 0.7326099 0.345713 0.7433347 0.3386234 0.7821072 0.3395466 0.7651754 0.3442766 0.7801819 0.3386234 0.7821072 0.330024 0.7709414 0.3395466 0.7651754 0.3442766 0.7801819 0.3395466 0.7651754 0.3525376 0.7649385 0.3442766 0.7801819 0.3525376 0.7649385 0.3515581 0.7799282 0.3551361 0.7672632 0.3515581 0.7799282 0.3525376 0.7649385 0.3515581 0.7799282 0.3551361 0.7672632 0.3635729 0.7731474 0.3515581 0.7799282 0.3635729 0.7731474 0.3543598 0.7878604 0.3442766 0.7801819 0.3515581 0.7799282 0.3503925 0.7910561 0.3386234 0.7821072 0.3442766 0.7801819 0.3503925 0.7910561 0.3515581 0.7799282 0.3543598 0.7878604 0.3503925 0.7910561</float_array>
          <technique_common>
            <accessor source="#pm0058_00_41_NailSkin-mesh-map-0-array" count="240" stride="2">
              <param name="S" type="float"/>
              <param name="T" type="float"/>
            </accessor>
          </technique_common>
        </source>
        <vertices id="pm0058_00_41_NailSkin-mesh-vertices">
          <input semantic="POSITION" source="#pm0058_00_41_NailSkin-mesh-positions"/>
        </vertices>
        <triangles material="pm0058_00_41-Body00-material" count="80">
          <input semantic="VERTEX" source="#pm0058_00_41_NailSkin-mesh-vertices" offset="0"/>
          <input semantic="NORMAL" source="#pm0058_00_41_NailSkin-mesh-normals" offset="1"/>
          <input semantic="TEXCOORD" source="#pm0058_00_41_NailSkin-mesh-map-0" offset="2" set="0"/>
          <p>2 0 0 1 1 1 0 2 2 2 0 3 3 3 4 1 1 5 2 0 6 4 4 7 3 3 8 2 0 9 5 5 10 4 4 11 4 4 12 5 5 13 6 6 14 7 7 15 6 6 16 5 5 17 7 7 18 5 5 19 8 8 20 5 5 21 2 0 22 9 9 23 2 0 24 0 2 25 9 9 26 8 8 27 5 5 28 9 9 29 12 10 30 11 11 31 10 12 32 12 10 33 13 13 34 11 11 35 10 12 36 11 11 37 14 14 38 10 12 39 14 14 40 15 15 41 16 16 42 15 15 43 14 14 44 17 17 45 15 15 46 16 16 47 17 17 48 18 18 49 15 15 50 10 12 51 15 15 52 19 19 53 12 10 54 10 12 55 19 19 56 15 15 57 18 18 58 19 19 59 22 20 60 21 21 61 20 22 62 22 20 63 23 23 64 21 21 65 24 24 66 22 20 67 20 22 68 24 24 69 20 22 70 25 25 71 26 26 72 24 24 73 25 25 74 27 27 75 24 24 76 26 26 77 28 28 78 24 24 79 27 27 80 22 20 81 24 24 82 29 29 83 23 23 84 22 20 85 29 29 86 24 24 87 28 28 88 29 29 89 32 30 90 31 31 91 30 32 92 32 30 93 33 33 94 31 31 95 34 34 96 32 30 97 30 32 98 34 34 99 30 32 100 35 35 101 35 35 102 36 36 103 34 34 104 37 37 105 36 36 106 35 35 107 37 37 108 35 35 109 38 38 110 35 35 111 30 32 112 39 39 113 30 32 114 31 31 115 39 39 116 38 38 117 35 35 118 39 39 119 42 40 120 41 41 121 40 42 122 42 40 123 43 43 124 41 41 125 42 40 126 40 42 127 44 44 128 42 40 129 44 44 130 45 45 131 45 45 132 44 44 133 46 46 134 47 47 135 45 45 136 46 46 137 47 47 138 48 48 139 45 45 140 42 40 141 45 45 142 49 49 143 43 43 144 42 40 145 49 49 146 45 45 147 48 48 148 49 49 149 52 50 150 51 51 151 50 52 152 52 50 153 53 53 154 51 51 155 50 52 156 54 54 157 52 50 158 50 52 159 55 55 160 54 54 161 55 55 162 56 56 163 54 54 164 57 57 165 56 56 166 55 55 167 57 57 168 55 55 169 58 58 170 55 55 171 50 52 172 59 59 173 50 52 174 51 51 175 59 59 176 58 58 177 55 55 178 59 59 179 62 60 180 61 61 181 60 62 182 62 60 183 63 63 184 61 61 185 63 63 186 62 60 187 64 64 188 63 63 189 64 64 190 65 65 191 64 64 192 66 66 193 65 65 194 64 64 195 67 67 196 66 66 197 68 68 198 67 67 199 64 64 200 64 64 201 62 60 202 69 69 203 62 60 204 60 62 205 69 69 206 68 68 207 64 64 208 69 69 209 72 70 210 71 71 211 70 72 212 72 70 213 73 73 214 71 71 215 70 72 216 71 71 217 74 74 218 70 72 219 74 74 220 75 75 221 76 76 222 75 75 223 74 74 224 75 75 225 76 76 226 77 77 227 75 75 228 77 77 229 78 78 230 70 72 231 75 75 232 79 79 233 72 70 234 70 72 235 79 79 236 75 75 237 78 78 238 79 79 239</p>
        </triangles>
      </mesh>
    </geometry>
    <geometry id="pm0058_00_41_BodySkin-mesh" name="pm0058_00_41_BodySkin">
      <mesh>
        <source id="pm0058_00_41_BodySkin-mesh-positions">
          <float_array id="pm0058_00_41_BodySkin-mesh-positions-array" count="2376">0.0789116 0 0.1017745 0.07819539 0.009533047 0.1064544 0.1066386 0 0.1101819 0.1067128 0.009317815 0.1168364 0.1067161 0.02897948 0.1130017 0.07815605 0.02907842 0.102638 0.136446 0.009375154 0.1066171 0.135716 0 0.1011357 0.1366618 0.02944159 0.1027759 0.1067207 0.04269355 0.1057746 0.1376042 0.04370576 0.09241634 0.07758724 0.04329353 0.09268248 0.05155396 0.02967786 0.07277107 0.05349767 0.04449629 0.06523936 0.1067249 0.06028717 0.09321957 0.1474798 0.0618081 0.07061725 0.0669173 0.06135505 0.06992739 0.161863 0.00933969 0.07832294 0.1630491 0.02989894 0.07389467 0.1632187 0.009025096 0.04143542 0.1541931 0 0.07628339 0.1539956 0 0.04102963 0.1480816 0 0.007334113 0.1512048 0.01168543 0.002448081 0.1652256 0.03051292 0.03620773 0.1502602 0.03151261 -0.006066739 0.1087884 0.01351153 -0.02061271 0.1088017 0.03327286 -0.0281071 0.06733846 0.03167206 -0.005293309 0.06582963 0.01219582 0.003218472 0.1085438 0 -0.01238179 0.06821471 0 0.007507264 0.05215877 0.009652256 0.04166632 0.05881541 0 0.04148167 0.05065041 0.03085607 0.0359829 0.1615474 0.06238728 0.02899473 0.1486841 0.06332039 -0.01571559 0.05455893 0.0622614 0.02915507 0.06941229 0.06343007 -0.01509964 0.1088184 0.06480425 -0.03758221 0.1612422 0.04500859 0.06558346 0.06792378 0.07326102 0.06794667 0.06691992 0.129244 0.06848239 0.1067354 0.07311713 0.09043669 0.1066125 0.1295149 0.09292578 0.05488228 0.07349449 0.02767693 0.05252462 0.1293542 0.02338272 0.0669173 0.06135505 0.06992739 0.1067249 0.06028717 0.09321957 0.05455893 0.0622614 0.02915507 0.1474798 0.0618081 0.07061725 0.1466693 0.07330185 0.06881189 0.1615474 0.06238728 0.02899473 0.1612898 0.07343792 0.02760332 0.1478031 0.1291446 0.06872451 0.163926 0.1291916 0.02320671 0.1486841 0.06332039 -0.01571559 0.1487451 0.07410711 -0.01830899 0.1088184 0.06480425 -0.03758221 0.108809 0.07509839 -0.04013252 0.06944149 0.07418453 -0.01762187 0.06941229 0.06343007 -0.01509964 0.05488228 0.07349449 0.02767693 0.05455893 0.0622614 0.02915507 0.1674399 0.2073992 0.02219247 0.1483002 0.2074447 0.0731067 0.1068519 0.2069115 0.101086 0.1481111 0.2549579 0.0739324 0.1559848 0.1576383 -0.02729833 0.1589094 0.2021926 -0.03128182 0.1212401 0.1921238 -0.0552845 0.1609979 0.2558786 -0.0339924 0.1158013 0.1591044 -0.05326807 0.071783 0.1708621 -0.03357821 0.06731414 0.1839156 -0.03610467 0.05014961 0.1755039 0.02229297 0.04326826 0.1892422 0.01964706 0.1172254 0.2134927 -0.05959624 0.07054966 0.1525602 -0.03138768 0.05252462 0.1293542 0.02338272 0.06561666 0.2053252 0.0824505 0.05014961 0.1755039 0.02229297 0.0547527 0.2149031 0.07336443 0.04326826 0.1892422 0.01964706 0.08528506 0.240121 0.1057745 0.07240015 0.2570943 0.1066377 0.1086588 0.2648079 0.1071166 0.1019234 0.307112 0.1078543 0.14388 0.2994517 0.0731762 0.1306154 0.3477798 0.07294166 0.1629546 0.3132169 0.01964765 0.1491535 0.3600665 0.01285129 0.1495397 0.3250866 -0.04656291 0.1610786 0.3006708 -0.02309316 0.1679725 0.2673246 0.02279984 0.1476058 0.2686168 -0.06097352 0.07240015 0.2570943 0.1066377 0.04387235 0.3036732 0.1164333 0.1019234 0.307112 0.1078543 0.08268171 0.3468414 0.1068286 0.1306154 0.3477798 0.07294166 0.1116238 0.3825792 0.07236903 0.1491535 0.3600665 0.01285129 0.1297146 0.3962319 0.008158266 0.05813664 0.380484 0.1047764 0.07820427 0.4187858 0.07322692 0.03439939 0.3960562 0.1053438 0.04165798 0.438606 0.07445538 0.09050446 0.4386646 -0.001713693 0.04374212 0.4647523 -0.01057922 0 0.4445968 0.0751934 0 0.470954 -0.01053082 0.04599779 0.4515411 -0.07002526 0.09372192 0.4297354 -0.07015299 0 0.4578022 -0.07044714 0.1257344 0.3916649 -0.0684148 0.1447396 0.3404405 -0.0693407 0.1495397 0.3250866 -0.04656291 0.146682 0.2719404 -0.07632964 0.1476058 0.2686168 -0.06097352 0.1164385 0.2150177 -0.07048392 0.1172254 0.2134927 -0.05959624 0.06731414 0.1839156 -0.03610467 0.05616164 0.1801051 -0.04739302 0.03120666 0.1874214 0.01911914 0.04326826 0.1892422 0.01964706 0 0.1717069 -0.0420227 0 0.1829779 0.01716732 0 0.4491779 -0.1165862 0.04642581 0.4438627 -0.1166176 0 0.4426494 -0.1705467 0.04629498 0.4380188 -0.1708216 0.09225058 0.4234437 -0.1168158 0.09031635 0.4196153 -0.1710196 0.04487699 0.4353443 -0.2202848 0 0.4395586 -0.2199171 0.08720511 0.4194727 -0.2205051 0.1261515 0.3854322 -0.1163201 0.1245409 0.3836092 -0.1710243 0.1423839 0.3364422 -0.169373 0.1440713 0.3358125 -0.1168622 0.1413735 0.2809087 -0.1602175 0.1445778 0.275753 -0.1183002 0.1410843 0.3436089 -0.213841 0.1210371 0.3880479 -0.2205795 0.1123232 0.2302948 -0.1615874 0.1148276 0.2216618 -0.1161606 0.05301511 0.1842186 -0.1121224 0.04905676 0.1966936 -0.183399 0 0.189314 -0.1814188 0 0.1763233 -0.1106589 0.1104671 0.2361646 -0.1872891 0.1390199 0.2844894 -0.1840195 0 0.2032473 -0.2362661 0.0456531 0.2102286 -0.2407802 0.07318985 0.2173181 -0.2105347 0.02346628 0.2080295 -0.3154343 0 0.2054798 -0.317866 0.1418619 0.3653359 -0.2760221 0.1615163 0.3088697 -0.2280846 0.1603037 0.3260487 -0.2890253 0.122815 0.3645092 -0.3396653 0.115523 0.3995102 -0.2726216 0.09992021 0.3922271 -0.3333441 0.1401997 0.3221823 -0.3522658 0.170367 0.2671005 -0.3049798 0.1472567 0.2717434 -0.3679 0.1702262 0.2517803 -0.243186 0.1015995 0.3175125 -0.3949512 0.1030823 0.2671531 -0.4076244 0.09428262 0.3506774 -0.381011 0.08107155 0.4223601 -0.2720517 0.07030701 0.4100314 -0.3304321 0.04119533 0.4342973 -0.2716373 0.03690654 0.418895 -0.3287528 0 0.4220887 -0.3278625 0 0.4379848 -0.2710779 0.03190845 0.3868221 -0.3716115 0 0.3882203 -0.3722373 0 0.3397497 -0.3909788 0.03351688 0.3412828 -0.3921086 0 0.2898131 -0.3991706 0.03841799 0.2858461 -0.396148 0 0.2432933 -0.3804543 0.02957981 0.2439869 -0.3755531 0 0.2054798 -0.317866 0.02346628 0.2080295 -0.3154343 0.06166821 0.3797873 -0.3711595 0.08210468 0.3744967 -0.3684439 0.06387305 0.3432171 -0.3920123 0.06554847 0.3067461 -0.4013695 0.06658351 0.2547785 -0.4013512 0.04265081 0.2378712 -0.3805713 -0.02957981 0.2439869 -0.3755531 -0.02346628 0.2080295 -0.3154343 -0.04265075 0.2378711 -0.3805713 -0.03841799 0.2858461 -0.396148 -0.03351688 0.3412828 -0.3921086 -0.03190845 0.3868221 -0.3716115 -0.03690654 0.418895 -0.3287528 -0.04119533 0.4342973 -0.2716373 -0.07030701 0.4100314 -0.3304321 -0.08107155 0.4223601 -0.2720517 -0.04487699 0.4353443 -0.2202848 -0.08720511 0.4194727 -0.2205051 -0.04629498 0.4380188 -0.1708216 -0.04642581 0.4438627 -0.1166176 -0.09225058 0.4234437 -0.1168158 -0.09031635 0.4196153 -0.1710196 -0.1261515 0.3854322 -0.1163201 -0.1245409 0.3836092 -0.1710243 -0.1423839 0.3364422 -0.169373 -0.1440713 0.3358125 -0.1168622 -0.1413735 0.2809087 -0.1602175 -0.1445778 0.275753 -0.1183002 -0.1410843 0.3436089 -0.213841 -0.1210371 0.3880479 -0.2205795 -0.1123232 0.2302948 -0.1615874 -0.1148276 0.2216618 -0.1161606 -0.05301511 0.1842186 -0.1121224 -0.04905676 0.1966936 -0.183399 0 0.189314 -0.1814188 0 0.1763233 -0.1106589 -0.1104671 0.2361646 -0.1872891 -0.1390199 0.2844894 -0.1840195 0 0.2032473 -0.2362661 -0.0456531 0.2102286 -0.2407802 -0.07318985 0.2173181 -0.2105347 -0.02346628 0.2080295 -0.3154343 0 0.2054798 -0.317866 -0.1418619 0.3653359 -0.2760221 -0.1615163 0.3088697 -0.2280846 -0.1603037 0.3260487 -0.2890253 -0.122815 0.3645092 -0.3396653 -0.115523 0.3995102 -0.2726216 -0.09992021 0.3922271 -0.3333441 -0.1401997 0.3221823 -0.3522658 -0.170367 0.2671005 -0.3049798 -0.1472567 0.2717434 -0.3679 -0.1702262 0.2517803 -0.243186 -0.1015995 0.3175125 -0.3949512 -0.1030823 0.2671531 -0.4076244 -0.09428262 0.3506774 -0.381011 -0.08210468 0.3744967 -0.3684439 -0.06166821 0.3797873 -0.3711595 -0.06387305 0.3432171 -0.3920123 -0.06554847 0.3067461 -0.4013695 -0.06658351 0.2547785 -0.4013512 0.05935478 0.1337102 -0.3958074 0.06187897 0.09993368 -0.4013592 0.1023676 0.1399347 -0.4203811 0.1029253 0.1067438 -0.4279569 0.05154109 0.09218478 -0.3559526 0.04733401 0.1226852 -0.3478206 0.06539875 0.08316731 -0.3112901 0.06252837 0.1129267 -0.3001394 0.1028085 0.0804063 -0.2885991 0.1032269 0.108549 -0.2772706 0.07362729 0.07110196 -0.3026794 0.1031119 0.06872206 -0.2877292 0.05285495 0.07112288 -0.3612774 0.06359243 0.07634043 -0.4072743 0.1031973 0.07887703 -0.4324134 0.1418202 0.08453524 -0.3090503 0.1474779 0.1143981 -0.2994304 0.1597049 0.1253549 -0.3463583 0.1538022 0.09245347 -0.3553637 0.1429419 0.1354862 -0.3945496 0.1432956 0.1013473 -0.3995812 0.1439913 0.07642281 -0.4032219 0.1538003 0.07055515 -0.3593255 0.1473207 0.07116043 -0.3177554 0.1029253 0.1067438 -0.4279569 0.1023676 0.1399347 -0.4203811 0.1031973 0.07887703 -0.4324134 0.1326087 0.07157301 -0.3011874 0.1024859 0.1733511 -0.4128867 0.1439255 0.1708465 -0.3879464 0.1648042 0.1626303 -0.3367792 0.1559705 0.1474155 -0.2833005 0.1051843 0.140308 -0.2565789 0.1366 0.1651238 -0.2482852 0.1067286 0.1610841 -0.2386243 0.05919438 0.1418434 -0.2852712 0.04312127 0.1523203 -0.3380675 0.05645757 0.1654537 -0.3898829 0.1024859 0.1733511 -0.4128867 0.07658594 0.161775 -0.2516593 0.03593683 0.1891097 -0.3249469 0.05071705 0.1819965 -0.2602304 0.02346628 0.2080295 -0.3154343 0.0456531 0.2102286 -0.2407802 0.04942208 0.2074 -0.3813204 0.04265081 0.2378712 -0.3805713 0.06658351 0.2547785 -0.4013512 0.07422941 0.1862751 -0.2336566 0.07318985 0.2173181 -0.2105347 0.1088453 0.1851451 -0.2167283 0.1102855 0.2083368 -0.1990994 0.1104671 0.2361646 -0.1872891 0.1404904 0.1907371 -0.2298294 0.147404 0.232892 -0.2090058 0.168282 0.1993579 -0.262349 0.1702262 0.2517803 -0.243186 0.170367 0.2671005 -0.3049798 0.1700675 0.2099854 -0.3224492 0.1472567 0.2717434 -0.3679 0.1474176 0.2180681 -0.3792136 0.1030823 0.2671531 -0.4076244 0.1020023 0.2160372 -0.411515 0.1292924 0.2325106 -0.1936184 0.1033377 0.02926862 -0.4253822 0.06657022 0.02562099 -0.4110278 0.1033192 0.01354807 -0.4153572 0.06994158 0.008739173 -0.4039716 0.0521872 0.01396024 -0.3721358 0.05907714 0 -0.3726796 0.04962784 0 -0.3198202 0.04634279 0.01248353 -0.3185181 0.05390149 0.049344 -0.3654662 0.04668378 0.03691047 -0.312004 0.06401944 0.05177807 -0.4116677 0.1040087 0.05262899 -0.4330732 0.06359243 0.07634043 -0.4072743 0.05285495 0.07112288 -0.3612774 0.1031973 0.07887703 -0.4324134 0.05201184 0.003504157 -0.2907657 0.04898935 0.01261758 -0.2832476 0.04945212 0.03357112 -0.2804899 0.05165833 0.04752147 -0.2972902 0.06231611 0.01112473 -0.2674398 0.06418597 0.03295791 -0.2636486 0.06467044 0.002305448 -0.2798159 0.06582939 0.05035674 -0.2771666 0.06931233 0.06195801 -0.2932592 0.05748862 0.0583328 -0.3165188 0.07833635 0.002986669 -0.2779797 0.07692599 0.01155847 -0.2656494 0.08298677 0.005550503 -0.2787249 0.08291143 0.01555162 -0.2674217 0.07688796 0.03326696 -0.2615242 0.08321225 0.03242677 -0.2640793 0.08871728 0.01214975 -0.26121 0.08899712 0.03430962 -0.2579861 0.1032891 0.01165646 -0.2566484 0.1035861 0.002047657 -0.2704277 0.08713126 0.003603041 -0.2742839 0.1034803 0.03520429 -0.2542384 0.1201883 0.03459513 -0.2583899 0.1200497 0.01264441 -0.2610762 0.1252188 0.01554059 -0.2668544 0.1249359 0.03419679 -0.2639478 0.1302675 0.03318607 -0.261892 0.1303691 0.01204788 -0.2661929 0.1204714 0.002998471 -0.274153 0.1248928 0.00519216 -0.2787503 0.1289427 0.003486156 -0.278114 0.1034771 0.05311626 -0.2664464 0.1246953 0.05050981 -0.2708437 0.08399128 0.05026662 -0.271908 0.1214826 0.0624901 -0.2811325 0.1031119 0.06872206 -0.2877292 0.08447867 0.0613259 -0.2804851 0.1445695 0.0336157 -0.2640129 0.1449039 0.01051342 -0.2673245 0.1585617 0.03383225 -0.2792244 0.1591266 0.01240283 -0.2819222 0.1615863 0.03857481 -0.3110217 0.1623783 0.01407307 -0.3191608 0.1549295 0.05096089 -0.3552992 0.1561689 0.0155496 -0.3707786 0.1587937 0 -0.3203947 0.1495336 0 -0.3768652 0.135752 0.008967101 -0.4021042 0.1407624 0.02777349 -0.4092879 0.1437817 0.05255812 -0.4077601 0.1033377 0.02926862 -0.4253822 0.1040087 0.05262899 -0.4330732 0.1033192 0.01354807 -0.4153572 0.1031973 0.07887703 -0.4324134 0.1439913 0.07642281 -0.4032219 0.1538003 0.07055515 -0.3593255 0.155407 0.002770721 -0.2906957 0.1425136 0.002032399 -0.2807157 0.1473207 0.07116043 -0.3177554 0.1503235 0.05866748 -0.3113873 0.1558931 0.04764151 -0.2922813 0.1373057 0.06222355 -0.2917233 0.1413686 0.05070525 -0.276582 0.1326087 0.07157301 -0.3011874 0.07362729 0.07110196 -0.3026794 0.05982357 0.0710451 -0.3218414 0.1034878 0 -0.3803301 0.05907714 0 -0.3726796 0.1035154 0 -0.3275491 0.04962784 0 -0.3198202 0.06994158 0.008739173 -0.4039716 0.1033192 0.01354807 -0.4153572 0.135752 0.008967101 -0.4021042 0.1495336 0 -0.3768652 0.1587937 0 -0.3203947 0.08367186 0 -0.3010321 0.06847435 0 -0.2990798 0.05201184 0.003504157 -0.2907657 0.06467044 0.002305448 -0.2798159 0.1241969 0 -0.3012864 0.1407888 0 -0.2989802 0.155407 0.002770721 -0.2906957 0.1425136 0.002032399 -0.2807157 0.1289427 0.003486156 -0.278114 0.1248928 0.00519216 -0.2787503 0.1204714 0.002998471 -0.274153 0.1036389 0 -0.3004179 0.08713126 0.003603041 -0.2742839 0.08298677 0.005550503 -0.2787249 0.07833635 0.002986669 -0.2779797 0.1035861 0.002047657 -0.2704277 0.111024 0.1301003 -0.0514968 0.06900298 0.1296082 -0.02864068 0.1098488 0.1009183 -0.04546731 0.06923562 0.1002025 -0.02279448 0.1542006 0.1304579 -0.02486819 0.1513061 0.1005603 -0.02138811 0.06011116 0 0.07615023 0.1066835 0 0.07434761 0.05881541 0 0.04148167 0.1076593 0 0.04065859 0.06821471 0 0.007507264 0.1085438 0 -0.01238179 0.1480816 0 0.007334113 0.1539956 0 0.04102963 0.1541931 0 0.07628339 0.135716 0 0.1011357 0.1066386 0 0.1101819 0.0789116 0 0.1017745 0.05243843 0.009807348 0.07794702 0.06011116 0 0.07615023 0.05215877 0.009652256 0.04166632 0.05881541 0 0.04148167 0.05065041 0.03085607 0.0359829 0.05455893 0.0622614 0.02915507 0.0547527 0.2149031 0.07336443 0.04326826 0.1892422 0.01964706 0.02926641 0.2112967 0.06791561 0.03120666 0.1874214 0.01911914 0 0.2051205 0.06308013 0 0.1829779 0.01716732 0 0.2268775 0.09114289 0.02033692 0.2274755 0.09054207 0.03077518 0.2507677 0.1054988 0 0.2571633 0.1098624 0 0.3033202 0.1180444 0.03436517 0.3587223 0.1143957 0 0.3548728 0.1168598 0 0.4006783 0.1070715 -0.02033692 0.2274755 0.09054207 -0.02926641 0.2112967 0.06791561 -0.03120666 0.1874214 0.01911914 -0.04326826 0.1892422 0.01964706 -0.0547527 0.2149031 0.07336443 -0.03077518 0.2507677 0.1054988 -0.04387235 0.3036732 0.1164333 -0.07240015 0.2570943 0.1066377 -0.1019234 0.307112 0.1078543 -0.08268171 0.3468414 0.1068286 -0.1306154 0.3477798 0.07294166 -0.1116238 0.3825792 0.07236903 -0.1491535 0.3600665 0.01285129 -0.1297146 0.3962319 0.008158266 -0.05813664 0.380484 0.1047764 -0.07820427 0.4187858 0.07322692 -0.03439939 0.3960562 0.1053438 -0.04165798 0.438606 0.07445538 -0.09050446 0.4386646 -0.001713693 -0.04374212 0.4647523 -0.01057922 -0.04599779 0.4515411 -0.07002526 -0.09372192 0.4297354 -0.07015299 -0.1257344 0.3916649 -0.0684148 -0.1447396 0.3404405 -0.0693407 -0.1495397 0.3250866 -0.04656291 -0.146682 0.2719404 -0.07632964 -0.1476058 0.2686168 -0.06097352 -0.1164385 0.2150177 -0.07048392 -0.1172254 0.2134927 -0.05959624 -0.06731414 0.1839156 -0.03610467 -0.05616164 0.1801051 -0.04739302 -0.03120666 0.1874214 0.01911914 -0.04326826 0.1892422 0.01964706 0 0.1717069 -0.0420227 0 0.1829779 0.01716732 0.05982357 0.0710451 -0.3218414 0.150355 0.2786928 -0.1994389 0.147404 0.232892 -0.2090058 0.1292924 0.2325106 -0.1936184 0.1020023 0.2160372 -0.411515 0.1030823 0.2671531 -0.4076244 -0.0789116 0 0.1017745 -0.1066386 0 0.1101819 -0.07819539 0.009533047 0.1064544 -0.1067128 0.009317815 0.1168364 -0.1067161 0.02897948 0.1130017 -0.07815605 0.02907842 0.102638 -0.136446 0.009375154 0.1066171 -0.135716 0 0.1011357 -0.1366618 0.02944159 0.1027759 -0.1067207 0.04269355 0.1057746 -0.1376042 0.04370576 0.09241634 -0.07758724 0.04329353 0.09268248 -0.05155396 0.02967786 0.07277107 -0.05349767 0.04449629 0.06523936 -0.1067249 0.06028717 0.09321957 -0.1474798 0.0618081 0.07061725 -0.1612422 0.04500859 0.06558346 -0.0669173 0.06135505 0.06992739 -0.161863 0.00933969 0.07832294 -0.1630491 0.02989894 0.07389467 -0.1632187 0.009025096 0.04143542 -0.1541931 0 0.07628339 -0.1539956 0 0.04102963 -0.1480816 0 0.007334113 -0.1512048 0.01168543 0.002448081 -0.1652256 0.03051292 0.03620773 -0.1502602 0.03151261 -0.006066739 -0.1087884 0.01351153 -0.02061271 -0.1088017 0.03327286 -0.0281071 -0.06733846 0.03167206 -0.005293309 -0.06582963 0.01219582 0.003218472 -0.1085438 0 -0.01238179 -0.06821471 0 0.007507264 -0.05215877 0.009652256 0.04166632 -0.05881541 0 0.04148167 -0.05065041 0.03085607 0.0359829 -0.1615474 0.06238728 0.02899473 -0.1486841 0.06332039 -0.01571559 -0.05455893 0.0622614 0.02915507 -0.06941229 0.06343007 -0.01509964 -0.1088184 0.06480425 -0.03758221 -0.06792378 0.07326102 0.06794667 -0.1067354 0.07311713 0.09043669 -0.06691992 0.129244 0.06848239 -0.1066125 0.1295149 0.09292578 -0.05488228 0.07349449 0.02767693 -0.05252462 0.1293542 0.02338272 -0.0669173 0.06135505 0.06992739 -0.1067249 0.06028717 0.09321957 -0.05455893 0.0622614 0.02915507 -0.1474798 0.0618081 0.07061725 -0.1466693 0.07330185 0.06881189 -0.1615474 0.06238728 0.02899473 -0.1612898 0.07343792 0.02760332 -0.1478031 0.1291446 0.06872451 -0.163926 0.1291916 0.02320671 -0.1513061 0.1005603 -0.02138811 -0.1487451 0.07410711 -0.01830899 -0.1486841 0.06332039 -0.01571559 -0.108809 0.07509839 -0.04013252 -0.1098488 0.1009183 -0.04546731 -0.06923562 0.1002025 -0.02279448 -0.06944149 0.07418453 -0.01762187 -0.05488228 0.07349449 0.02767693 -0.05252462 0.1293542 0.02338272 -0.06941229 0.06343007 -0.01509964 -0.05455893 0.0622614 0.02915507 -0.1088184 0.06480425 -0.03758221 -0.1674399 0.2073992 0.02219247 -0.1483002 0.2074447 0.0731067 -0.1068519 0.2069115 0.101086 -0.1481111 0.2549579 0.0739324 -0.06561666 0.2053252 0.0824505 -0.05014961 0.1755039 0.02229297 -0.0547527 0.2149031 0.07336443 -0.04326826 0.1892422 0.01964706 -0.1679725 0.2673246 0.02279984 -0.14388 0.2994517 0.0731762 -0.1629546 0.3132169 0.01964765 -0.1306154 0.3477798 0.07294166 -0.1019234 0.307112 0.1078543 -0.1086588 0.2648079 0.1071166 -0.1491535 0.3600665 0.01285129 -0.1495397 0.3250866 -0.04656291 -0.1610786 0.3006708 -0.02309316 -0.1609979 0.2558786 -0.0339924 -0.1476058 0.2686168 -0.06097352 -0.07240015 0.2570943 0.1066377 -0.08528506 0.240121 0.1057745 -0.1589094 0.2021926 -0.03128182 -0.1212401 0.1921238 -0.0552845 -0.1559848 0.1576383 -0.02729833 -0.1158013 0.1591044 -0.05326807 -0.071783 0.1708621 -0.03357821 -0.06731414 0.1839156 -0.03610467 -0.05014961 0.1755039 0.02229297 -0.04326826 0.1892422 0.01964706 -0.1172254 0.2134927 -0.05959624 -0.07054966 0.1525602 -0.03138768 -0.06900298 0.1296082 -0.02864068 -0.111024 0.1301003 -0.0514968 -0.1542006 0.1304579 -0.02486819 -0.05935478 0.1337102 -0.3958074 -0.1023676 0.1399347 -0.4203811 -0.06187897 0.09993368 -0.4013592 -0.1029253 0.1067438 -0.4279569 -0.05154109 0.09218478 -0.3559526 -0.04733401 0.1226852 -0.3478206 -0.06539875 0.08316731 -0.3112901 -0.06252837 0.1129267 -0.3001394 -0.1028085 0.0804063 -0.2885991 -0.1032269 0.108549 -0.2772706 -0.07362729 0.07110196 -0.3026794 -0.1031119 0.06872206 -0.2877292 -0.05285495 0.07112288 -0.3612774 -0.06359243 0.07634043 -0.4072743 -0.1031973 0.07887703 -0.4324134 -0.1418202 0.08453524 -0.3090503 -0.1474779 0.1143981 -0.2994304 -0.1597049 0.1253549 -0.3463583 -0.1538022 0.09245347 -0.3553637 -0.1429419 0.1354862 -0.3945496 -0.1432956 0.1013473 -0.3995812 -0.1439913 0.07642281 -0.4032219 -0.1538003 0.07055515 -0.3593255 -0.1473207 0.07116043 -0.3177554 -0.1029253 0.1067438 -0.4279569 -0.1023676 0.1399347 -0.4203811 -0.1031973 0.07887703 -0.4324134 -0.1326087 0.07157301 -0.3011874 -0.1024859 0.1733511 -0.4128867 -0.1439255 0.1708465 -0.3879464 -0.1648042 0.1626303 -0.3367792 -0.1559705 0.1474155 -0.2833005 -0.1051843 0.140308 -0.2565789 -0.1366 0.1651238 -0.2482852 -0.1067286 0.1610841 -0.2386243 -0.05919438 0.1418434 -0.2852712 -0.04312127 0.1523203 -0.3380675 -0.05645757 0.1654537 -0.3898829 -0.1024859 0.1733511 -0.4128867 -0.07658594 0.161775 -0.2516593 -0.03593683 0.1891097 -0.3249469 -0.05071705 0.1819965 -0.2602304 -0.02346628 0.2080295 -0.3154343 -0.0456531 0.2102286 -0.2407802 -0.04942208 0.2074 -0.3813204 -0.04265075 0.2378711 -0.3805713 -0.07422941 0.1862751 -0.2336566 -0.07318985 0.2173181 -0.2105347 -0.1088453 0.1851451 -0.2167283 -0.1102855 0.2083368 -0.1990994 -0.1104671 0.2361646 -0.1872891 -0.1292924 0.2325106 -0.1936184 -0.1404904 0.1907371 -0.2298294 -0.147404 0.232892 -0.2090058 -0.168282 0.1993579 -0.262349 -0.1702262 0.2517803 -0.243186 -0.170367 0.2671005 -0.3049798 -0.1700675 0.2099854 -0.3224492 -0.1472567 0.2717434 -0.3679 -0.1474176 0.2180681 -0.3792136 -0.1030823 0.2671531 -0.4076244 -0.1020023 0.2160372 -0.411515 -0.04962784 0 -0.3198202 -0.05907714 0 -0.3726796 -0.1035154 0 -0.3275491 -0.1034878 0 -0.3803301 -0.06994158 0.008739173 -0.4039716 -0.1033192 0.01354807 -0.4153572 -0.135752 0.008967101 -0.4021042 -0.1495336 0 -0.3768652 -0.1587937 0 -0.3203947 -0.08367186 0 -0.3010321 -0.06847435 0 -0.2990798 -0.05201184 0.003504157 -0.2907657 -0.06467044 0.002305448 -0.2798159 -0.1241969 0 -0.3012864 -0.1407888 0 -0.2989802 -0.155407 0.002770721 -0.2906957 -0.1425136 0.002032399 -0.2807157 -0.1289427 0.003486156 -0.278114 -0.1248928 0.00519216 -0.2787503 -0.1204714 0.002998471 -0.274153 -0.1036389 0 -0.3004179 -0.08713126 0.003603041 -0.2742839 -0.08298677 0.005550503 -0.2787249 -0.07833635 0.002986669 -0.2779797 -0.1035861 0.002047657 -0.2704277 -0.1623783 0.01407307 -0.3191608 -0.1587937 0 -0.3203947 -0.1561689 0.0155496 -0.3707786 -0.1495336 0 -0.3768652 -0.135752 0.008967101 -0.4021042 -0.1407624 0.02777349 -0.4092879 -0.1437817 0.05255812 -0.4077601 -0.1549295 0.05096089 -0.3552992 -0.1615863 0.03857481 -0.3110217 -0.1538003 0.07055515 -0.3593255 -0.1439913 0.07642281 -0.4032219 -0.1031973 0.07887703 -0.4324134 -0.1040087 0.05262899 -0.4330732 -0.1591266 0.01240283 -0.2819222 -0.1585617 0.03383225 -0.2792244 -0.155407 0.002770721 -0.2906957 -0.1425136 0.002032399 -0.2807157 -0.1449039 0.01051342 -0.2673245 -0.1445695 0.0336157 -0.2640129 -0.1413686 0.05070525 -0.276582 -0.1558931 0.04764151 -0.2922813 -0.1373057 0.06222355 -0.2917233 -0.1503235 0.05866748 -0.3113873 -0.1303691 0.01204788 -0.2661929 -0.1302675 0.03318607 -0.261892 -0.1252188 0.01554059 -0.2668544 -0.1249359 0.03419679 -0.2639478 -0.1201883 0.03459513 -0.2583899 -0.1200497 0.01264441 -0.2610762 -0.1032891 0.01165646 -0.2566484 -0.1034803 0.03520429 -0.2542384 -0.08899712 0.03430962 -0.2579861 -0.08871728 0.01214975 -0.26121 -0.08321225 0.03242677 -0.2640793 -0.08291143 0.01555162 -0.2674217 -0.07688796 0.03326696 -0.2615242 -0.07692599 0.01155847 -0.2656494 -0.1035861 0.002047657 -0.2704277 -0.08713126 0.003603041 -0.2742839 -0.1204714 0.002998471 -0.274153 -0.1248928 0.00519216 -0.2787503 -0.1289427 0.003486156 -0.278114 -0.08298677 0.005550503 -0.2787249 -0.07833635 0.002986669 -0.2779797 -0.1034771 0.05311626 -0.2664464 -0.08399128 0.05026662 -0.271908 -0.08447867 0.0613259 -0.2804851 -0.1031119 0.06872206 -0.2877292 -0.1214826 0.0624901 -0.2811325 -0.1246953 0.05050981 -0.2708437 -0.06582939 0.05035674 -0.2771666 -0.06418597 0.03295791 -0.2636486 -0.04945212 0.03357112 -0.2804899 -0.06231611 0.01112473 -0.2674398 -0.04898935 0.01261758 -0.2832476 -0.04668378 0.03691047 -0.312004 -0.05165833 0.04752147 -0.2972902 -0.04634279 0.01248353 -0.3185181 -0.05390149 0.049344 -0.3654662 -0.0521872 0.01396024 -0.3721358 -0.04962784 0 -0.3198202 -0.05907714 0 -0.3726796 -0.06994158 0.008739173 -0.4039716 -0.06657022 0.02562099 -0.4110278 -0.06401944 0.05177807 -0.4116677 -0.06359243 0.07634043 -0.4072743 -0.05285495 0.07112288 -0.3612774 -0.1031973 0.07887703 -0.4324134 -0.1040087 0.05262899 -0.4330732 -0.05201184 0.003504157 -0.2907657 -0.06467044 0.002305448 -0.2798159 -0.1033377 0.02926862 -0.4253822 -0.1033192 0.01354807 -0.4153572 -0.05982357 0.0710451 -0.3218414 -0.05748862 0.0583328 -0.3165188 -0.07362729 0.07110196 -0.3026794 -0.06931233 0.06195801 -0.2932592 -0.1326087 0.07157301 -0.3011874 -0.1473207 0.07116043 -0.3177554 -0.1076593 0 0.04065859 -0.1066835 0 0.07434761 -0.05881541 0 0.04148167 -0.06011116 0 0.07615023 -0.06821471 0 0.007507264 -0.1085438 0 -0.01238179 -0.1480816 0 0.007334113 -0.1539956 0 0.04102963 -0.1541931 0 0.07628339 -0.135716 0 0.1011357 -0.1066386 0 0.1101819 -0.0789116 0 0.1017745 -0.05881541 0 0.04148167 -0.06011116 0 0.07615023 -0.05215877 0.009652256 0.04166632 -0.05243843 0.009807348 0.07794702 -0.05065041 0.03085607 0.0359829 -0.05455893 0.0622614 0.02915507 -0.05982357 0.0710451 -0.3218414 -0.147404 0.232892 -0.2090058 -0.150355 0.2786928 -0.1994389 -0.1292924 0.2325106 -0.1936184 -0.06658351 0.2547785 -0.4013512 -0.1020023 0.2160372 -0.411515 -0.1030823 0.2671531 -0.4076244 -0.03436517 0.3587223 0.1143957 -0.1033377 0.02926862 -0.4253822 -0.1033192 0.01354807 -0.4153572</float_array>
          <technique_common>
            <accessor source="#pm0058_00_41_BodySkin-mesh-positions-array" count="792" stride="3">
              <param name="X" type="float"/>
              <param name="Y" type="float"/>
              <param name="Z" type="float"/>
            </accessor>
          </technique_common>
        </source>
        <source id="pm0058_00_41_BodySkin-mesh-normals">
          <float_array id="pm0058_00_41_BodySkin-mesh-normals-array" count="2376">-8.38198e-4 -0.959928 0.2802457 -0.5638383 -0.0422728 0.8248026 -0.1736506 -0.9599684 0.2197866 -0.001635134 -0.08038741 0.9967623 -0.002220034 0.3032829 0.952898 -0.5549937 0.2931746 0.7784798 0.548405 -0.05780309 0.8342128 0.1752119 -0.9561068 0.2348632 0.5400758 0.2917622 0.7894257 -0.001951336 0.541844 0.8404768 0.476597 0.5338729 0.698452 -0.4928543 0.5278581 0.6917084 -0.9149541 0.1585825 0.3710938 -0.8859972 0.3551309 0.2981459 -0.008903503 0.4981658 0.8670361 0.6888451 0.4157403 0.5938454 -0.7030422 0.4163799 0.5765063 0.9023035 -0.1824989 0.3905671 0.9093309 0.1483836 0.3887155 0.9425989 -0.3181879 -0.1013097 0.2115174 -0.9748883 0.06966549 0.1726649 -0.984848 -0.01616764 0.2307903 -0.9531181 -0.1957088 0.7359173 -0.3012487 -0.6063621 0.987904 -0.004231512 -0.1550092 0.7526125 -0.175133 -0.6347464 -0.007371842 -0.4181081 -0.9083675 -0.008678317 -0.3049174 -0.9523394 -0.7418346 -0.1701952 -0.6486255 -0.7295191 -0.2736225 -0.6268434 -0.005475163 -0.9459097 -0.3243837 -0.2279223 -0.9517719 -0.2053822 -0.9564835 -0.2581613 -0.1359859 -0.1991471 -0.9796496 -0.02504444 -0.9804719 -5.35615e-4 -0.1966584 0.9910096 0.08490544 -0.1033973 0.7428648 -0.1647417 -0.6488544 -0.9860797 0.08531069 -0.1427205 -0.7344774 -0.1603342 -0.6594209 -0.00760585 -0.2740084 -0.9616972 0.881605 0.3572197 0.3084911 -0.008003175 0.01903134 0.9997869 -0.7934663 -0.07899373 0.6034661 -0.7725247 0.01310545 0.6348496 0.02363765 -0.08825856 0.9958171 -0.9994076 -0.03135401 0.0141955 -0.9989723 -0.04428362 -0.00966686 -0.7030462 0.4163791 0.5765022 -0.0088979 0.4981477 0.8670465 -0.9860813 0.08530247 -0.1427139 0.6888335 0.4157671 0.5938401 0.755308 0.01443946 0.6552109 0.9910098 0.08492159 -0.1033835 0.9969089 -0.03438919 0.07064163 0.7745674 -0.03581464 0.6314767 0.9949204 -0.04669874 0.08917802 0.7428398 -0.1647486 -0.6488813 0.77674 -0.1497647 -0.6117562 -0.007605314 -0.2739991 -0.9616999 -0.002409517 -0.2074394 -0.978245 -0.7826174 -0.1317493 -0.6084013 -0.7344681 -0.160337 -0.6594307 -0.9994077 -0.03135347 0.0141893 -0.9860855 0.08529865 -0.1426869 0.9932061 -0.03101384 0.1121599 0.788115 -0.03527659 0.6145164 0.1943801 -0.1292687 0.9723713 0.8117305 0.0118947 0.5839112 0.8891361 -0.08688259 -0.4493202 0.8600202 -0.07695561 -0.5044236 0.2562638 -0.1558721 -0.9539565 0.9345148 -0.07419037 -0.3481062 0.06894367 -0.07355302 -0.9949055 -0.6842983 -0.1450522 -0.7146298 -0.08455127 -0.9230669 -0.3752315 -0.9870065 -0.1460212 0.06705236 -0.4736169 -0.8523688 0.2217084 0.3186419 -0.4843343 -0.8147931 -0.7939668 -0.02989977 -0.6072254 -0.9989721 -0.04428327 -0.00968647 -0.6923927 -0.1722348 0.7006623 -0.9870085 -0.1460158 0.06703513 -0.3064295 -0.6689861 0.6771696 -0.4735943 -0.8523846 0.2216958 -0.2305061 -0.247624 0.9410363 0.004964649 -0.2728235 0.9620513 0.4579523 -0.01849728 0.8887844 0.4068678 0.09983587 0.9080152 0.8122001 0.1563145 0.5620471 0.765295 0.3216062 0.5575778 0.9633139 0.2232177 0.1489976 0.9160099 0.3931196 0.07989305 0.9730086 0.149266 -0.1759945 0.9692667 0.1319807 -0.2076134 0.9894212 0.03980261 0.1395049 0.9079002 -0.1825767 -0.377337 0.4068823 0.09983217 0.9080091 0.08926844 -0.05732339 0.9943568 0.004980564 -0.2728347 0.9620481 0.3613661 0.2307827 0.9034124 0.7652829 0.321617 0.5575882 0.6736098 0.5000844 0.5442109 0.9160144 0.3931085 0.07989597 0.8035703 0.5874913 0.09554582 0.3555183 0.365126 0.8604009 0.5417602 0.6735827 0.5027747 0.1907492 0.4431418 0.8759225 0.2816017 0.826179 0.4879845 0.5982965 0.7939591 0.10803 0.3179274 0.9450153 0.07660514 1.64658e-6 0.8649762 0.501813 0 0.9959808 0.08956748 0.3023636 0.9392758 -0.1622874 0.6038082 0.7913168 -0.09609186 -1.58976e-7 0.9797722 -0.2001165 0.8601349 0.5055854 -0.06746321 0.9701858 0.2316889 -0.07113337 0.9730111 0.1492605 -0.1759849 0.9690245 -0.2326412 -0.08288222 0.9079073 -0.1825788 -0.3773189 0.6605905 -0.7417454 -0.1159062 0.3186457 -0.4843383 -0.8147892 -0.08458799 -0.9230649 -0.375228 0.2778594 -0.9605948 -0.00721091 0.134028 -0.9521681 0.2746134 -0.4735984 -0.8523874 0.2216762 4.36604e-6 -0.9988712 0.04750275 -2.47359e-6 -0.9555386 0.2948663 0 0.9894606 -0.1448029 0.267763 0.9548978 -0.1283488 -1.30909e-7 0.9961237 -0.08796387 0.2470542 0.966031 -0.07581776 0.5924658 0.7994564 -0.0992664 0.5706265 0.8198655 -0.04696929 0.2183079 0.9750837 -0.03941696 0 0.9989546 -0.04571574 0.5184269 0.8550919 -0.00717616 0.8586403 0.5098056 -0.05324697 0.8454013 0.5337359 -0.02056068 0.9880827 0.1519361 -0.02466005 0.9858399 0.1636404 -0.03663104 0.9627032 -0.2493377 -0.1050399 0.9636715 -0.2514915 -0.08994102 0.928357 0.3395317 0.1512337 0.8074186 0.5877106 0.05168777 0.6697367 -0.7216039 -0.1753301 0.6939506 -0.7045809 -0.148319 0.3393904 -0.9308565 -0.1353528 0.3346761 -0.9212116 -0.1983968 1.55419e-5 -0.9782693 -0.2073382 -1.6585e-5 -0.9922038 -0.1246261 0.6095507 -0.709735 0.3531633 0.9694533 -0.1281611 0.2091292 -2.17408e-5 -0.9915926 -0.1293995 -0.139592 -0.9875687 0.07226496 0.2091355 -0.9598616 0.1868909 -0.3742142 -0.9112231 -0.1721521 2.2443e-5 -0.9607832 -0.2773009 0.854735 0.5153989 -0.06158065 0.9432584 0.2380323 0.2315263 0.9423106 0.3123576 -0.1203476 0.7451943 0.5339664 -0.3994565 0.6831533 0.7223514 -0.1072851 0.5709067 0.7272102 -0.3810916 0.8239051 0.3407097 -0.4528766 0.9809452 0.12321 -0.1502189 0.8288343 0.1847473 -0.528112 0.9812541 -0.01181572 0.1923561 0.4901357 0.3109238 -0.8143055 0.3677653 0.1363615 -0.9198665 0.4966744 0.4890604 -0.7170317 0.4178649 0.8978509 -0.1387538 0.3241138 0.85567 -0.4034587 0.1800878 0.9717695 -0.1524215 0.1367837 0.8923884 -0.4300388 0 0.9064709 -0.4222685 1.30283e-7 0.9874824 -0.157729 0.08701401 0.6296349 -0.7720031 2.516e-7 0.6115535 -0.7912031 1.73337e-7 0.2753797 -0.9613355 -0.0277754 0.2805279 -0.959444 -1.19414e-7 -0.1183978 -0.9929663 -0.09843075 -0.1128846 -0.9887207 -3.96651e-6 -0.6864767 -0.7271519 -0.09255707 -0.7020263 -0.7061107 1.13118e-5 -0.9607843 -0.2772973 -0.3742265 -0.9112193 -0.1721456 0.1789273 0.6287285 -0.75676 0.3984916 0.6310627 -0.6655557 0.07078385 0.3892703 -0.9184 -0.06822216 0.1314671 -0.9889703 -0.3475016 -0.106189 -0.9316473 -0.6991263 -0.3047802 -0.6467856 0.09255772 -0.7020263 -0.7061107 0.3742268 -0.9112191 -0.1721454 0.6991273 -0.3047795 -0.6467847 0.09843075 -0.1128849 -0.9887207 0.02777516 0.2805278 -0.959444 -0.08700716 0.6296765 -0.7719699 -0.1367837 0.8923884 -0.4300386 -0.1800832 0.9717624 -0.1524726 -0.3241158 0.8556695 -0.4034585 -0.4178654 0.8978507 -0.138754 -0.2183079 0.9750836 -0.03941696 -0.5184084 0.8551028 -0.007221639 -0.2470542 0.9660311 -0.07581752 -0.2677628 0.9548979 -0.1283481 -0.5924658 0.7994564 -0.09926635 -0.5706264 0.8198654 -0.04696977 -0.8586919 0.5097215 -0.05321913 -0.8453588 0.5338007 -0.02062648 -0.9880892 0.1518903 -0.02468264 -0.9858399 0.1636404 -0.03663104 -0.9627032 -0.249338 -0.1050393 -0.9636715 -0.2514915 -0.0899409 -0.9283571 0.3395318 0.1512333 -0.807419 0.5877102 0.05168676 -0.6697374 -0.7216043 -0.1753259 -0.6939505 -0.7045807 -0.1483196 -0.3393733 -0.9308423 -0.1354933 -0.3346762 -0.9212114 -0.1983969 -1.56015e-5 -0.9782696 -0.2073373 1.65999e-5 -0.9922039 -0.1246256 -0.6095508 -0.709735 0.3531631 -0.9694533 -0.1281604 0.2091299 2.17706e-5 -0.9915926 -0.1293997 0.139592 -0.9875687 0.07226508 -0.2091356 -0.9598615 0.186891 0.3742143 -0.9112231 -0.1721521 -2.25082e-5 -0.9607831 -0.2773009 -0.8547348 0.5153992 -0.06158095 -0.9432587 0.2380306 0.2315264 -0.9423105 0.3123577 -0.1203481 -0.7451933 0.5339693 -0.3994544 -0.6831483 0.7223638 -0.1072338 -0.5709044 0.7272126 -0.3810907 -0.8239053 0.3407062 -0.452879 -0.9809453 0.12321 -0.150219 -0.8288344 0.1847475 -0.5281119 -0.9812541 -0.01181566 0.1923561 -0.4901357 0.3109257 -0.8143048 -0.3677653 0.1363615 -0.9198665 -0.4966745 0.4890598 -0.7170321 -0.3984916 0.6310627 -0.6655557 -0.1789276 0.6287286 -0.7567599 -0.07078331 0.3892709 -0.9183998 0.06822258 0.1314672 -0.9889702 0.3475018 -0.1061888 -0.9316473 0.006179332 0.203593 -0.9790361 -0.813608 0.0658524 -0.5776727 -0.7957999 0.03656852 -0.6044547 0.02347755 0.188211 -0.981848 -0.9956799 -0.09081321 -0.01935589 -0.9910976 -0.1326212 -0.01171964 -0.8181457 -0.1885646 0.5432136 -0.7892693 -0.31463 0.5273157 -0.04027765 -0.2659392 0.9631481 -0.02095431 -0.4782261 0.8779868 -0.5732817 0.4601113 0.6779717 -0.02436226 0.6475474 0.7616358 -0.9971671 -0.03261196 -0.06778234 -0.8075886 0.08401262 -0.5837315 0.03646379 0.1161273 -0.9925648 0.8037835 -0.2104229 0.5564661 0.780474 -0.3726894 0.5019593 0.9883891 -0.1243788 -0.08727484 0.9959511 -0.07064551 -0.05559313 0.7987225 0.08927154 -0.5950404 0.8220812 0.09700787 -0.5610456 0.8247954 0.09986215 -0.5565432 0.9973869 0.02786803 -0.06665396 0.9452512 0.1894741 0.2657063 0.02347868 0.1882177 -0.9818467 0.006161868 0.2035894 -0.9790369 0.03647297 0.1161392 -0.9925631 0.5179963 0.4379063 0.7347911 -0.008593797 0.1168774 -0.9931092 0.7828637 0.05497872 -0.6197595 0.9861853 -0.0934664 -0.1367582 0.8492622 -0.3876031 0.3584937 0.0139538 -0.6297752 0.7766522 0.5377329 -0.5659062 0.6249749 -0.009619593 -0.6508966 0.7591055 -0.8074498 -0.3988879 0.4346417 -0.9859032 -0.1655554 -0.02421528 -0.782086 0.02242875 -0.6227669 -0.008625268 0.11686 -0.993111 -0.4691212 -0.5912363 0.656022 -0.9453659 -0.3219303 -0.05142331 -0.8370235 -0.415744 0.355737 -0.3742077 -0.9112268 -0.1721469 -0.1395851 -0.9875695 0.0722689 -0.7725176 -0.1180055 -0.6239321 -0.699135 -0.3047773 -0.6467774 -0.3474692 -0.106212 -0.9316567 -0.478127 -0.5495913 0.6850869 0.2091674 -0.9598501 0.1869135 -0.01907324 -0.6377824 0.7699804 0.05324399 -0.5172545 0.8541738 0.6095697 -0.7097367 0.3531271 0.6140742 -0.4797593 0.6266929 0.7484285 -0.2854911 0.5986231 0.9575424 -0.2078253 0.1998029 0.9812542 -0.01184642 0.1923539 0.9809492 0.123179 -0.1502186 0.9863429 -0.02284061 -0.1631134 0.828828 0.1847528 -0.5281199 0.8032675 0.07832729 -0.5904457 0.3677412 0.1363672 -0.9198753 0.08082002 0.01227885 -0.9966531 0.4719309 -0.3384599 0.8140799 0.02689224 -0.7773489 -0.6284947 -0.739405 -0.1607131 -0.6537978 0.03286033 -0.3398455 -0.9399071 -0.316416 -0.7983474 -0.5123695 -0.9717247 -0.06745666 -0.2262761 -0.2439029 -0.9616678 -0.1253255 -0.311881 -0.9500793 -0.008917689 -0.9973776 -0.04845446 -0.05376124 -0.98786 0.05251091 -0.1462033 -0.9831706 0.1805323 -0.02799677 -0.7964275 -0.02810025 -0.6040809 0.0573042 -0.130348 -0.989811 -0.807603 0.08396846 -0.5837182 -0.9971664 -0.03261345 -0.06779175 0.03648781 0.1161475 -0.9925616 -0.5968421 -0.7806394 0.185423 -0.9342768 -0.1821021 0.3065384 -0.8962617 0.2094954 0.3909306 -0.8104153 0.5483734 0.2061884 -0.5064113 -0.3717167 0.7780582 -0.5123366 0.2132582 0.8318848 -0.2233094 -0.9142841 0.3379609 -0.5046981 0.6486067 0.5697273 -0.5720765 0.7273362 0.3790917 -0.9021825 0.4170618 0.1101198 0.1257432 -0.9318965 0.340232 0.06772106 -0.4762126 0.8767186 -0.09024697 -0.9169186 0.388736 -0.2494937 -0.4091218 0.8777086 -0.0497561 0.2521078 0.9664192 -0.3483476 0.1059251 0.9313613 -0.4238393 -0.4517831 0.7850174 -0.4090923 0.2342891 0.8819026 0.004125654 -0.4312718 0.9022127 -0.009837448 -0.9595829 0.2812542 -0.2280161 -0.9391981 0.2567405 0.01182192 0.2264715 0.9739461 0.3631691 0.2310069 0.9026317 0.4031077 -0.4238141 0.8111016 0.3825896 -0.3815607 0.8414492 0.366357 0.1310361 0.9212015 0.07092022 0.1933169 0.9785699 -0.06489056 -0.4547649 0.8882445 0.2031962 -0.9426309 0.2648741 0.2257245 -0.9048869 0.3608715 -0.1168012 -0.9322921 0.342329 -0.01429563 0.675004 0.7376757 0.2495179 0.5921916 0.766192 -0.2662709 0.576475 0.772513 0.1859246 0.7991643 0.5716369 -0.02433991 0.6475641 0.7616223 -0.2159734 0.7895624 0.57441 0.4844952 0.2128632 0.8485009 0.44445 -0.4028704 0.8000997 0.8960708 0.1829167 0.4044733 0.9238808 -0.2034696 0.3241055 0.9781579 0.2076627 -0.009128808 0.9978333 -0.04189437 -0.05073016 0.9870867 0.114167 -0.1123647 0.9752389 -0.04955387 -0.2155305 0.319655 -0.9474771 -0.01038658 0.2650704 -0.9517839 -0.154419 0.3302566 -0.7648389 -0.5531294 0.6728839 -0.190977 -0.7146713 0.8126019 0.03036934 -0.5820274 0.03285282 -0.3398481 -0.9399063 0.05731302 -0.1303684 -0.9898078 0.026932 -0.7773467 -0.6284957 0.03646683 0.1161499 -0.9925621 0.8247905 0.09986555 -0.5565497 0.9973887 0.02782827 -0.06664496 0.6193569 -0.763915 0.1811937 0.1784844 -0.9256617 0.3336073 0.9452493 0.1894804 0.2657081 0.856343 0.499641 0.1305204 0.7855841 0.5640607 0.2543486 0.5198928 0.7478875 0.412766 0.4620801 0.6549931 0.5978847 0.5179759 0.4379405 0.734785 -0.5732862 0.4601052 0.6779721 -0.9379094 0.1569562 0.3093395 0 -1 0 -0.243879 -0.9616725 -0.1253357 6.93943e-4 -0.9914601 -0.1304085 -0.3119062 -0.9500713 -0.008893609 -0.3164275 -0.7983224 -0.5124012 0.02691376 -0.7773503 -0.628492 0.3302538 -0.7648242 -0.5531514 0.2650693 -0.9517895 -0.1543864 0.3196817 -0.9474685 -0.01036071 0.001166164 -0.999179 0.04049903 -0.05487179 -0.9951297 0.08188992 -0.5968368 -0.7806406 0.1854352 -0.2233251 -0.9142765 0.3379708 1.73113e-4 -0.9992632 0.03838104 0.03939795 -0.9962347 0.07722955 0.6193344 -0.7639362 0.1811802 0.1784752 -0.9256688 0.3335927 -0.1167969 -0.9322864 0.3423457 0.2257232 -0.9048869 0.3608723 0.203198 -0.9426226 0.2649023 -0.003246843 -0.9985943 0.05290573 -0.22803 -0.9391899 0.2567581 -0.09025847 -0.916926 0.3887161 0.1257299 -0.9318963 0.3402372 -0.009844183 -0.9595848 0.2812475 0.02816492 -0.1999595 -0.9793993 -0.7842814 -0.07831931 -0.6154419 0.03969866 -0.1393594 -0.9894459 -0.8155145 -0.116618 -0.5668654 0.8100945 -0.1320316 -0.5712397 0.8311054 -0.1292777 -0.54088 -0.1991206 -0.9796552 -0.02503335 0 -1 0 -0.2294712 -0.9687941 0.0937072 0 -1 0 -0.2278708 -0.9517858 -0.2053752 -0.005459487 -0.9459 -0.3244125 0.2308148 -0.9531148 -0.1956953 0.1726674 -0.9848475 -0.0161671 0.2114766 -0.9748959 0.06968218 0.1752421 -0.9560988 0.2348729 -8.60274e-4 -0.9599327 0.2802298 -0.1736543 -0.959973 0.2197642 -0.9564906 -0.2581331 -0.1359889 -0.2294443 -0.9687998 0.09371322 -0.8991129 -0.1824585 0.3978757 -0.1991165 -0.979657 -0.02499872 -0.9804712 -5.37682e-4 -0.1966621 -0.9860807 0.08531451 -0.1427107 0.05944895 -0.8680158 0.492965 -0.4735869 -0.8523852 0.221709 -0.3064292 -0.6689809 0.6771749 0.1340357 -0.9521656 0.2746184 1.75834e-6 -0.8671433 0.4980588 7.67782e-6 -0.9555446 0.2948467 0 -0.6797149 0.7334765 0.08575272 -0.6489781 0.755959 0.05734157 -0.4009808 0.9142901 -1.43796e-6 -0.2890136 0.9573251 -2.29105e-7 -0.08013373 0.9967842 0.113018 0.1198658 0.9863363 0 0.104985 0.9944738 -3.05141e-6 0.4492483 0.8934071 -0.08575278 -0.6489781 0.755959 -0.0594474 -0.8680162 0.4929643 -0.1340362 -0.9521655 0.2746185 0.4735868 -0.8523855 0.2217088 0.3064292 -0.668981 0.6771748 -0.05734467 -0.4009805 0.9142901 -0.08926814 -0.05732274 0.9943568 -0.004980623 -0.2728347 0.9620481 -0.4068824 0.09983229 0.9080089 -0.3613662 0.2307828 0.9034123 -0.765283 0.3216168 0.5575882 -0.6736068 0.5000874 0.5442119 -0.9160144 0.3931086 0.07989603 -0.8035716 0.5874896 0.09554409 -0.3555226 0.365119 0.8604022 -0.5417576 0.673585 0.5027744 -0.1907497 0.4431417 0.8759225 -0.2815998 0.8261796 0.4879845 -0.5982966 0.7939589 0.10803 -0.3179321 0.9450138 0.07660382 -0.3023636 0.9392759 -0.1622875 -0.6038084 0.7913167 -0.0960915 -0.860135 0.5055854 -0.06746208 -0.9701858 0.2316889 -0.07113331 -0.9730111 0.1492605 -0.1759849 -0.9690244 -0.2326422 -0.08288204 -0.9079073 -0.1825789 -0.377319 -0.6605911 -0.7417451 -0.1159037 -0.3186458 -0.4843384 -0.8147891 0.08458805 -0.9230651 -0.3752278 -0.2778597 -0.9605947 -0.007210791 -0.1340284 -0.952168 0.2746134 0.4735984 -0.8523874 0.2216761 -4.36604e-6 -0.9988712 0.04750263 2.45683e-6 -0.9555385 0.2948663 -0.937916 0.1569377 0.3093287 0.8543885 -0.04489022 0.5176923 0.748439 -0.2854624 0.5986237 0.471937 -0.3384352 0.8140867 0.08082872 0.01224648 -0.9966529 0.3677351 0.136377 -0.9198762 0.5638378 -0.04227262 0.8248031 8.38094e-4 -0.9599281 0.2802455 0.173651 -0.9599683 0.2197865 0.001625001 -0.08038812 0.9967623 0.00222063 0.3032828 0.952898 0.5550326 0.2931384 0.7784658 -0.5484015 -0.05780208 0.8342152 -0.1752119 -0.9561069 0.2348631 -0.5400756 0.2917619 0.789426 0.001951456 0.5418441 0.8404768 -0.4765972 0.5338731 0.6984517 0.4928535 0.5278577 0.6917093 0.9149539 0.1585826 0.3710944 0.8859969 0.3551317 0.2981461 0.008903503 0.4981657 0.8670362 -0.6888452 0.4157403 0.5938454 -0.8816053 0.3572193 0.3084911 0.7030422 0.4163799 0.5765063 -0.9023042 -0.1824988 0.3905653 -0.9093308 0.1483836 0.3887156 -0.9425988 -0.318188 -0.1013111 -0.2115173 -0.9748883 0.06966555 -0.1726648 -0.9848479 -0.01616841 -0.2307901 -0.9531181 -0.1957088 -0.7359194 -0.3012473 -0.6063603 -0.987904 -0.004231452 -0.1550092 -0.7526116 -0.1751326 -0.6347475 0.00737214 -0.4181082 -0.9083674 0.00867933 -0.3049176 -0.9523393 0.7418347 -0.1701953 -0.6486254 0.7295184 -0.2736234 -0.6268438 0.005475103 -0.9459097 -0.3243837 0.2279226 -0.9517718 -0.2053821 0.9564834 -0.2581613 -0.1359859 0.1991471 -0.9796496 -0.02504432 0.980472 -5.36095e-4 -0.1966583 -0.9910097 0.0849055 -0.1033973 -0.7428647 -0.1647419 -0.6488544 0.9860797 0.08531063 -0.1427204 0.7344774 -0.1603342 -0.6594209 0.00760585 -0.2740085 -0.9616972 0.7934777 -0.07894223 0.6034579 0.008001148 0.01903146 0.9997869 0.7725245 0.01310551 0.6348497 -0.02363777 -0.08825808 0.9958172 0.9994076 -0.03135508 0.01419574 0.9989724 -0.04428267 -0.0096668 0.7030462 0.416379 0.5765021 0.00889796 0.4981476 0.8670466 0.9860813 0.08530241 -0.1427139 -0.6888337 0.4157671 0.59384 -0.7553061 0.01444035 0.6552132 -0.9910097 0.08492207 -0.1033834 -0.9969088 -0.0343905 0.07064092 -0.7745676 -0.03581404 0.6314765 -0.9949206 -0.04669594 0.08917754 -0.8311054 -0.129279 -0.5408797 -0.77674 -0.1497647 -0.6117562 -0.7428398 -0.1647486 -0.6488813 0.002409517 -0.2074393 -0.978245 -0.02816492 -0.1999599 -0.9793992 0.8155145 -0.1166144 -0.5668661 0.7826174 -0.1317493 -0.6084014 0.9994077 -0.03135383 0.0141893 0.9989721 -0.04428291 -0.00968641 0.7344681 -0.160337 -0.6594307 0.9860855 0.08529871 -0.1426869 0.007605314 -0.273999 -0.9617 -0.9932061 -0.03101468 0.11216 -0.7881152 -0.03527593 0.6145163 -0.1943816 -0.1292725 0.9723706 -0.8117305 0.0118947 0.5839111 0.6923931 -0.1722351 0.7006617 0.9870085 -0.1460158 0.06703519 0.3064294 -0.6689862 0.6771695 0.4735941 -0.8523847 0.2216959 -0.9894213 0.03980249 0.1395046 -0.8122003 0.1563136 0.5620469 -0.9633139 0.2232177 0.1489975 -0.7652951 0.3216062 0.5575778 -0.4068678 0.09983587 0.9080152 -0.4579522 -0.01849359 0.8887845 -0.91601 0.3931195 0.07989311 -0.9730086 0.149266 -0.1759945 -0.969267 0.1319815 -0.2076117 -0.9345149 -0.07419002 -0.348106 -0.9078993 -0.1825785 -0.377338 -0.004964709 -0.2728233 0.9620515 0.230505 -0.2476245 0.9410364 -0.8600202 -0.07695567 -0.5044236 -0.2562638 -0.1558721 -0.9539564 -0.8891361 -0.08688265 -0.4493203 -0.06894379 -0.07355391 -0.9949054 0.6842974 -0.1450522 -0.7146307 0.08455121 -0.9230667 -0.3752317 0.9870064 -0.1460216 0.0670523 0.473617 -0.8523688 0.2217081 -0.318642 -0.4843343 -0.8147931 0.7939667 -0.02990835 -0.6072253 0.7842811 -0.07832115 -0.615442 -0.03969871 -0.139359 -0.9894458 -0.8100946 -0.1320323 -0.5712392 0.8136079 0.06585264 -0.5776726 -0.006179392 0.2035908 -0.9790366 0.7958 0.03656876 -0.6044546 -0.02347731 0.1882104 -0.9818481 0.9956798 -0.09081447 -0.01935482 0.9910976 -0.1326209 -0.01171952 0.8181433 -0.1885663 0.5432167 0.789269 -0.3146327 0.5273149 0.04027646 -0.2659394 0.9631481 0.02095431 -0.4782262 0.8779867 0.5732846 0.4601106 0.6779699 0.02436214 0.6475473 0.7616358 0.997167 -0.03261178 -0.06778222 0.8075888 0.0840128 -0.5837314 -0.03646379 0.116127 -0.9925649 -0.8037914 -0.2104176 0.5564567 -0.7804734 -0.3726898 0.5019599 -0.9883909 -0.1244001 -0.08722543 -0.9959512 -0.07064676 -0.05559128 -0.7987225 0.08927142 -0.5950404 -0.8220812 0.0970093 -0.5610455 -0.8247953 0.09986221 -0.5565432 -0.9973869 0.02786815 -0.06665396 -0.9452512 0.1894741 0.2657061 -0.02347862 0.1882159 -0.9818471 -0.006162226 0.2035806 -0.9790389 -0.03647297 0.1161393 -0.9925631 -0.5179969 0.4379061 0.7347908 0.008593738 0.1168771 -0.9931093 -0.7828639 0.05498039 -0.619759 -0.9861826 -0.09343272 -0.1367996 -0.8492631 -0.387597 0.3584982 -0.01395356 -0.6297749 0.7766524 -0.5377328 -0.5659078 0.6249735 0.009619593 -0.6508967 0.7591055 0.8074498 -0.3988875 0.4346419 0.9859032 -0.1655555 -0.02421522 0.7821059 0.02238273 -0.6227435 0.008625268 0.1168606 -0.993111 0.4691212 -0.5912364 0.6560221 0.9453656 -0.3219311 -0.05142229 0.8370228 -0.4157471 0.3557349 0.3742076 -0.9112267 -0.1721472 0.1395846 -0.9875695 0.07226914 0.7725181 -0.1180049 -0.6239317 0.6991343 -0.304778 -0.646778 0.478127 -0.549591 0.6850872 -0.2091678 -0.9598501 0.1869139 0.01907342 -0.6377835 0.7699795 -0.05324381 -0.5172541 0.854174 -0.6095691 -0.709737 0.3531274 -0.4719396 -0.3384107 0.8140954 -0.6140749 -0.4797617 0.6266904 -0.7484287 -0.2854911 0.5986229 -0.9575426 -0.2078232 0.1998043 -0.9812542 -0.01184642 0.1923539 -0.9809492 0.1231791 -0.1502186 -0.986343 -0.02284055 -0.1631132 -0.828828 0.1847528 -0.5281198 -0.8032677 0.0783267 -0.5904456 -0.3677412 0.1363672 -0.9198753 -0.08082002 0.01227867 -0.9966531 0 -1 0 0.243879 -0.9616725 -0.1253356 0.3119062 -0.9500713 -0.008893728 9.64841e-5 -0.9914597 -0.1304136 0.3164275 -0.7983224 -0.5124013 -0.02691376 -0.7773503 -0.6284919 -0.3302538 -0.7648243 -0.5531513 -0.2650693 -0.9517895 -0.1543862 -0.3196816 -0.9474684 -0.01036071 -0.001166403 -0.999179 0.04049897 0.05487173 -0.9951298 0.0818901 0.5968368 -0.7806407 0.1854351 0.2233252 -0.9142766 0.3379707 -1.7298e-4 -0.9992632 0.03838104 -0.03939765 -0.9962347 0.07722902 -0.6193347 -0.7639362 0.1811803 -0.1784753 -0.9256687 0.3335927 0.1167972 -0.9322864 0.3423456 -0.2257235 -0.9048868 0.3608724 -0.2031981 -0.9426226 0.2649024 0.003001213 -0.9986076 0.05266743 0.22803 -0.9391899 0.2567581 0.09025865 -0.916926 0.3887159 -0.1257295 -0.9318964 0.3402372 0.009844243 -0.9595848 0.2812475 -0.9752378 -0.04955041 -0.2155364 -0.3196551 -0.9474772 -0.01038318 -0.9978331 -0.0418961 -0.05073368 -0.2650704 -0.9517838 -0.1544193 -0.3302566 -0.7648391 -0.5531293 -0.6728839 -0.1909773 -0.7146713 -0.8126028 0.03036481 -0.5820263 -0.9870864 0.1141692 -0.1123651 -0.9781576 0.2076645 -0.009131193 -0.9973887 0.02782821 -0.06664496 -0.8247905 0.09986549 -0.5565497 -0.03646683 0.11615 -0.9925621 -0.05731284 -0.1303682 -0.9898077 -0.9238802 -0.2034674 0.3241087 -0.8960713 0.1829196 0.404471 -0.619357 -0.7639148 0.1811937 -0.1784851 -0.9256616 0.3336073 -0.444445 -0.4028669 0.8001043 -0.4844955 0.2128647 0.8485003 -0.4620795 0.6549955 0.5978826 -0.7855837 0.564061 0.2543491 -0.5198928 0.7478876 0.412766 -0.8563455 0.4996361 0.1305229 0.064893 -0.4547619 0.8882458 -0.07091832 0.1933218 0.978569 -0.3825928 -0.3815696 0.8414438 -0.366358 0.1310471 0.9211996 -0.3631663 0.2309947 0.902636 -0.4031077 -0.423814 0.8111016 -0.004125773 -0.4312717 0.9022127 -0.01182174 0.2264713 0.9739462 0.4090903 0.2342817 0.8819054 0.4238364 -0.4517898 0.7850152 0.3483496 0.1059105 0.9313623 0.249494 -0.4091224 0.8777083 0.04975372 0.252113 0.9664179 -0.0677219 -0.4762113 0.8767192 0.009837329 -0.9595829 0.2812543 0.2280163 -0.939198 0.2567406 -0.2031965 -0.9426309 0.2648742 -0.2257246 -0.9048869 0.3608716 0.1168008 -0.9322921 0.3423291 0.09024834 -0.9169186 0.388736 -0.1257423 -0.9318966 0.3402318 0.01429575 0.675004 0.7376756 0.2662699 0.5764755 0.772513 0.2159731 0.7895622 0.5744102 0.02434009 0.6475639 0.7616224 -0.1859244 0.7991643 0.5716368 -0.2495179 0.5921916 0.7661918 0.5046976 0.6486083 0.5697261 0.512337 0.2132662 0.8318825 0.8962615 0.2094942 0.3909316 0.5064112 -0.3717167 0.7780581 0.9342795 -0.182112 0.3065243 0.9831702 0.1805339 -0.02799856 0.8104156 0.5483726 0.2061897 0.9973784 -0.04844927 -0.05375087 0.98786 0.05251103 -0.1462032 0.9717214 -0.06745153 -0.2262915 0.3118811 -0.9500793 -0.008916974 0.243903 -0.9616678 -0.1253252 0.3164162 -0.7983473 -0.5123695 0.7394014 -0.1607042 -0.6538042 0.7964274 -0.02810126 -0.604081 0.8076023 0.08401578 -0.5837123 0.9971663 -0.03261345 -0.0677917 -0.03648829 0.1161475 -0.9925616 -0.05730491 -0.1303481 -0.989811 0.5968424 -0.7806392 0.1854229 0.2233094 -0.9142841 0.3379608 -0.03286039 -0.3398457 -0.939907 -0.0268917 -0.7773488 -0.6284947 0.9021815 0.4170642 0.1101185 0.9379094 0.1569563 0.3093394 0.5732864 0.4601051 0.677972 0.5720747 0.7273387 0.3790898 -0.517976 0.4379405 0.734785 -0.9452493 0.1894808 0.2657082 0.1991206 -0.9796552 -0.02503329 0 -1 0 0 -1 0 0.2294712 -0.9687942 0.0937072 0.2278708 -0.9517856 -0.2053752 0.005459427 -0.9459 -0.3244125 -0.2308148 -0.9531148 -0.1956954 -0.1726674 -0.9848475 -0.01616716 -0.2114766 -0.9748959 0.06968218 -0.1752421 -0.9560988 0.2348729 8.60281e-4 -0.9599327 0.2802298 0.1736796 -0.9599729 0.2197441 0.9564906 -0.2581332 -0.1359889 0.2294444 -0.9687999 0.0937131 0.1991165 -0.9796569 -0.02499866 0.8991049 -0.1824621 0.3978918 0.9804712 -5.37761e-4 -0.1966621 0.9860807 0.08531445 -0.1427106 0.9379162 0.1569374 0.3093281 -0.8543883 -0.04489046 0.5176924 -0.7484396 -0.2854623 0.598623 -0.4719374 -0.338435 0.8140865 -0.08082836 0.01224857 -0.9966528 0.347469 -0.1062121 -0.9316568 -0.3677352 0.1363767 -0.9198762 -0.1130191 0.1198657 0.9863362 -0.03285241 -0.3398479 -0.9399065 -0.02693152 -0.7773467 -0.6284956</float_array>
          <technique_common>
            <accessor source="#pm0058_00_41_BodySkin-mesh-normals-array" count="792" stride="3">
              <param name="X" type="float"/>
              <param name="Y" type="float"/>
              <param name="Z" type="float"/>
            </accessor>
          </technique_common>
        </source>
        <source id="pm0058_00_41_BodySkin-mesh-map-0">
          <float_array id="pm0058_00_41_BodySkin-mesh-map-0-array" count="7224">0.8230572 0.2293072 0.8095601 0.2352663 0.8081017 0.230243 0.8230572 0.2293072 0.8231514 0.2346337 0.8095601 0.2352663 0.823266 0.2436279 0.8095601 0.2352663 0.8231514 0.2346337 0.823266 0.2436279 0.8095343 0.2446606 0.8095601 0.2352663 0.8230572 0.2293072 0.8374353 0.2348276 0.8231514 0.2346337 0.8374353 0.2348276 0.823266 0.2436279 0.8231514 0.2346337 0.8230572 0.2293072 0.8390484 0.2296177 0.8374353 0.2348276 0.8374353 0.2348276 0.8376789 0.2445328 0.823266 0.2436279 0.8376789 0.2445328 0.8232837 0.2509322 0.823266 0.2436279 0.8232837 0.2509322 0.8095343 0.2446606 0.823266 0.2436279 0.8376789 0.2445328 0.8399623 0.2528611 0.8232837 0.2509322 0.8232837 0.2509322 0.8075705 0.2528997 0.8095343 0.2446606 0.8075705 0.2528997 0.790422 0.247999 0.8095343 0.2446606 0.8075705 0.2528997 0.7888899 0.2565569 0.790422 0.247999 0.8399623 0.2528611 0.8233218 0.2626401 0.8232837 0.2509322 0.8233218 0.2626401 0.8075705 0.2528997 0.8232837 0.2509322 0.8399623 0.2528611 0.8500149 0.2660108 0.8233218 0.2626401 0.8233218 0.2626401 0.7970216 0.2663106 0.8075705 0.2528997 0.8075705 0.2528997 0.7970216 0.2663106 0.7888899 0.2565569 0.8558679 0.2369749 0.8376789 0.2445328 0.8374353 0.2348276 0.8558679 0.2369749 0.8374353 0.2348276 0.8390484 0.2296177 0.8558679 0.2369749 0.8564115 0.2475543 0.8376789 0.2445328 0.8399623 0.2528611 0.8376789 0.2445328 0.8564115 0.2475543 0.8757844 0.2394109 0.8564115 0.2475543 0.8558679 0.2369749 0.8757844 0.2394109 0.8558679 0.2369749 0.8561876 0.2305011 0.8558679 0.2369749 0.8390484 0.2296177 0.8561876 0.2305011 0.8757844 0.2394109 0.8561876 0.2305011 0.8778634 0.2318088 0.9003987 0.2369165 0.8757844 0.2394109 0.8778634 0.2318088 0.9003987 0.2369165 0.9002128 0.2454777 0.8757844 0.2394109 0.9002128 0.2454777 0.8761299 0.2522616 0.8757844 0.2394109 0.8757844 0.2394109 0.8761299 0.2522616 0.8564115 0.2475543 0.9002128 0.2454777 0.90222 0.2588719 0.8761299 0.2522616 0.90222 0.2588719 0.9002128 0.2454777 0.9310272 0.2502114 0.90222 0.2588719 0.9310272 0.2502114 0.9310861 0.2635521 0.9310272 0.2502114 0.9604628 0.2588114 0.9310861 0.2635521 0.9310272 0.2502114 0.96293 0.2451803 0.9604628 0.2588114 0.96293 0.2451803 0.9310272 0.2502114 0.9311032 0.2396909 0.9002128 0.2454777 0.9311032 0.2396909 0.9310272 0.2502114 0.9002128 0.2454777 0.9003987 0.2369165 0.9311032 0.2396909 0.96293 0.2451803 0.9311032 0.2396909 0.9626544 0.2362629 0.9885485 0.2400001 0.96293 0.2451803 0.9626544 0.2362629 0.9885485 0.2400001 0.9626544 0.2362629 0.9860525 0.2316267 0.9879336 0.2520982 0.96293 0.2451803 0.9885485 0.2400001 0.9879336 0.2520982 0.9604628 0.2588114 0.96293 0.2451803 0.90222 0.2588719 0.8756156 0.2717114 0.8761299 0.2522616 0.90222 0.2588719 0.9034557 0.2793536 0.8756156 0.2717114 0.9310861 0.2635521 0.9034557 0.2793536 0.90222 0.2588719 0.9861403 0.2744448 0.9604628 0.2588114 0.9879336 0.2520982 0.9861403 0.2744448 0.9585531 0.2794991 0.9604628 0.2588114 0.9585531 0.2794991 0.9310861 0.2635521 0.9604628 0.2588114 0.9585531 0.2794991 0.9311254 0.2839739 0.9310861 0.2635521 0.9310861 0.2635521 0.9311254 0.2839739 0.9034557 0.2793536 0.8581929 0.2563292 0.8761299 0.2522616 0.8756156 0.2717114 0.8756156 0.2717114 0.8500149 0.2660108 0.8581929 0.2563292 0.8500149 0.2660108 0.8399623 0.2528611 0.8581929 0.2563292 0.8399623 0.2528611 0.8564115 0.2475543 0.8581929 0.2563292 0.8581929 0.2563292 0.8564115 0.2475543 0.8761299 0.2522616 0.8231764 0.3036249 0.7955475 0.3358559 0.7964521 0.3034086 0.8231764 0.3036249 0.8225422 0.336983 0.7955475 0.3358559 0.7955475 0.3358559 0.7715945 0.3041888 0.7964521 0.3034086 0.7955475 0.3358559 0.7691 0.3347389 0.7715945 0.3041888 0.8231764 0.3036249 0.7964521 0.3034086 0.7970216 0.2963221 0.8231764 0.3036249 0.7970216 0.2963221 0.8233218 0.2959013 0.7964521 0.3034086 0.7720986 0.2962522 0.7970216 0.2963221 0.7964521 0.3034086 0.7715945 0.3041888 0.7720986 0.2962522 0.8500149 0.2973593 0.8231764 0.3036249 0.8233218 0.2959013 0.8500149 0.2973593 0.8502641 0.3041846 0.8231764 0.3036249 0.8756156 0.2986677 0.8502641 0.3041846 0.8500149 0.2973593 0.8756156 0.2986677 0.876092 0.3052541 0.8502641 0.3041846 0.876092 0.3052541 0.8499975 0.3366869 0.8502641 0.3041846 0.8231764 0.3036249 0.8499975 0.3366869 0.8225422 0.336983 0.8231764 0.3036249 0.8502641 0.3041846 0.8499975 0.3366869 0.876092 0.3052541 0.8771069 0.3374041 0.8499975 0.3366869 0.9034557 0.3006657 0.876092 0.3052541 0.8756156 0.2986677 0.9034557 0.3006657 0.904325 0.3072516 0.876092 0.3052541 0.9311254 0.3021571 0.904325 0.3072516 0.9034557 0.3006657 0.9311254 0.3021571 0.9313004 0.308482 0.904325 0.3072516 0.9311254 0.3021571 0.9579659 0.3060233 0.9313004 0.308482 0.9311254 0.3021571 0.9585531 0.29942 0.9579659 0.3060233 0.9855266 0.3041888 0.9579659 0.3060233 0.9585531 0.29942 0.9855266 0.3041888 0.9585531 0.29942 0.9861403 0.2962522 0.8499975 0.3366869 0.8771069 0.3374041 0.8769536 0.3791697 0.8499975 0.3366869 0.8769536 0.3791697 0.848824 0.3792793 0.8225422 0.336983 0.8499975 0.3366869 0.848824 0.3792793 0.8225422 0.336983 0.848824 0.3792793 0.8223972 0.3803751 0.8223972 0.3803751 0.848824 0.3792793 0.8494158 0.4031639 0.8494158 0.4031639 0.848824 0.3792793 0.8769536 0.3791697 0.8769536 0.3791697 0.8771069 0.3374041 0.9042301 0.354097 0.8769536 0.3791697 0.9042301 0.354097 0.9046583 0.3774774 0.9042301 0.354097 0.9276602 0.3725594 0.9046583 0.3774774 0.9043598 0.4044923 0.9046583 0.3774774 0.9276602 0.3725594 0.8769536 0.3791697 0.9046583 0.3774774 0.9043598 0.4044923 0.9042301 0.354097 0.9295547 0.3550515 0.9276602 0.3725594 0.9554567 0.3596817 0.9276602 0.3725594 0.9295547 0.3550515 0.9276602 0.3725594 0.9554567 0.3596817 0.9565897 0.3668724 0.9565897 0.3668724 0.9554567 0.3596817 0.9883037 0.3579541 0.9565897 0.3668724 0.9883037 0.3579541 0.9892621 0.3679329 0.9276602 0.3725594 0.9565897 0.3668724 0.9305625 0.3833757 0.9883037 0.3579541 0.9554567 0.3596817 0.9559083 0.3497998 0.9554567 0.3596817 0.9295547 0.3550515 0.9559083 0.3497998 0.9883037 0.3579541 0.9559083 0.3497998 0.9855199 0.3347389 0.8225422 0.336983 0.8223972 0.3803751 0.797859 0.3789172 0.8225422 0.336983 0.797859 0.3789172 0.7955475 0.3358559 0.7955475 0.3358559 0.797859 0.3789172 0.765368 0.3579541 0.7903588 0.3841487 0.765368 0.3579541 0.797859 0.3789172 0.7903588 0.3841487 0.7617459 0.3679329 0.765368 0.3579541 0.7955475 0.3358559 0.765368 0.3579541 0.7691 0.3347389 0.7903588 0.3841487 0.797859 0.3789172 0.8121414 0.3986057 0.7903588 0.3841487 0.8121414 0.3986057 0.8064635 0.4079383 0.8064635 0.4079383 0.8121414 0.3986057 0.824563 0.4101817 0.8223972 0.3803751 0.824563 0.4101817 0.8121414 0.3986057 0.8223972 0.3803751 0.8121414 0.3986057 0.797859 0.3789172 0.8064635 0.4079383 0.824563 0.4101817 0.8236775 0.4312742 0.8236775 0.4312742 0.824563 0.4101817 0.8497238 0.4248162 0.8236775 0.4312742 0.8497238 0.4248162 0.8479285 0.449058 0.8769381 0.430732 0.8479285 0.449058 0.8497238 0.4248162 0.8769381 0.430732 0.8787885 0.4543036 0.8479285 0.449058 0.8769381 0.430732 0.9086888 0.4391527 0.8787885 0.4543036 0.8769381 0.430732 0.8976011 0.4259334 0.9086888 0.4391527 0.8761854 0.4087925 0.8976011 0.4259334 0.8769381 0.430732 0.8761854 0.4087925 0.8769381 0.430732 0.8497238 0.4248162 0.8761854 0.4087925 0.9043598 0.4044923 0.8976011 0.4259334 0.8761854 0.4087925 0.8497238 0.4248162 0.8494158 0.4031639 0.8494158 0.4031639 0.824563 0.4101817 0.8223972 0.3803751 0.8494158 0.4031639 0.8497238 0.4248162 0.824563 0.4101817 0.8976011 0.4259334 0.9184628 0.4124305 0.9086888 0.4391527 0.8976011 0.4259334 0.9043598 0.4044923 0.9184628 0.4124305 0.8494158 0.4031639 0.8769536 0.3791697 0.8761854 0.4087925 0.8769536 0.3791697 0.9043598 0.4044923 0.8761854 0.4087925 0.9184628 0.4124305 0.9043598 0.4044923 0.9276602 0.3725594 0.9305625 0.3833757 0.9184628 0.4124305 0.9276602 0.3725594 0.5567234 0.3503569 0.5234115 0.3432681 0.5424551 0.3174362 0.5567234 0.3503569 0.540785 0.3693548 0.5234115 0.3432681 0.540785 0.3693548 0.5567234 0.3503569 0.5694826 0.3851851 0.540785 0.3693548 0.5694826 0.3851851 0.5514772 0.3959988 0.5819552 0.4194957 0.5514772 0.3959988 0.5694826 0.3851851 0.5819552 0.4194957 0.5620263 0.4266318 0.5514772 0.3959988 0.5255524 0.3822591 0.540785 0.3693548 0.5514772 0.3959988 0.5255524 0.3822591 0.5514772 0.3959988 0.5312685 0.4041668 0.5312685 0.4041668 0.5514772 0.3959988 0.5620263 0.4266318 0.5143148 0.3868541 0.5255524 0.3822591 0.5312685 0.4041668 0.5143148 0.3868541 0.5312685 0.4041668 0.5155217 0.4075464 0.5375354 0.4358631 0.5155217 0.4075464 0.5312685 0.4041668 0.5312685 0.4041668 0.5620263 0.4266318 0.5375354 0.4358631 0.5375354 0.4358631 0.5166769 0.4415608 0.5155217 0.4075464 0.5166769 0.4415608 0.5 0.4083329 0.5155217 0.4075464 0.5166769 0.4415608 0.5 0.442027 0.5 0.4083329 0.5375354 0.4358631 0.5200564 0.4662433 0.5166769 0.4415608 0.5375354 0.4358631 0.5433848 0.4656182 0.5200564 0.4662433 0.5166769 0.4415608 0.5 0.4665861 0.5 0.442027 0.5166769 0.4415608 0.5200564 0.4662433 0.5 0.4665861 0.5375354 0.4358631 0.5668988 0.4638607 0.5433848 0.4656182 0.5375354 0.4358631 0.5620263 0.4266318 0.5668988 0.4638607 0.5620263 0.4266318 0.5949444 0.4631853 0.5668988 0.4638607 0.5819552 0.4194957 0.5949444 0.4631853 0.5620263 0.4266318 0.5819552 0.4194957 0.6030331 0.4506164 0.5949444 0.4631853 0.6316223 0.467769 0.5949444 0.4631853 0.6030331 0.4506164 0.6316223 0.467769 0.6030331 0.4506164 0.6333786 0.4596379 0.6333786 0.4596379 0.6648218 0.4653637 0.6316223 0.467769 0.6333786 0.4596379 0.6651383 0.4598616 0.6648218 0.4653637 0.6648218 0.4653637 0.6651383 0.4598616 0.6934985 0.448363 0.6648218 0.4653637 0.6934985 0.448363 0.6994928 0.4540318 0.7108077 0.4186947 0.6994928 0.4540318 0.6934985 0.448363 0.7108077 0.4186947 0.6934985 0.448363 0.7039349 0.418707 0.7108077 0.4186947 0.7283485 0.4511646 0.6994928 0.4540318 0.7108077 0.4186947 0.7283484 0.4196228 0.7283485 0.4511646 0.5200564 0.4662433 0.5 0.4871396 0.5 0.4665861 0.5200564 0.4662433 0.5212693 0.4871853 0.5 0.4871396 0.5212693 0.4871853 0.5 0.5118355 0.5 0.4871396 0.5212693 0.4871853 0.5214172 0.5122664 0.5 0.5118355 0.5446955 0.48746 0.5214172 0.5122664 0.5212693 0.4871853 0.5446955 0.48746 0.5439041 0.513474 0.5214172 0.5122664 0.5200796 0.5347307 0.5 0.5118355 0.5214172 0.5122664 0.5200796 0.5347307 0.5 0.5340536 0.5 0.5118355 0.5405905 0.536546 0.5214172 0.5122664 0.5439041 0.513474 0.5405905 0.536546 0.5200796 0.5347307 0.5214172 0.5122664 0.5696945 0.487827 0.5439041 0.513474 0.5446955 0.48746 0.5696945 0.487827 0.5684289 0.5156124 0.5439041 0.513474 0.5951417 0.5174435 0.5684289 0.5156124 0.5696945 0.487827 0.5951417 0.5174435 0.5696945 0.487827 0.5970879 0.4889308 0.6270018 0.5145974 0.5951417 0.5174435 0.5970879 0.4889308 0.6270018 0.5145974 0.5970879 0.4889308 0.6296655 0.4905454 0.5684289 0.5156124 0.5951417 0.5174435 0.5877617 0.541121 0.5684289 0.5156124 0.5877617 0.541121 0.5624083 0.5397225 0.5439041 0.513474 0.5624083 0.5397225 0.5405905 0.536546 0.5439041 0.513474 0.5684289 0.5156124 0.5624083 0.5397225 0.6296655 0.4905454 0.6609603 0.5145881 0.6270018 0.5145974 0.6296655 0.4905454 0.6628836 0.4892664 0.6609603 0.5145881 0.6609603 0.5145881 0.6628836 0.4892664 0.7006691 0.4870045 0.6609603 0.5145881 0.7006691 0.4870045 0.7011737 0.525883 0.7006691 0.4870045 0.7283487 0.5245301 0.7011737 0.525883 0.7006691 0.4870045 0.7283485 0.4862208 0.7283487 0.5245301 0.6270018 0.5145974 0.6609603 0.5145881 0.6598392 0.5297736 0.6270018 0.5145974 0.6598392 0.5297736 0.6249259 0.5295342 0.5951417 0.5174435 0.6249259 0.5295342 0.5877617 0.541121 0.5951417 0.5174435 0.6270018 0.5145974 0.6249259 0.5295342 0.7283487 0.556165 0.7011737 0.525883 0.7283487 0.5245301 0.7283487 0.556165 0.7023817 0.5591409 0.7011737 0.525883 0.6845405 0.5426315 0.7011737 0.525883 0.7023817 0.5591409 0.6845405 0.5426315 0.6609603 0.5145881 0.7011737 0.525883 0.6845405 0.5426315 0.6598392 0.5297736 0.6609603 0.5145881 0.7161065 0.6001065 0.7023817 0.5591409 0.7283487 0.556165 0.7161065 0.6001065 0.7283487 0.556165 0.728349 0.601198 0.5624083 0.5397225 0.5877617 0.541121 0.5698795 0.5689175 0.6057366 0.5553335 0.5698795 0.5689175 0.5877617 0.541121 0.6057366 0.5553335 0.5870476 0.5819277 0.5698795 0.5689175 0.5870476 0.5819277 0.5554298 0.5949863 0.5698795 0.5689175 0.5518307 0.5621402 0.5698795 0.5689175 0.5554298 0.5949863 0.5518307 0.5621402 0.5554298 0.5949863 0.5420764 0.5871955 0.5870476 0.5819277 0.5712086 0.6101011 0.5554298 0.5949863 0.6118956 0.6029615 0.5712086 0.6101011 0.5870476 0.5819277 0.6118956 0.6029615 0.5879361 0.6325615 0.5712086 0.6101011 0.5870476 0.5819277 0.6328429 0.5737566 0.6118956 0.6029615 0.5870476 0.5819277 0.6057366 0.5553335 0.6328429 0.5737566 0.5506984 0.6294446 0.5712086 0.6101011 0.5879361 0.6325615 0.5506984 0.6294446 0.5879361 0.6325615 0.5616518 0.6549981 0.5712086 0.6101011 0.5428537 0.6143368 0.5554298 0.5949863 0.5712086 0.6101011 0.5506984 0.6294446 0.5428537 0.6143368 0.5624083 0.5397225 0.5698795 0.5689175 0.5518307 0.5621402 0.5345275 0.5586251 0.5518307 0.5621402 0.5420764 0.5871955 0.5345275 0.5586251 0.5420764 0.5871955 0.5286491 0.5829849 0.5286491 0.5829849 0.5172006 0.5567075 0.5345275 0.5586251 0.5286491 0.5829849 0.5148978 0.5808783 0.5172006 0.5567075 0.5172006 0.5567075 0.5148978 0.5808783 0.5 0.5800221 0.5172006 0.5567075 0.5 0.5800221 0.5 0.5559366 0.5345275 0.5586251 0.5172006 0.5567075 0.5200796 0.5347307 0.5345275 0.5586251 0.5200796 0.5347307 0.5405905 0.536546 0.5172006 0.5567075 0.5 0.5340536 0.5200796 0.5347307 0.5172006 0.5567075 0.5 0.5559366 0.5 0.5340536 0.5135268 0.602937 0.5 0.5800221 0.5148978 0.5808783 0.5135268 0.602937 0.5148978 0.5808783 0.5286491 0.5829849 0.5135268 0.602937 0.5 0.6030113 0.5 0.5800221 0.5135268 0.602937 0.5 0.6264298 0.5 0.6030113 0.5135268 0.602937 0.5161471 0.625169 0.5 0.6264298 0.5161471 0.625169 0.5 0.6524348 0.5 0.6264298 0.5161471 0.625169 0.5215778 0.6540438 0.5 0.6524348 0.5215778 0.6540438 0.5 0.6804153 0.5 0.6524348 0.5215778 0.6540438 0.5173546 0.6820246 0.5 0.6804153 0.5 0.7206577 0.5 0.6804153 0.5173546 0.6820246 0.5 0.7206577 0.5173546 0.6820246 0.5122423 0.7213614 0.5161471 0.625169 0.5135268 0.602937 0.5263804 0.6040901 0.5135268 0.602937 0.5286491 0.5829849 0.5263804 0.6040901 0.5286491 0.5829849 0.5353508 0.6039589 0.5263804 0.6040901 0.5286491 0.5829849 0.5420764 0.5871955 0.5353508 0.6039589 0.5161471 0.625169 0.5263804 0.6040901 0.5301373 0.622383 0.5353508 0.6039589 0.5301373 0.622383 0.5263804 0.6040901 0.5161471 0.625169 0.5347374 0.6403486 0.5215778 0.6540438 0.5161471 0.625169 0.5301373 0.622383 0.5347374 0.6403486 0.5506984 0.6294446 0.5347374 0.6403486 0.5301373 0.622383 0.5506984 0.6294446 0.5301373 0.622383 0.5428537 0.6143368 0.5353508 0.6039589 0.5428537 0.6143368 0.5301373 0.622383 0.5347374 0.6403486 0.5506984 0.6294446 0.5616518 0.6549981 0.5347374 0.6403486 0.5616518 0.6549981 0.54195 0.6682285 0.54195 0.6682285 0.5215778 0.6540438 0.5347374 0.6403486 0.54195 0.6682285 0.5262288 0.6827045 0.5215778 0.6540438 0.5215778 0.6540438 0.5262288 0.6827045 0.5173546 0.6820246 0.5122423 0.7213614 0.5173546 0.6820246 0.5262288 0.6827045 0.5554298 0.5949863 0.5353508 0.6039589 0.5420764 0.5871955 0.5554298 0.5949863 0.5428537 0.6143368 0.5353508 0.6039589 0.5 0.7206577 0.4826455 0.6820246 0.5 0.6804153 0.5 0.7206577 0.4877577 0.7213614 0.4826455 0.6820246 0.4826455 0.6820246 0.4877577 0.7213614 0.4737713 0.6827045 0.4737713 0.6827045 0.4784222 0.6540438 0.4826455 0.6820246 0.5 0.6804153 0.4826455 0.6820246 0.4784222 0.6540438 0.5 0.6804153 0.4784222 0.6540438 0.5 0.6524348 0.5 0.6524348 0.4784222 0.6540438 0.4838529 0.625169 0.5 0.6524348 0.4838529 0.625169 0.5 0.6264298 0.5 0.6264298 0.4838529 0.625169 0.4864733 0.602937 0.5 0.6264298 0.4864733 0.602937 0.5 0.6030113 0.4864733 0.602937 0.5 0.5800221 0.5 0.6030113 0.4864733 0.602937 0.4851022 0.5808783 0.5 0.5800221 0.5 0.5800221 0.4851022 0.5808783 0.4827995 0.5567075 0.4713509 0.5829849 0.4827995 0.5567075 0.4851022 0.5808783 0.4713509 0.5829849 0.4851022 0.5808783 0.4864733 0.602937 0.4713509 0.5829849 0.4654725 0.5586251 0.4827995 0.5567075 0.5 0.5800221 0.4827995 0.5567075 0.5 0.5559366 0.4799205 0.5347307 0.4827995 0.5567075 0.4654725 0.5586251 0.4799205 0.5347307 0.4654725 0.5586251 0.4594095 0.536546 0.4785829 0.5122664 0.4799205 0.5347307 0.4594095 0.536546 0.5 0.5118355 0.4799205 0.5347307 0.4785829 0.5122664 0.5 0.5118355 0.4785829 0.5122664 0.4787307 0.4871853 0.5 0.5118355 0.4787307 0.4871853 0.5 0.4871396 0.4785829 0.5122664 0.4553046 0.48746 0.4787307 0.4871853 0.4785829 0.5122664 0.456096 0.513474 0.4553046 0.48746 0.4785829 0.5122664 0.4594095 0.536546 0.456096 0.513474 0.5 0.5118355 0.5 0.5340536 0.4799205 0.5347307 0.4827995 0.5567075 0.5 0.5340536 0.5 0.5559366 0.4827995 0.5567075 0.4799205 0.5347307 0.5 0.5340536 0.4303056 0.487827 0.4553046 0.48746 0.456096 0.513474 0.4303056 0.487827 0.456096 0.513474 0.4315712 0.5156124 0.4303056 0.487827 0.4315712 0.5156124 0.4048584 0.5174435 0.4303056 0.487827 0.4048584 0.5174435 0.4029121 0.4889308 0.4029121 0.4889308 0.4048584 0.5174435 0.3729983 0.5145974 0.4029121 0.4889308 0.3729983 0.5145974 0.3703346 0.4905454 0.4315712 0.5156124 0.4122384 0.541121 0.4048584 0.5174435 0.4315712 0.5156124 0.4375917 0.5397225 0.4122384 0.541121 0.456096 0.513474 0.4375917 0.5397225 0.4315712 0.5156124 0.456096 0.513474 0.4594095 0.536546 0.4375917 0.5397225 0.3390397 0.5145881 0.3703346 0.4905454 0.3729983 0.5145974 0.3390397 0.5145881 0.3371164 0.4892664 0.3703346 0.4905454 0.299331 0.4870045 0.3371164 0.4892664 0.3390397 0.5145881 0.299331 0.4870045 0.3390397 0.5145881 0.2988263 0.525883 0.2716513 0.5245301 0.299331 0.4870045 0.2988263 0.525883 0.2716513 0.5245301 0.2716516 0.4862208 0.299331 0.4870045 0.3729983 0.5145974 0.3401609 0.5297736 0.3390397 0.5145881 0.3729983 0.5145974 0.3750742 0.5295342 0.3401609 0.5297736 0.4048584 0.5174435 0.3750742 0.5295342 0.3729983 0.5145974 0.4048584 0.5174435 0.4122384 0.541121 0.3750742 0.5295342 0.2988263 0.525883 0.2716513 0.556165 0.2716513 0.5245301 0.2988263 0.525883 0.2976183 0.5591409 0.2716513 0.556165 0.2988263 0.525883 0.3154595 0.5426315 0.2976183 0.5591409 0.3154595 0.5426315 0.3390397 0.5145881 0.3401609 0.5297736 0.3154595 0.5426315 0.2988263 0.525883 0.3390397 0.5145881 0.2716513 0.556165 0.2976183 0.5591409 0.2838935 0.6001065 0.2716513 0.556165 0.2838935 0.6001065 0.2716511 0.601198 0.4375917 0.5397225 0.4301205 0.5689175 0.4122384 0.541121 0.4301205 0.5689175 0.3942635 0.5553335 0.4122384 0.541121 0.4301205 0.5689175 0.4129525 0.5819277 0.3942635 0.5553335 0.4445703 0.5949863 0.4129525 0.5819277 0.4301205 0.5689175 0.4445703 0.5949863 0.4301205 0.5689175 0.4481694 0.5621402 0.4445703 0.5949863 0.4481694 0.5621402 0.4579237 0.5871955 0.4445703 0.5949863 0.4287915 0.6101011 0.4129525 0.5819277 0.4287915 0.6101011 0.3881044 0.6029615 0.4129525 0.5819277 0.4287915 0.6101011 0.412064 0.6325615 0.3881044 0.6029615 0.4129525 0.5819277 0.3671572 0.5737566 0.3942635 0.5553335 0.4129525 0.5819277 0.3881044 0.6029615 0.3671572 0.5737566 0.4493017 0.6294446 0.412064 0.6325615 0.4287915 0.6101011 0.4493017 0.6294446 0.4383482 0.6549981 0.412064 0.6325615 0.4287915 0.6101011 0.4571464 0.6143368 0.4493017 0.6294446 0.4287915 0.6101011 0.4445703 0.5949863 0.4571464 0.6143368 0.4375917 0.5397225 0.4481694 0.5621402 0.4301205 0.5689175 0.4579237 0.5871955 0.4481694 0.5621402 0.4654725 0.5586251 0.4579237 0.5871955 0.4654725 0.5586251 0.4713509 0.5829849 0.4646492 0.6039589 0.4579237 0.5871955 0.4713509 0.5829849 0.4445703 0.5949863 0.4646492 0.6039589 0.4571464 0.6143368 0.4445703 0.5949863 0.4579237 0.5871955 0.4646492 0.6039589 0.4646492 0.6039589 0.4713509 0.5829849 0.4736196 0.6040901 0.4713509 0.5829849 0.4864733 0.602937 0.4736196 0.6040901 0.4481694 0.5621402 0.4594095 0.536546 0.4654725 0.5586251 0.4481694 0.5621402 0.4375917 0.5397225 0.4594095 0.536546 0.4736196 0.6040901 0.4864733 0.602937 0.4838529 0.625169 0.4736196 0.6040901 0.4838529 0.625169 0.4698628 0.622383 0.4493017 0.6294446 0.4571464 0.6143368 0.4698628 0.622383 0.4646492 0.6039589 0.4698628 0.622383 0.4571464 0.6143368 0.4646492 0.6039589 0.4736196 0.6040901 0.4698628 0.622383 0.4493017 0.6294446 0.4698628 0.622383 0.4652627 0.6403486 0.4838529 0.625169 0.4652627 0.6403486 0.4698628 0.622383 0.4652627 0.6403486 0.4383482 0.6549981 0.4493017 0.6294446 0.4838529 0.625169 0.4784222 0.6540438 0.4652627 0.6403486 0.4652627 0.6403486 0.45805 0.6682285 0.4383482 0.6549981 0.4784222 0.6540438 0.45805 0.6682285 0.4652627 0.6403486 0.4784222 0.6540438 0.4737713 0.6827045 0.45805 0.6682285 0.7475305 0.1183017 0.7774012 0.1045532 0.7741308 0.1234853 0.7475305 0.1183017 0.7505457 0.1004098 0.7774012 0.1045532 0.7741308 0.1234853 0.7774012 0.1045532 0.8042672 0.1094223 0.7741308 0.1234853 0.8042672 0.1094223 0.8024168 0.127851 0.8024168 0.127851 0.8042672 0.1094223 0.8329671 0.1130904 0.8024168 0.127851 0.8329671 0.1130904 0.8320255 0.1325701 0.8320255 0.1325701 0.8329671 0.1130904 0.8607006 0.1158989 0.8320255 0.1325701 0.8607006 0.1158989 0.8609462 0.1351405 0.8415127 0.1070312 0.8607006 0.1158989 0.8329671 0.1130904 0.8415127 0.1070312 0.8609572 0.1086906 0.8607006 0.1158989 0.8052802 0.09667897 0.8042672 0.1094223 0.7774012 0.1045532 0.8052802 0.09667897 0.7774012 0.1045532 0.7785015 0.09088879 0.7505457 0.1004098 0.7785015 0.09088879 0.7774012 0.1045532 0.7505457 0.1004098 0.7532201 0.0854991 0.7785015 0.09088879 0.8609462 0.1351405 0.8607006 0.1158989 0.8886433 0.1143019 0.8609462 0.1351405 0.8886433 0.1143019 0.891454 0.1335893 0.9199629 0.1286977 0.891454 0.1335893 0.8886433 0.1143019 0.9199629 0.1286977 0.8886433 0.1143019 0.9177113 0.108839 0.9177113 0.108839 0.9483128 0.1231141 0.9199629 0.1286977 0.9177113 0.108839 0.9441881 0.1044585 0.9483128 0.1231141 0.9414506 0.09055227 0.9441881 0.1044585 0.9177113 0.108839 0.9414506 0.09055227 0.9177113 0.108839 0.9155309 0.09587401 0.9177113 0.108839 0.8918934 0.1045396 0.9155309 0.09587401 0.9177113 0.108839 0.8886433 0.1143019 0.8918934 0.1045396 0.9483128 0.1231141 0.9441881 0.1044585 0.971129 0.1004098 0.9483128 0.1231141 0.971129 0.1004098 0.9738033 0.1183017 0.9441881 0.1044585 0.9688685 0.0854991 0.971129 0.1004098 0.9441881 0.1044585 0.9414506 0.09055227 0.9688685 0.0854991 0.8918934 0.1045396 0.8886433 0.1143019 0.8798976 0.1078004 0.9483128 0.1231141 0.9738033 0.1183017 0.976624 0.1358953 0.9483128 0.1231141 0.976624 0.1358953 0.9520679 0.1420853 0.9199629 0.1286977 0.9483128 0.1231141 0.9520679 0.1420853 0.9199629 0.1286977 0.9520679 0.1420853 0.9234252 0.1496174 0.891454 0.1335893 0.9199629 0.1286977 0.9234252 0.1496174 0.891454 0.1335893 0.9234252 0.1496174 0.8938618 0.1549183 0.891454 0.1335893 0.8938618 0.1549183 0.8618975 0.1573832 0.8618975 0.1573832 0.8938618 0.1549183 0.8782654 0.1717184 0.8618975 0.1573832 0.8782654 0.1717184 0.8625865 0.1721667 0.891454 0.1335893 0.8618975 0.1573832 0.8609462 0.1351405 0.8609462 0.1351405 0.8618975 0.1573832 0.8318222 0.1515991 0.8609462 0.1351405 0.8318222 0.1515991 0.8320255 0.1325701 0.8320255 0.1325701 0.8318222 0.1515991 0.8011317 0.1455634 0.8320255 0.1325701 0.8011317 0.1455634 0.8024168 0.127851 0.8024168 0.127851 0.8011317 0.1455634 0.7710958 0.1410666 0.8024168 0.127851 0.7710958 0.1410666 0.7741308 0.1234853 0.7710958 0.1410666 0.7475305 0.1183017 0.7741308 0.1234853 0.7710958 0.1410666 0.7436357 0.1358953 0.7475305 0.1183017 0.8465998 0.1692205 0.8618975 0.1573832 0.8625865 0.1721667 0.8465998 0.1692205 0.8318222 0.1515991 0.8618975 0.1573832 0.8318222 0.1515991 0.7998691 0.1668411 0.8011317 0.1455634 0.8318222 0.1515991 0.8318224 0.1766935 0.7998691 0.1668411 0.8465998 0.1692205 0.8318224 0.1766935 0.8318222 0.1515991 0.8318224 0.1766935 0.8003469 0.1789606 0.7998691 0.1668411 0.8318224 0.1766935 0.8331676 0.1922681 0.8003469 0.1789606 0.8003469 0.1789606 0.7678547 0.164208 0.7998691 0.1668411 0.8011317 0.1455634 0.7678547 0.164208 0.7710958 0.1410666 0.8011317 0.1455634 0.7998691 0.1668411 0.7678547 0.164208 0.7678547 0.164208 0.7436357 0.1358953 0.7710958 0.1410666 0.8003469 0.1789606 0.7640371 0.1797283 0.7678547 0.164208 0.7640371 0.1797283 0.7463119 0.182488 0.7678547 0.164208 0.8331676 0.1922681 0.8318224 0.1766935 0.8467784 0.1836743 0.8465998 0.1692205 0.8467784 0.1836743 0.8318224 0.1766935 0.8331676 0.1922681 0.8467784 0.1836743 0.8473973 0.2000041 0.8632224 0.1874049 0.8473973 0.2000041 0.8467784 0.1836743 0.8632224 0.1874049 0.8633466 0.1997467 0.8473973 0.2000041 0.8633466 0.1997467 0.8625245 0.2121248 0.8473973 0.2000041 0.8787015 0.1868066 0.8633466 0.1997467 0.8632224 0.1874049 0.8787015 0.1868066 0.8808246 0.2080668 0.8633466 0.1997467 0.8985732 0.1835098 0.8808246 0.2080668 0.8787015 0.1868066 0.8985732 0.1835098 0.9014444 0.2094458 0.8808246 0.2080668 0.9310908 0.2036023 0.9014444 0.2094458 0.8985732 0.1835098 0.9310908 0.2036023 0.8985732 0.1835098 0.9270091 0.1748372 0.9270091 0.1748372 0.9619637 0.1930277 0.9310908 0.2036023 0.9270091 0.1748372 0.9565568 0.1664425 0.9619637 0.1930277 0.9565568 0.1664425 0.9890819 0.181598 0.9619637 0.1930277 0.9565568 0.1664425 0.9829273 0.1569015 0.9890819 0.181598 0.8808246 0.2080668 0.8708787 0.2104513 0.8633466 0.1997467 0.8708787 0.2104513 0.8625245 0.2121248 0.8633466 0.1997467 0.9829273 0.1569015 0.9565568 0.1664425 0.9520679 0.1420853 0.9829273 0.1569015 0.9520679 0.1420853 0.976624 0.1358953 0.9234252 0.1496174 0.9565568 0.1664425 0.9270091 0.1748372 0.9234252 0.1496174 0.9520679 0.1420853 0.9565568 0.1664425 0.8938618 0.1549183 0.9270091 0.1748372 0.8985732 0.1835098 0.8938618 0.1549183 0.9234252 0.1496174 0.9270091 0.1748372 0.8985732 0.1835098 0.8782654 0.1717184 0.8938618 0.1549183 0.8985732 0.1835098 0.8787015 0.1868066 0.8782654 0.1717184 0.8787015 0.1868066 0.8625865 0.1721667 0.8782654 0.1717184 0.8787015 0.1868066 0.8632224 0.1874049 0.8625865 0.1721667 0.8625865 0.1721667 0.8632224 0.1874049 0.8467784 0.1836743 0.8625865 0.1721667 0.8467784 0.1836743 0.8465998 0.1692205 0.7519763 0.02782565 0.7724819 0.03490203 0.7506778 0.03856825 0.7519763 0.02782565 0.7726619 0.02456003 0.7724819 0.03490203 0.7935481 0.02454674 0.7724819 0.03490203 0.7726619 0.02456003 0.7935481 0.02454674 0.7726619 0.02456003 0.7908909 0.01638436 0.7935481 0.02454674 0.7908909 0.01638436 0.8198977 0.01196086 0.7935481 0.02454674 0.8198977 0.01196086 0.8216372 0.01843041 0.8216372 0.01843041 0.8006668 0.0430904 0.7935481 0.02454674 0.8006668 0.0430904 0.7724819 0.03490203 0.7935481 0.02454674 0.8216372 0.01843041 0.8271737 0.02955991 0.8006668 0.0430904 0.8006668 0.0430904 0.7748129 0.04883909 0.7724819 0.03490203 0.7748129 0.04883909 0.7506778 0.03856825 0.7724819 0.03490203 0.7748129 0.04883909 0.7501073 0.05260235 0.7506778 0.03856825 0.8006668 0.0430904 0.7785018 0.06203973 0.7748129 0.04883909 0.8006668 0.0430904 0.8052802 0.05497145 0.7785018 0.06203973 0.7532203 0.06713169 0.7748129 0.04883909 0.7785018 0.06203973 0.7532203 0.06713169 0.7501073 0.05260235 0.7748129 0.04883909 0.8216372 0.01843041 0.8198977 0.01196086 0.8345428 0.01264327 0.8216372 0.01843041 0.8345428 0.01264327 0.8374634 0.0170862 0.8374634 0.0170862 0.8271737 0.02955991 0.8216372 0.01843041 0.8374634 0.0170862 0.8393245 0.02496385 0.8271737 0.02955991 0.8271737 0.02955991 0.8393245 0.02496385 0.8349009 0.0325039 0.8393245 0.02496385 0.8374634 0.0170862 0.8447054 0.01661974 0.8393245 0.02496385 0.8447054 0.01661974 0.8465169 0.02371788 0.8425918 0.01119136 0.8374634 0.0170862 0.8345428 0.01264327 0.8425918 0.01119136 0.8447054 0.01661974 0.8374634 0.0170862 0.84513 0.0314753 0.8393245 0.02496385 0.8465169 0.02371788 0.84513 0.0314753 0.8349009 0.0325039 0.8393245 0.02496385 0.8424111 0.04018533 0.8349009 0.0325039 0.84513 0.0314753 0.8424111 0.04018533 0.828712 0.04216641 0.8349009 0.0325039 0.828712 0.04216641 0.8271737 0.02955991 0.8349009 0.0325039 0.848526 0.01001304 0.8447054 0.01661974 0.8425918 0.01119136 0.848526 0.01001304 0.8496461 0.01588428 0.8447054 0.01661974 0.8465169 0.02371788 0.8447054 0.01661974 0.8496461 0.01588428 0.8496461 0.01588428 0.848526 0.01001304 0.8509379 0.009916007 0.8496461 0.01588428 0.8509379 0.009916007 0.8524056 0.01644712 0.8506856 0.02367717 0.8496461 0.01588428 0.8524056 0.01644712 0.8465169 0.02371788 0.8496461 0.01588428 0.8506856 0.02367717 0.84513 0.0314753 0.8465169 0.02371788 0.8506856 0.02367717 0.8506856 0.02367717 0.8524056 0.01644712 0.853106 0.02350717 0.853106 0.02350717 0.8524056 0.01644712 0.8558633 0.01597833 0.853106 0.02350717 0.8558633 0.01597833 0.8561592 0.02387142 0.8561592 0.02387142 0.8558633 0.01597833 0.8610959 0.01618897 0.8558633 0.01597833 0.8611016 0.009929478 0.8610959 0.01618897 0.8558633 0.01597833 0.853787 0.01021367 0.8611016 0.009929478 0.8524056 0.01644712 0.853787 0.01021367 0.8558633 0.01597833 0.8524056 0.01644712 0.8509379 0.009916007 0.853787 0.01021367 0.8561592 0.02387142 0.8610959 0.01618897 0.8611941 0.02403753 0.8670514 0.02395021 0.8611941 0.02403753 0.8610959 0.01618897 0.8670514 0.02395021 0.8610959 0.01618897 0.8671558 0.01605945 0.8671558 0.01605945 0.8610959 0.01618897 0.8611016 0.009929478 0.8670514 0.02395021 0.8671558 0.01605945 0.8703528 0.01638245 0.8670514 0.02395021 0.8703528 0.01638245 0.8696642 0.02410167 0.8703528 0.01638245 0.8716998 0.02361148 0.8696642 0.02410167 0.8703528 0.01638245 0.8727753 0.01569008 0.8716998 0.02361148 0.8671558 0.01605945 0.8611016 0.009929478 0.8686476 0.009717583 0.8686476 0.009717583 0.8703528 0.01638245 0.8671558 0.01605945 0.8718436 0.009350955 0.8727753 0.01569008 0.8703528 0.01638245 0.8686476 0.009717583 0.8718436 0.009350955 0.8703528 0.01638245 0.8718436 0.009350955 0.8739863 0.009566605 0.8727753 0.01569008 0.8611906 0.03189927 0.8611941 0.02403753 0.8670514 0.02395021 0.8561592 0.02387142 0.8611941 0.02403753 0.8611906 0.03189927 0.8611906 0.03189927 0.8670514 0.02395021 0.8700841 0.03134715 0.8716998 0.02361148 0.8700841 0.03134715 0.8696642 0.02410167 0.8700841 0.03134715 0.8670514 0.02395021 0.8696642 0.02410167 0.8561592 0.02387142 0.8611906 0.03189927 0.8527632 0.03157609 0.8561592 0.02387142 0.8527632 0.03157609 0.853106 0.02350717 0.8527632 0.03157609 0.8506856 0.02367717 0.853106 0.02350717 0.8611906 0.03189927 0.8700841 0.03134715 0.8699274 0.03858625 0.8611906 0.03189927 0.8699274 0.03858625 0.8609576 0.0450344 0.8611906 0.03189927 0.8520398 0.03786754 0.8527632 0.03157609 0.8611906 0.03189927 0.8609576 0.0450344 0.8520398 0.03786754 0.8727753 0.01569008 0.8764758 0.02388119 0.8716998 0.02361148 0.8727753 0.01569008 0.8779483 0.016258 0.8764758 0.02388119 0.8739863 0.009566605 0.8779483 0.016258 0.8727753 0.01569008 0.8779483 0.016258 0.8830676 0.02490437 0.8764758 0.02388119 0.8779483 0.016258 0.88502 0.01704561 0.8830676 0.02490437 0.8949137 0.0300222 0.8830676 0.02490437 0.88502 0.01704561 0.8949137 0.0300222 0.88502 0.01704561 0.9011741 0.01940423 0.9156354 0.04270386 0.8949137 0.0300222 0.9011741 0.01940423 0.9156354 0.04270386 0.9011741 0.01940423 0.9277306 0.02524602 0.9277306 0.02524602 0.9011741 0.01940423 0.9030106 0.01227277 0.9277306 0.02524602 0.9030106 0.01227277 0.9333251 0.01716738 0.9277306 0.02524602 0.9333251 0.01716738 0.9491303 0.02450412 0.9277306 0.02524602 0.9491303 0.02450412 0.9485757 0.03587919 0.9277306 0.02524602 0.9452093 0.04889929 0.9156354 0.04270386 0.9277306 0.02524602 0.9485757 0.03587919 0.9452093 0.04889929 0.9452093 0.04889929 0.9485757 0.03587919 0.9708066 0.03856825 0.9452093 0.04889929 0.9708066 0.03856825 0.9710226 0.05260235 0.9693356 0.02782565 0.9485757 0.03587919 0.9491303 0.02450412 0.9693356 0.02782565 0.9708066 0.03856825 0.9485757 0.03587919 0.9688687 0.06713169 0.9452093 0.04889929 0.9710226 0.05260235 0.9688687 0.06713169 0.9414504 0.06185114 0.9452093 0.04889929 0.9452093 0.04889929 0.9155309 0.05421334 0.9156354 0.04270386 0.9452093 0.04889929 0.9414504 0.06185114 0.9155309 0.05421334 0.9011741 0.01940423 0.8883765 0.01233351 0.9030106 0.01227277 0.9011741 0.01940423 0.88502 0.01704561 0.8883765 0.01233351 0.8804162 0.01050662 0.8883765 0.01233351 0.88502 0.01704561 0.8804162 0.01050662 0.88502 0.01704561 0.8779483 0.016258 0.8739863 0.009566605 0.8804162 0.01050662 0.8779483 0.016258 0.9156354 0.04270386 0.9155309 0.05421334 0.8918934 0.04876321 0.9156354 0.04270386 0.8918934 0.04876321 0.8911204 0.04099678 0.8911204 0.04099678 0.8949137 0.0300222 0.9156354 0.04270386 0.8911204 0.04099678 0.8858585 0.0316568 0.8949137 0.0300222 0.8858585 0.0316568 0.8911204 0.04099678 0.8792298 0.03988081 0.8858585 0.0316568 0.8792298 0.03988081 0.8771997 0.0314514 0.8771997 0.0314514 0.8830676 0.02490437 0.8858585 0.0316568 0.8858585 0.0316568 0.8830676 0.02490437 0.8949137 0.0300222 0.8771997 0.0314514 0.8764758 0.02388119 0.8830676 0.02490437 0.8771997 0.0314514 0.8792298 0.03988081 0.8699274 0.03858625 0.8798976 0.0473926 0.8699274 0.03858625 0.8792298 0.03988081 0.8798976 0.0473926 0.8911204 0.04099678 0.8918934 0.04876321 0.8798976 0.0473926 0.8792298 0.03988081 0.8911204 0.04099678 0.8798976 0.0473926 0.8609576 0.0450344 0.8699274 0.03858625 0.8771997 0.0314514 0.8699274 0.03858625 0.8700841 0.03134715 0.8771997 0.0314514 0.8716998 0.02361148 0.8764758 0.02388119 0.8771997 0.0314514 0.8700841 0.03134715 0.8716998 0.02361148 0.8415132 0.04767721 0.8520398 0.03786754 0.8609576 0.0450344 0.8415132 0.04767721 0.8424111 0.04018533 0.8520398 0.03786754 0.84513 0.0314753 0.8520398 0.03786754 0.8424111 0.04018533 0.84513 0.0314753 0.8527632 0.03157609 0.8520398 0.03786754 0.84513 0.0314753 0.8506856 0.02367717 0.8527632 0.03157609 0.828712 0.04216641 0.8424111 0.04018533 0.8415132 0.04767721 0.828712 0.04216641 0.8415132 0.04767721 0.8281477 0.05005347 0.828712 0.04216641 0.8281477 0.05005347 0.8052802 0.05497145 0.828712 0.04216641 0.8052802 0.05497145 0.8006668 0.0430904 0.828712 0.04216641 0.8006668 0.0430904 0.8271737 0.02955991 0.9620255 0.4354093 0.9381626 0.4121081 0.9618983 0.4078748 0.9620255 0.4354093 0.9341271 0.4401287 0.9381626 0.4121081 0.9618983 0.4078748 0.9381626 0.4121081 0.9438276 0.3941803 0.9618983 0.4078748 0.9438276 0.3941803 0.9622796 0.3876347 0.979452 0.3957426 0.9618983 0.4078748 0.9622796 0.3876347 0.979452 0.3957426 0.9861816 0.4100475 0.9618983 0.4078748 0.9861816 0.4100475 0.9620255 0.4354093 0.9618983 0.4078748 0.9861816 0.4100475 0.9903893 0.4392911 0.9620255 0.4354093 0.9341271 0.4401287 0.9620255 0.4354093 0.9520411 0.4492405 0.9341271 0.4401287 0.9520411 0.4492405 0.9442321 0.4503326 0.9360864 0.4548355 0.9341271 0.4401287 0.9442321 0.4503326 0.9360864 0.4548355 0.9442321 0.4503326 0.9425136 0.4598255 0.9903893 0.4392911 0.9726212 0.4488869 0.9620255 0.4354093 0.9903893 0.4392911 0.9810923 0.4500083 0.9726212 0.4488869 0.9883889 0.4542309 0.9810923 0.4500083 0.9903893 0.4392911 0.9883889 0.4542309 0.9820309 0.4590256 0.9810923 0.4500083 0.9754387 0.4604744 0.9810923 0.4500083 0.9820309 0.4590256 0.9754387 0.4604744 0.9726212 0.4488869 0.9810923 0.4500083 0.9726212 0.4488869 0.9754387 0.4604744 0.9732734 0.4603866 0.9707077 0.4624502 0.9726212 0.4488869 0.9732734 0.4603866 0.9707077 0.4624502 0.9621933 0.44933 0.9726212 0.4488869 0.9621933 0.44933 0.9542669 0.462619 0.9520411 0.4492405 0.9520411 0.4492405 0.9542669 0.462619 0.9517966 0.4606879 0.9491599 0.4607628 0.9520411 0.4492405 0.9517966 0.4606879 0.9491599 0.4607628 0.9442321 0.4503326 0.9520411 0.4492405 0.9491599 0.4607628 0.9425136 0.4598255 0.9442321 0.4503326 0.9621933 0.44933 0.9624513 0.4643013 0.9542669 0.462619 0.9707077 0.4624502 0.9624513 0.4643013 0.9621933 0.44933 0.9726212 0.4488869 0.9621933 0.44933 0.9620255 0.4354093 0.9620255 0.4354093 0.9621933 0.44933 0.9520411 0.4492405 0.9311881 0.3235925 0.956347 0.3375104 0.9312143 0.3396854 0.9311881 0.3235925 0.9571157 0.3211823 0.956347 0.3375104 0.9855199 0.3347389 0.956347 0.3375104 0.9571157 0.3211823 0.9040904 0.3394773 0.9311881 0.3235925 0.9312143 0.3396854 0.9040904 0.3394773 0.9041703 0.322728 0.9311881 0.3235925 0.9041703 0.322728 0.9040904 0.3394773 0.8771069 0.3374041 0.876092 0.3052541 0.9041703 0.322728 0.8771069 0.3374041 0.876092 0.3052541 0.904325 0.3072516 0.9041703 0.322728 0.9041703 0.322728 0.9313004 0.308482 0.9311881 0.3235925 0.9041703 0.322728 0.904325 0.3072516 0.9313004 0.308482 0.9313004 0.308482 0.9571157 0.3211823 0.9311881 0.3235925 0.9313004 0.308482 0.9579659 0.3060233 0.9571157 0.3211823 0.9571157 0.3211823 0.9855266 0.3041888 0.9855199 0.3347389 0.9571157 0.3211823 0.9579659 0.3060233 0.9855266 0.3041888 0.8771069 0.3374041 0.9040904 0.3394773 0.9042301 0.354097 0.9040904 0.3394773 0.9295547 0.3550515 0.9042301 0.354097 0.9040904 0.3394773 0.9312143 0.3396854 0.9295547 0.3550515 0.9559083 0.3497998 0.9312143 0.3396854 0.956347 0.3375104 0.9559083 0.3497998 0.9295547 0.3550515 0.9312143 0.3396854 0.9855199 0.3347389 0.9559083 0.3497998 0.956347 0.3375104 0.6739634 0.04626208 0.7037351 0.0663504 0.6749094 0.06758964 0.6739634 0.04626208 0.7041807 0.04538714 0.7037351 0.0663504 0.679593 0.02528965 0.7041807 0.04538714 0.6739634 0.04626208 0.679593 0.02528965 0.7043668 0.01282417 0.7041807 0.04538714 0.7041807 0.04538714 0.7043668 0.01282417 0.7287336 0.02465569 0.7041807 0.04538714 0.7287336 0.02465569 0.732654 0.04523235 0.7037351 0.0663504 0.7041807 0.04538714 0.732654 0.04523235 0.7037351 0.0663504 0.732654 0.04523235 0.733371 0.06715208 0.7037351 0.0663504 0.733371 0.06715208 0.7221137 0.08314281 0.7037351 0.0663504 0.7221137 0.08314281 0.7037159 0.08891087 0.7037351 0.0663504 0.6863888 0.08360224 0.6749094 0.06758964 0.7037351 0.0663504 0.7037159 0.08891087 0.6863888 0.08360224 0.771548 0.2400001 0.7914772 0.2314416 0.7914772 0.2378859 0.771548 0.2400001 0.7710319 0.2316267 0.7914772 0.2314416 0.790422 0.247999 0.771548 0.2400001 0.7914772 0.2378859 0.790422 0.247999 0.7702408 0.2520982 0.771548 0.2400001 0.8095601 0.2352663 0.7914772 0.2378859 0.7914772 0.2314416 0.8095601 0.2352663 0.7914772 0.2314416 0.8081017 0.230243 0.7914772 0.2378859 0.8095343 0.2446606 0.790422 0.247999 0.7914772 0.2378859 0.8095601 0.2352663 0.8095343 0.2446606 0.7888899 0.2565569 0.7702408 0.2520982 0.790422 0.247999 0.7888899 0.2565569 0.7720986 0.2744448 0.7702408 0.2520982 0.7970216 0.2663106 0.7720986 0.2744448 0.7888899 0.2565569 0.5170004 0.280229 0.5244135 0.249306 0.5321628 0.284087 0.5170004 0.280229 0.5175407 0.2487862 0.5244135 0.249306 0.5 0.276004 0.5175407 0.2487862 0.5170004 0.280229 0.5 0.276004 0.5 0.2468742 0.5175407 0.2487862 0.5 0.2962842 0.5 0.276004 0.5170004 0.280229 0.5 0.2962842 0.5170004 0.280229 0.5116432 0.2963498 0.5321628 0.284087 0.5116432 0.2963498 0.5170004 0.280229 0.5321628 0.284087 0.5176286 0.3125804 0.5116432 0.2963498 0.5 0.3164118 0.5116432 0.2963498 0.5176286 0.3125804 0.5 0.3164118 0.5 0.2962842 0.5116432 0.2963498 0.5 0.3420871 0.5 0.3164118 0.5176286 0.3125804 0.5 0.3420871 0.5176286 0.3125804 0.5234115 0.3432681 0.5424551 0.3174362 0.5176286 0.3125804 0.5321628 0.284087 0.5424551 0.3174362 0.5234115 0.3432681 0.5176286 0.3125804 0.5 0.3420871 0.5234115 0.3432681 0.5159092 0.3703107 0.5 0.3420871 0.5159092 0.3703107 0.5 0.3675966 0.5159092 0.3703107 0.5 0.3876479 0.5 0.3675966 0.5159092 0.3703107 0.5143148 0.3868541 0.5 0.3876479 0.5 0.3876479 0.5143148 0.3868541 0.5155217 0.4075464 0.5 0.3876479 0.5155217 0.4075464 0.5 0.4083329 0.540785 0.3693548 0.5159092 0.3703107 0.5234115 0.3432681 0.540785 0.3693548 0.5255524 0.3822591 0.5159092 0.3703107 0.5159092 0.3703107 0.5255524 0.3822591 0.5143148 0.3868541 0.5 0.3164118 0.4883569 0.2963498 0.5 0.2962842 0.5 0.2962842 0.4883569 0.2963498 0.4829996 0.280229 0.5 0.2962842 0.4829996 0.280229 0.5 0.276004 0.5 0.276004 0.4829996 0.280229 0.4824593 0.2487862 0.4829996 0.280229 0.4755865 0.249306 0.4824593 0.2487862 0.4829996 0.280229 0.4678373 0.284087 0.4755865 0.249306 0.4883569 0.2963498 0.4678373 0.284087 0.4829996 0.280229 0.5 0.276004 0.4824593 0.2487862 0.5 0.2468742 0.4883569 0.2963498 0.4823715 0.3125804 0.4678373 0.284087 0.5 0.3164118 0.4823715 0.3125804 0.4883569 0.2963498 0.5 0.3420871 0.4823715 0.3125804 0.5 0.3164118 0.5 0.3420871 0.4765886 0.3432681 0.4823715 0.3125804 0.4823715 0.3125804 0.457545 0.3174362 0.4678373 0.284087 0.4823715 0.3125804 0.4765886 0.3432681 0.457545 0.3174362 0.4432767 0.3503569 0.457545 0.3174362 0.4765886 0.3432681 0.4432767 0.3503569 0.4765886 0.3432681 0.4592151 0.3693548 0.4305174 0.3851851 0.4432767 0.3503569 0.4592151 0.3693548 0.4305174 0.3851851 0.4592151 0.3693548 0.4485228 0.3959988 0.4485228 0.3959988 0.4180448 0.4194957 0.4305174 0.3851851 0.4485228 0.3959988 0.4379737 0.4266318 0.4180448 0.4194957 0.4744477 0.3822591 0.4485228 0.3959988 0.4592151 0.3693548 0.4744477 0.3822591 0.4687315 0.4041668 0.4485228 0.3959988 0.4379737 0.4266318 0.4485228 0.3959988 0.4687315 0.4041668 0.4687315 0.4041668 0.4744477 0.3822591 0.4856853 0.3868541 0.4687315 0.4041668 0.4856853 0.3868541 0.4844784 0.4075464 0.4624646 0.4358631 0.4687315 0.4041668 0.4844784 0.4075464 0.4379737 0.4266318 0.4687315 0.4041668 0.4624646 0.4358631 0.4624646 0.4358631 0.4844784 0.4075464 0.4833231 0.4415608 0.4833231 0.4415608 0.4844784 0.4075464 0.5 0.4083329 0.4833231 0.4415608 0.5 0.4083329 0.5 0.442027 0.4799436 0.4662433 0.4624646 0.4358631 0.4833231 0.4415608 0.4799436 0.4662433 0.4566152 0.4656182 0.4624646 0.4358631 0.5 0.4665861 0.4833231 0.4415608 0.5 0.442027 0.5 0.4665861 0.4799436 0.4662433 0.4833231 0.4415608 0.4331012 0.4638607 0.4624646 0.4358631 0.4566152 0.4656182 0.4331012 0.4638607 0.4379737 0.4266318 0.4624646 0.4358631 0.4050557 0.4631853 0.4379737 0.4266318 0.4331012 0.4638607 0.4050557 0.4631853 0.4180448 0.4194957 0.4379737 0.4266318 0.4050557 0.4631853 0.396967 0.4506164 0.4180448 0.4194957 0.3683778 0.467769 0.396967 0.4506164 0.4050557 0.4631853 0.3683778 0.467769 0.3666214 0.4596379 0.396967 0.4506164 0.3666214 0.4596379 0.3683778 0.467769 0.3351783 0.4653637 0.3666214 0.4596379 0.3351783 0.4653637 0.3348618 0.4598616 0.3065015 0.448363 0.3348618 0.4598616 0.3351783 0.4653637 0.3065015 0.448363 0.3351783 0.4653637 0.3005073 0.4540318 0.3065015 0.448363 0.3005073 0.4540318 0.2891923 0.4186947 0.3065015 0.448363 0.2891923 0.4186947 0.2960651 0.418707 0.2716516 0.4511646 0.2891923 0.4186947 0.3005073 0.4540318 0.2716516 0.4511646 0.2716516 0.4196228 0.2891923 0.4186947 0.2716516 0.4862208 0.2716516 0.4511646 0.3005073 0.4540318 0.2716516 0.4862208 0.3005073 0.4540318 0.299331 0.4870045 0.299331 0.4870045 0.3005073 0.4540318 0.3351783 0.4653637 0.299331 0.4870045 0.3351783 0.4653637 0.3371164 0.4892664 0.3371164 0.4892664 0.3351783 0.4653637 0.3683778 0.467769 0.3371164 0.4892664 0.3683778 0.467769 0.3703346 0.4905454 0.4029121 0.4889308 0.3683778 0.467769 0.4050557 0.4631853 0.4029121 0.4889308 0.3703346 0.4905454 0.3683778 0.467769 0.4303056 0.487827 0.4029121 0.4889308 0.4050557 0.4631853 0.4303056 0.487827 0.4050557 0.4631853 0.4331012 0.4638607 0.4331012 0.4638607 0.4553046 0.48746 0.4303056 0.487827 0.4331012 0.4638607 0.4566152 0.4656182 0.4553046 0.48746 0.4787307 0.4871853 0.4553046 0.48746 0.4566152 0.4656182 0.4787307 0.4871853 0.4566152 0.4656182 0.4799436 0.4662433 0.5 0.4871396 0.4787307 0.4871853 0.4799436 0.4662433 0.5 0.4871396 0.4799436 0.4662433 0.5 0.4665861 0.8281474 0.103873 0.8042672 0.1094223 0.8052802 0.09667897 0.8281474 0.103873 0.8329671 0.1130904 0.8042672 0.1094223 0.8281474 0.103873 0.8415127 0.1070312 0.8329671 0.1130904 0.5518307 0.5621402 0.5405905 0.536546 0.5624083 0.5397225 0.5518307 0.5621402 0.5345275 0.5586251 0.5405905 0.536546 0.6258381 0.5419607 0.6328429 0.5737566 0.6057366 0.5553335 0.6258381 0.5419607 0.6508194 0.5541188 0.6328429 0.5737566 0.6561225 0.5411586 0.6508194 0.5541188 0.6258381 0.5419607 0.6057366 0.5553335 0.6249259 0.5295342 0.6258381 0.5419607 0.6249259 0.5295342 0.6561225 0.5411586 0.6258381 0.5419607 0.6057366 0.5553335 0.5877617 0.541121 0.6249259 0.5295342 0.6249259 0.5295342 0.6598392 0.5297736 0.6561225 0.5411586 0.8607006 0.1158989 0.8798976 0.1078004 0.8886433 0.1143019 0.8607006 0.1158989 0.8609572 0.1086906 0.8798976 0.1078004 0.7678547 0.164208 0.7363601 0.1569015 0.7436357 0.1358953 0.7463119 0.182488 0.7363601 0.1569015 0.7678547 0.164208 0.7463119 0.182488 0.7262826 0.181598 0.7363601 0.1569015 0.1904399 0.2352663 0.1769427 0.2293072 0.1918984 0.230243 0.1904399 0.2352663 0.1768486 0.2346337 0.1769427 0.2293072 0.1767338 0.2436279 0.1768486 0.2346337 0.1904399 0.2352663 0.1767338 0.2436279 0.1904399 0.2352663 0.1904656 0.2446606 0.1625647 0.2348276 0.1769427 0.2293072 0.1768486 0.2346337 0.1625647 0.2348276 0.1768486 0.2346337 0.1767338 0.2436279 0.1625647 0.2348276 0.1609514 0.2296177 0.1769427 0.2293072 0.1625647 0.2348276 0.1767338 0.2436279 0.1623212 0.2445328 0.1623212 0.2445328 0.1767338 0.2436279 0.1767164 0.2509322 0.1767164 0.2509322 0.1767338 0.2436279 0.1904656 0.2446606 0.1623212 0.2445328 0.1767164 0.2509322 0.1600377 0.2528611 0.1767164 0.2509322 0.1904656 0.2446606 0.1924296 0.2528997 0.1924296 0.2528997 0.1904656 0.2446606 0.2095779 0.247999 0.1924296 0.2528997 0.2095779 0.247999 0.2111102 0.2565569 0.1600377 0.2528611 0.1767164 0.2509322 0.1766782 0.2626401 0.1766782 0.2626401 0.1767164 0.2509322 0.1924296 0.2528997 0.1600377 0.2528611 0.1766782 0.2626401 0.149985 0.2660108 0.1600377 0.2528611 0.149985 0.2660108 0.141807 0.2563292 0.1766782 0.2626401 0.1924296 0.2528997 0.2029783 0.2663106 0.2029783 0.2663106 0.1924296 0.2528997 0.2111102 0.2565569 0.1623212 0.2445328 0.144132 0.2369749 0.1625647 0.2348276 0.144132 0.2369749 0.1609514 0.2296177 0.1625647 0.2348276 0.1623212 0.2445328 0.1435885 0.2475543 0.144132 0.2369749 0.1600377 0.2528611 0.1435885 0.2475543 0.1623212 0.2445328 0.1600377 0.2528611 0.141807 0.2563292 0.1435885 0.2475543 0.1435885 0.2475543 0.1242157 0.2394109 0.144132 0.2369749 0.1242157 0.2394109 0.1438124 0.2305011 0.144132 0.2369749 0.144132 0.2369749 0.1438124 0.2305011 0.1609514 0.2296177 0.1242157 0.2394109 0.1221367 0.2318088 0.1438124 0.2305011 0.09960126 0.2369165 0.1221367 0.2318088 0.1242157 0.2394109 0.09960126 0.2369165 0.1242157 0.2394109 0.09978735 0.2454777 0.09978735 0.2454777 0.1242157 0.2394109 0.1238701 0.2522616 0.1435885 0.2475543 0.1238701 0.2522616 0.1242157 0.2394109 0.141807 0.2563292 0.1238701 0.2522616 0.1435885 0.2475543 0.09978735 0.2454777 0.1238701 0.2522616 0.09777998 0.2588719 0.06897282 0.2502114 0.09978735 0.2454777 0.09777998 0.2588719 0.06897282 0.2502114 0.09777998 0.2588719 0.06891405 0.2635521 0.03953719 0.2588114 0.06897282 0.2502114 0.06891405 0.2635521 0.03953719 0.2588114 0.03707003 0.2451803 0.06897282 0.2502114 0.03707003 0.2451803 0.06889665 0.2396909 0.06897282 0.2502114 0.09978735 0.2454777 0.06889665 0.2396909 0.09960126 0.2369165 0.09978735 0.2454777 0.06897282 0.2502114 0.06889665 0.2396909 0.03707003 0.2451803 0.03734564 0.2362629 0.06889665 0.2396909 0.03734564 0.2362629 0.03707003 0.2451803 0.01145148 0.2400001 0.03734564 0.2362629 0.01145148 0.2400001 0.01394748 0.2316267 0.01206648 0.2520982 0.03707003 0.2451803 0.03953719 0.2588114 0.01206648 0.2520982 0.01145148 0.2400001 0.03707003 0.2451803 0.1243842 0.2717114 0.09777998 0.2588719 0.1238701 0.2522616 0.1243842 0.2717114 0.09654438 0.2793536 0.09777998 0.2588719 0.09654438 0.2793536 0.06891405 0.2635521 0.09777998 0.2588719 0.01385962 0.2744448 0.01206648 0.2520982 0.03953719 0.2588114 0.01385962 0.2744448 0.03953719 0.2588114 0.04144692 0.2794991 0.04144692 0.2794991 0.03953719 0.2588114 0.06891405 0.2635521 0.04144692 0.2794991 0.06891405 0.2635521 0.06887459 0.2839739 0.09654438 0.2793536 0.06887459 0.2839739 0.06891405 0.2635521 0.141807 0.2563292 0.1243842 0.2717114 0.1238701 0.2522616 0.149985 0.2660108 0.1243842 0.2717114 0.141807 0.2563292 0.2044523 0.3358559 0.1768234 0.3036249 0.2035478 0.3034086 0.2044523 0.3358559 0.1774579 0.336983 0.1768234 0.3036249 0.2284055 0.3041888 0.2044523 0.3358559 0.2035478 0.3034086 0.2284055 0.3041888 0.2309 0.3347389 0.2044523 0.3358559 0.1768234 0.3036249 0.2029783 0.2963221 0.2035478 0.3034086 0.1768234 0.3036249 0.1766782 0.2959013 0.2029783 0.2963221 0.2035478 0.3034086 0.2279013 0.2962522 0.2284055 0.3041888 0.2035478 0.3034086 0.2029783 0.2963221 0.2279013 0.2962522 0.149985 0.2973593 0.1766782 0.2959013 0.1768234 0.3036249 0.149985 0.2973593 0.1768234 0.3036249 0.1497359 0.3041846 0.1497359 0.3041846 0.1243842 0.2986677 0.149985 0.2973593 0.1497359 0.3041846 0.1239079 0.3052541 0.1243842 0.2986677 0.1500024 0.3366869 0.1239079 0.3052541 0.1497359 0.3041846 0.1500024 0.3366869 0.1768234 0.3036249 0.1774579 0.336983 0.1500024 0.3366869 0.1497359 0.3041846 0.1768234 0.3036249 0.1500024 0.3366869 0.1228931 0.3374041 0.1239079 0.3052541 0.09582972 0.322728 0.1239079 0.3052541 0.1228931 0.3374041 0.09582972 0.322728 0.09567499 0.3072516 0.1239079 0.3052541 0.09654438 0.3006657 0.1239079 0.3052541 0.09567499 0.3072516 0.09654438 0.3006657 0.1243842 0.2986677 0.1239079 0.3052541 0.06869959 0.308482 0.09567499 0.3072516 0.09582972 0.322728 0.06869959 0.308482 0.09582972 0.322728 0.06881177 0.3235925 0.04288434 0.3211822 0.06869959 0.308482 0.06881177 0.3235925 0.04288434 0.3211822 0.04203426 0.3060233 0.06869959 0.308482 0.04288434 0.3211822 0.01447343 0.3041888 0.04203426 0.3060233 0.04288434 0.3211822 0.01448011 0.3347389 0.01447343 0.3041888 0.01447343 0.3041888 0.04144692 0.29942 0.04203426 0.3060233 0.01447343 0.3041888 0.01385962 0.2962522 0.04144692 0.29942 0.04203426 0.3060233 0.06887459 0.3021571 0.06869959 0.308482 0.04203426 0.3060233 0.04144692 0.29942 0.06887459 0.3021571 0.06887459 0.3021571 0.09567499 0.3072516 0.06869959 0.308482 0.06887459 0.3021571 0.09654438 0.3006657 0.09567499 0.3072516 0.1500024 0.3366869 0.1230465 0.3791697 0.1228931 0.3374041 0.1500024 0.3366869 0.1511758 0.3792793 0.1230465 0.3791697 0.1774579 0.336983 0.1511758 0.3792793 0.1500024 0.3366869 0.1774579 0.336983 0.1776027 0.3803751 0.1511758 0.3792793 0.1511758 0.3792793 0.1776027 0.3803751 0.1505841 0.4031639 0.1230465 0.3791697 0.1511758 0.3792793 0.1505841 0.4031639 0.1774579 0.336983 0.202141 0.3789172 0.1776027 0.3803751 0.1774579 0.336983 0.2044523 0.3358559 0.202141 0.3789172 0.2044523 0.3358559 0.2346318 0.3579541 0.202141 0.3789172 0.2346318 0.3579541 0.2096412 0.3841487 0.202141 0.3789172 0.2346318 0.3579541 0.238254 0.3679329 0.2096412 0.3841487 0.2044523 0.3358559 0.2309 0.3347389 0.2346318 0.3579541 0.1230465 0.3791697 0.1505841 0.4031639 0.1238144 0.4087925 0.1238144 0.4087925 0.1505841 0.4031639 0.1502761 0.4248162 0.1238144 0.4087925 0.1502761 0.4248162 0.1230619 0.430732 0.1230619 0.430732 0.1502761 0.4248162 0.1520713 0.449058 0.1502761 0.4248162 0.1763225 0.4312742 0.1520713 0.449058 0.1502761 0.4248162 0.175437 0.4101817 0.1763225 0.4312742 0.1505841 0.4031639 0.175437 0.4101817 0.1502761 0.4248162 0.1505841 0.4031639 0.1776027 0.3803751 0.175437 0.4101817 0.1230619 0.430732 0.1520713 0.449058 0.1212115 0.4543036 0.09131121 0.4391527 0.1230619 0.430732 0.1212115 0.4543036 0.09131121 0.4391527 0.1023987 0.4259334 0.1230619 0.430732 0.1023987 0.4259334 0.1238144 0.4087925 0.1230619 0.430732 0.1023987 0.4259334 0.09564006 0.4044923 0.1238144 0.4087925 0.1023987 0.4259334 0.08153712 0.4124305 0.09564006 0.4044923 0.1023987 0.4259334 0.09131121 0.4391527 0.08153712 0.4124305 0.1935365 0.4079383 0.1763225 0.4312742 0.175437 0.4101817 0.1935365 0.4079383 0.175437 0.4101817 0.1878584 0.3986057 0.2096412 0.3841487 0.1935365 0.4079383 0.1878584 0.3986057 0.175437 0.4101817 0.1776027 0.3803751 0.1878584 0.3986057 0.1230465 0.3791697 0.1238144 0.4087925 0.09564006 0.4044923 0.1230465 0.3791697 0.09564006 0.4044923 0.09534168 0.3774774 0.09534168 0.3774774 0.09564006 0.4044923 0.07233977 0.3725594 0.09564006 0.4044923 0.08153712 0.4124305 0.07233977 0.3725594 0.09577 0.354097 0.1230465 0.3791697 0.09534168 0.3774774 0.09577 0.354097 0.09534168 0.3774774 0.07233977 0.3725594 0.09577 0.354097 0.1228931 0.3374041 0.1230465 0.3791697 0.09577 0.354097 0.07233977 0.3725594 0.07044529 0.3550515 0.07044529 0.3550515 0.07233977 0.3725594 0.04454326 0.3596817 0.07233977 0.3725594 0.0434103 0.3668724 0.04454326 0.3596817 0.01169645 0.3579541 0.04454326 0.3596817 0.0434103 0.3668724 0.01169645 0.3579541 0.0434103 0.3668724 0.01073801 0.3679329 0.07233977 0.3725594 0.06943738 0.3833757 0.0434103 0.3668724 0.08153712 0.4124305 0.06943738 0.3833757 0.07233977 0.3725594 0.0440917 0.3497998 0.04454326 0.3596817 0.01169645 0.3579541 0.07044529 0.3550515 0.04454326 0.3596817 0.0440917 0.3497998 0.0440917 0.3497998 0.01169645 0.3579541 0.01448011 0.3347389 0.1878584 0.3986057 0.1776027 0.3803751 0.202141 0.3789172 0.2096412 0.3841487 0.1878584 0.3986057 0.202141 0.3789172 0.0440917 0.3497998 0.01448011 0.3347389 0.04365289 0.3375104 0.04288434 0.3211822 0.04365289 0.3375104 0.01448011 0.3347389 0.04365289 0.3375104 0.04288434 0.3211822 0.06881177 0.3235925 0.04365289 0.3375104 0.06881177 0.3235925 0.06878566 0.3396854 0.0440917 0.3497998 0.06878566 0.3396854 0.07044529 0.3550515 0.0440917 0.3497998 0.04365289 0.3375104 0.06878566 0.3396854 0.06881177 0.3235925 0.09590971 0.3394773 0.06878566 0.3396854 0.07044529 0.3550515 0.06878566 0.3396854 0.09590971 0.3394773 0.09590971 0.3394773 0.09582972 0.322728 0.1228931 0.3374041 0.06881177 0.3235925 0.09582972 0.322728 0.09590971 0.3394773 0.07044529 0.3550515 0.09590971 0.3394773 0.09577 0.354097 0.09577 0.354097 0.09590971 0.3394773 0.1228931 0.3374041 0.2225987 0.1045532 0.2524694 0.1183017 0.2258691 0.1234853 0.2225987 0.1045532 0.2494542 0.1004098 0.2524694 0.1183017 0.2258691 0.1234853 0.1957328 0.1094223 0.2225987 0.1045532 0.2258691 0.1234853 0.1975833 0.127851 0.1957328 0.1094223 0.1975833 0.127851 0.1670329 0.1130904 0.1957328 0.1094223 0.1975833 0.127851 0.1679745 0.1325701 0.1670329 0.1130904 0.1679745 0.1325701 0.1392993 0.1158989 0.1670329 0.1130904 0.1679745 0.1325701 0.1390538 0.1351405 0.1392993 0.1158989 0.1392993 0.1158989 0.1584873 0.1070312 0.1670329 0.1130904 0.1392993 0.1158989 0.1390427 0.1086906 0.1584873 0.1070312 0.2225987 0.1045532 0.1957328 0.1094223 0.1947197 0.09667897 0.2225987 0.1045532 0.1947197 0.09667897 0.2214984 0.09088879 0.2214984 0.09088879 0.2494542 0.1004098 0.2225987 0.1045532 0.2214984 0.09088879 0.2467797 0.0854991 0.2494542 0.1004098 0.1390538 0.1351405 0.1113568 0.1143019 0.1392993 0.1158989 0.1390538 0.1351405 0.108546 0.1335893 0.1113568 0.1143019 0.08003723 0.1286977 0.1113568 0.1143019 0.108546 0.1335893 0.08003723 0.1286977 0.08228862 0.108839 0.1113568 0.1143019 0.05168735 0.1231141 0.08228862 0.108839 0.08003723 0.1286977 0.05168735 0.1231141 0.05581188 0.1044585 0.08228862 0.108839 0.05854952 0.09055227 0.08228862 0.108839 0.05581188 0.1044585 0.05854952 0.09055227 0.08446907 0.09587401 0.08228862 0.108839 0.1081067 0.1045396 0.08228862 0.108839 0.08446907 0.09587401 0.1081067 0.1045396 0.1113568 0.1143019 0.08228862 0.108839 0.05168735 0.1231141 0.02887094 0.1004098 0.05581188 0.1044585 0.05168735 0.1231141 0.02619671 0.1183017 0.02887094 0.1004098 0.05581188 0.1044585 0.0311315 0.0854991 0.05854952 0.09055227 0.05581188 0.1044585 0.02887094 0.1004098 0.0311315 0.0854991 0.1113568 0.1143019 0.1081067 0.1045396 0.1201025 0.1078004 0.05168735 0.1231141 0.02337586 0.1358953 0.02619671 0.1183017 0.05168735 0.1231141 0.04793202 0.1420853 0.02337586 0.1358953 0.08003723 0.1286977 0.04793202 0.1420853 0.05168735 0.1231141 0.08003723 0.1286977 0.07657492 0.1496174 0.04793202 0.1420853 0.108546 0.1335893 0.07657492 0.1496174 0.08003723 0.1286977 0.108546 0.1335893 0.1061381 0.1549183 0.07657492 0.1496174 0.108546 0.1335893 0.1381025 0.1573832 0.1061381 0.1549183 0.1381025 0.1573832 0.1217344 0.1717184 0.1061381 0.1549183 0.1381025 0.1573832 0.1374135 0.1721667 0.1217344 0.1717184 0.108546 0.1335893 0.1390538 0.1351405 0.1381025 0.1573832 0.1681778 0.1515991 0.1381025 0.1573832 0.1390538 0.1351405 0.1681778 0.1515991 0.1390538 0.1351405 0.1679745 0.1325701 0.1988681 0.1455634 0.1681778 0.1515991 0.1679745 0.1325701 0.1988681 0.1455634 0.1679745 0.1325701 0.1975833 0.127851 0.2289043 0.1410666 0.1988681 0.1455634 0.1975833 0.127851 0.2289043 0.1410666 0.1975833 0.127851 0.2258691 0.1234853 0.2524694 0.1183017 0.2289043 0.1410666 0.2258691 0.1234853 0.2524694 0.1183017 0.2563644 0.1358953 0.2289043 0.1410666 0.1534001 0.1692205 0.1381025 0.1573832 0.1681778 0.1515991 0.1534001 0.1692205 0.1374135 0.1721667 0.1381025 0.1573832 0.2001308 0.1668411 0.1681778 0.1515991 0.1988681 0.1455634 0.2001308 0.1668411 0.1681774 0.1766935 0.1681778 0.1515991 0.1681774 0.1766935 0.1534001 0.1692205 0.1681778 0.1515991 0.1996532 0.1789606 0.1681774 0.1766935 0.2001308 0.1668411 0.1996532 0.1789606 0.1668323 0.1922681 0.1681774 0.1766935 0.1996532 0.1789606 0.2001308 0.1668411 0.2321451 0.164208 0.2321451 0.164208 0.1988681 0.1455634 0.2289043 0.1410666 0.2321451 0.164208 0.2001308 0.1668411 0.1988681 0.1455634 0.2321451 0.164208 0.2289043 0.1410666 0.2563644 0.1358953 0.1996532 0.1789606 0.2321451 0.164208 0.2359627 0.1797283 0.1668323 0.1922681 0.1532216 0.1836743 0.1681774 0.1766935 0.1681774 0.1766935 0.1532216 0.1836743 0.1534001 0.1692205 0.1668323 0.1922681 0.1526027 0.2000041 0.1532216 0.1836743 0.1526027 0.2000041 0.1367776 0.1874049 0.1532216 0.1836743 0.1526027 0.2000041 0.1366535 0.1997467 0.1367776 0.1874049 0.1374754 0.2121248 0.1366535 0.1997467 0.1526027 0.2000041 0.1374754 0.2121248 0.1291213 0.2104513 0.1366535 0.1997467 0.1366535 0.1997467 0.1212985 0.1868066 0.1367776 0.1874049 0.1366535 0.1997467 0.1191754 0.2080668 0.1212985 0.1868066 0.1291213 0.2104513 0.1191754 0.2080668 0.1366535 0.1997467 0.1014268 0.1835098 0.1212985 0.1868066 0.1191754 0.2080668 0.1014268 0.1835098 0.1191754 0.2080668 0.09855556 0.2094458 0.06890928 0.2036023 0.1014268 0.1835098 0.09855556 0.2094458 0.06890928 0.2036023 0.07299077 0.1748372 0.1014268 0.1835098 0.07299077 0.1748372 0.06890928 0.2036023 0.03803622 0.1930277 0.07299077 0.1748372 0.03803622 0.1930277 0.04344308 0.1664425 0.04344308 0.1664425 0.03803622 0.1930277 0.01091814 0.181598 0.04344308 0.1664425 0.01091814 0.181598 0.01707279 0.1569015 0.01707279 0.1569015 0.04793202 0.1420853 0.04344308 0.1664425 0.01707279 0.1569015 0.02337586 0.1358953 0.04793202 0.1420853 0.04344308 0.1664425 0.07657492 0.1496174 0.07299077 0.1748372 0.04344308 0.1664425 0.04793202 0.1420853 0.07657492 0.1496174 0.07299077 0.1748372 0.1061381 0.1549183 0.1014268 0.1835098 0.07299077 0.1748372 0.07657492 0.1496174 0.1061381 0.1549183 0.1014268 0.1835098 0.1217344 0.1717184 0.1212985 0.1868066 0.1014268 0.1835098 0.1061381 0.1549183 0.1217344 0.1717184 0.1212985 0.1868066 0.1217344 0.1717184 0.1374135 0.1721667 0.1212985 0.1868066 0.1374135 0.1721667 0.1367776 0.1874049 0.1374135 0.1721667 0.1532216 0.1836743 0.1367776 0.1874049 0.1374135 0.1721667 0.1534001 0.1692205 0.1532216 0.1836743 0.03797441 0.4354093 0.06183743 0.4121081 0.06587284 0.4401287 0.03797441 0.4354093 0.03810161 0.4078748 0.06183743 0.4121081 0.03810161 0.4078748 0.05617237 0.3941803 0.06183743 0.4121081 0.03810161 0.4078748 0.03772038 0.3876347 0.05617237 0.3941803 0.02054798 0.3957426 0.03772038 0.3876347 0.03810161 0.4078748 0.02054798 0.3957426 0.03810161 0.4078748 0.01381832 0.4100475 0.01381832 0.4100475 0.03810161 0.4078748 0.03797441 0.4354093 0.01381832 0.4100475 0.03797441 0.4354093 0.009610712 0.4392911 0.04795885 0.4492405 0.03797441 0.4354093 0.06587284 0.4401287 0.04795885 0.4492405 0.06587284 0.4401287 0.05576789 0.4503326 0.06391364 0.4548355 0.05576789 0.4503326 0.06587284 0.4401287 0.06391364 0.4548355 0.05748641 0.4598255 0.05576789 0.4503326 0.02737879 0.4488869 0.009610712 0.4392911 0.03797441 0.4354093 0.02737879 0.4488869 0.01890772 0.4500083 0.009610712 0.4392911 0.01890772 0.4500083 0.0116111 0.4542309 0.009610712 0.4392911 0.01890772 0.4500083 0.01796907 0.4590256 0.0116111 0.4542309 0.02456128 0.4604744 0.01890772 0.4500083 0.02737879 0.4488869 0.02456128 0.4604744 0.01796907 0.4590256 0.01890772 0.4500083 0.02456128 0.4604744 0.02737879 0.4488869 0.0267266 0.4603866 0.02737879 0.4488869 0.02929228 0.4624502 0.0267266 0.4603866 0.03780668 0.44933 0.02929228 0.4624502 0.02737879 0.4488869 0.03780668 0.44933 0.04795885 0.4492405 0.04573309 0.462619 0.04573309 0.462619 0.04795885 0.4492405 0.0482034 0.4606879 0.04795885 0.4492405 0.05084007 0.4607628 0.0482034 0.4606879 0.05576789 0.4503326 0.05084007 0.4607628 0.04795885 0.4492405 0.05576789 0.4503326 0.05748641 0.4598255 0.05084007 0.4607628 0.03780668 0.44933 0.04573309 0.462619 0.03754866 0.4643013 0.03780668 0.44933 0.03754866 0.4643013 0.02929228 0.4624502 0.03780668 0.44933 0.02737879 0.4488869 0.03797441 0.4354093 0.03780668 0.44933 0.03797441 0.4354093 0.04795885 0.4492405 0.07226938 0.02524602 0.09698945 0.01227277 0.09882611 0.01940423 0.07226938 0.02524602 0.066675 0.01716738 0.09698945 0.01227277 0.07226938 0.02524602 0.05086964 0.02450412 0.066675 0.01716738 0.07226938 0.02524602 0.0514242 0.03587919 0.05086964 0.02450412 0.05479079 0.04889929 0.0514242 0.03587919 0.07226938 0.02524602 0.05479079 0.04889929 0.07226938 0.02524602 0.08436459 0.04270386 0.08436459 0.04270386 0.07226938 0.02524602 0.09882611 0.01940423 0.08436459 0.04270386 0.09882611 0.01940423 0.1050862 0.0300222 0.05479079 0.04889929 0.08436459 0.04270386 0.08446902 0.05421334 0.05479079 0.04889929 0.08446902 0.05421334 0.05854958 0.06185114 0.0311312 0.06713169 0.05479079 0.04889929 0.05854958 0.06185114 0.0311312 0.06713169 0.02897733 0.05260235 0.05479079 0.04889929 0.1050862 0.0300222 0.09882611 0.01940423 0.11498 0.01704561 0.1050862 0.0300222 0.11498 0.01704561 0.1169324 0.02490437 0.09882611 0.01940423 0.1116235 0.01233351 0.11498 0.01704561 0.09882611 0.01940423 0.09698945 0.01227277 0.1116235 0.01233351 0.11498 0.01704561 0.1116235 0.01233351 0.1195839 0.01050662 0.11498 0.01704561 0.1195839 0.01050662 0.1220517 0.016258 0.1169324 0.02490437 0.11498 0.01704561 0.1220517 0.016258 0.1169324 0.02490437 0.1220517 0.016258 0.1235241 0.02388119 0.1169324 0.02490437 0.1235241 0.02388119 0.1228002 0.0314514 0.1169324 0.02490437 0.1228002 0.0314514 0.1141415 0.0316568 0.1169324 0.02490437 0.1141415 0.0316568 0.1050862 0.0300222 0.1141415 0.0316568 0.1228002 0.0314514 0.1207703 0.03988081 0.1141415 0.0316568 0.1207703 0.03988081 0.1088796 0.04099678 0.1088796 0.04099678 0.1050862 0.0300222 0.1141415 0.0316568 0.1088796 0.04099678 0.08436459 0.04270386 0.1050862 0.0300222 0.1235241 0.02388119 0.1220517 0.016258 0.1272246 0.01569008 0.1235241 0.02388119 0.1272246 0.01569008 0.1283001 0.02361148 0.1283001 0.02361148 0.1228002 0.0314514 0.1235241 0.02388119 0.1296473 0.01638245 0.1283001 0.02361148 0.1272246 0.01569008 0.1296473 0.01638245 0.1303356 0.02410167 0.1283001 0.02361148 0.1296473 0.01638245 0.1329486 0.02395021 0.1303356 0.02410167 0.1296473 0.01638245 0.1328442 0.01605945 0.1329486 0.02395021 0.138904 0.01618897 0.1329486 0.02395021 0.1328442 0.01605945 0.138904 0.01618897 0.1388059 0.02403753 0.1329486 0.02395021 0.1438407 0.02387142 0.1388059 0.02403753 0.138904 0.01618897 0.1438407 0.02387142 0.138904 0.01618897 0.1441367 0.01597833 0.1441367 0.01597833 0.1468941 0.02350717 0.1438407 0.02387142 0.1441367 0.01597833 0.1475945 0.01644712 0.1468941 0.02350717 0.1475945 0.01644712 0.1493143 0.02367717 0.1468941 0.02350717 0.1475945 0.01644712 0.1503538 0.01588428 0.1493143 0.02367717 0.1441367 0.01597833 0.138904 0.01618897 0.1388985 0.009929478 0.1388985 0.009929478 0.138904 0.01618897 0.1328442 0.01605945 0.1441367 0.01597833 0.1388985 0.009929478 0.1462131 0.01021367 0.1462131 0.01021367 0.1475945 0.01644712 0.1441367 0.01597833 0.1388985 0.009929478 0.1328442 0.01605945 0.1313524 0.009717583 0.1313524 0.009717583 0.1328442 0.01605945 0.1296473 0.01638245 0.1313524 0.009717583 0.1296473 0.01638245 0.1281564 0.009350955 0.1281564 0.009350955 0.1296473 0.01638245 0.1272246 0.01569008 0.1281564 0.009350955 0.1272246 0.01569008 0.1260138 0.009566605 0.1462131 0.01021367 0.149062 0.009916007 0.1475945 0.01644712 0.149062 0.009916007 0.1503538 0.01588428 0.1475945 0.01644712 0.149062 0.009916007 0.1514738 0.01001304 0.1503538 0.01588428 0.1388093 0.03189927 0.1388059 0.02403753 0.1438407 0.02387142 0.1388093 0.03189927 0.1438407 0.02387142 0.1472368 0.03157609 0.1493143 0.02367717 0.1472368 0.03157609 0.1468941 0.02350717 0.1472368 0.03157609 0.1438407 0.02387142 0.1468941 0.02350717 0.1388093 0.03189927 0.1472368 0.03157609 0.1479601 0.03786754 0.1388093 0.03189927 0.1479601 0.03786754 0.1390425 0.0450344 0.1300726 0.03858625 0.1388093 0.03189927 0.1390425 0.0450344 0.1300726 0.03858625 0.1299158 0.03134715 0.1388093 0.03189927 0.1388093 0.03189927 0.1299158 0.03134715 0.1329486 0.02395021 0.1388093 0.03189927 0.1329486 0.02395021 0.1388059 0.02403753 0.1329486 0.02395021 0.1299158 0.03134715 0.1303356 0.02410167 0.1299158 0.03134715 0.1283001 0.02361148 0.1303356 0.02410167 0.1220517 0.016258 0.1260138 0.009566605 0.1272246 0.01569008 0.1220517 0.016258 0.1195839 0.01050662 0.1260138 0.009566605 0.1479601 0.03786754 0.1472368 0.03157609 0.1548702 0.0314753 0.1548702 0.0314753 0.1472368 0.03157609 0.1493143 0.02367717 0.1548702 0.0314753 0.1493143 0.02367717 0.153483 0.02371788 0.1606753 0.02496385 0.1548702 0.0314753 0.153483 0.02371788 0.1606753 0.02496385 0.153483 0.02371788 0.1552947 0.01661974 0.1606753 0.02496385 0.1552947 0.01661974 0.1625367 0.0170862 0.1625367 0.0170862 0.1728263 0.02955991 0.1606753 0.02496385 0.1606753 0.02496385 0.1728263 0.02955991 0.1650992 0.0325039 0.1606753 0.02496385 0.1650992 0.0325039 0.1548702 0.0314753 0.1625367 0.0170862 0.178363 0.01843041 0.1728263 0.02955991 0.1993332 0.0430904 0.1728263 0.02955991 0.178363 0.01843041 0.1993332 0.0430904 0.178363 0.01843041 0.2064518 0.02454674 0.2064518 0.02454674 0.178363 0.01843041 0.1801024 0.01196086 0.2064518 0.02454674 0.1801024 0.01196086 0.2091091 0.01638436 0.2273381 0.02456003 0.2064518 0.02454674 0.2091091 0.01638436 0.2273381 0.02456003 0.2275182 0.03490203 0.2064518 0.02454674 0.1993332 0.0430904 0.2064518 0.02454674 0.2275182 0.03490203 0.1993332 0.0430904 0.2275182 0.03490203 0.225187 0.04883909 0.2214983 0.06203973 0.1993332 0.0430904 0.225187 0.04883909 0.2214983 0.06203973 0.1947198 0.05497145 0.1993332 0.0430904 0.225187 0.04883909 0.2467796 0.06713169 0.2214983 0.06203973 0.225187 0.04883909 0.2498927 0.05260235 0.2467796 0.06713169 0.178363 0.01843041 0.1654573 0.01264327 0.1801024 0.01196086 0.178363 0.01843041 0.1625367 0.0170862 0.1654573 0.01264327 0.1625367 0.0170862 0.1574081 0.01119136 0.1654573 0.01264327 0.1625367 0.0170862 0.1552947 0.01661974 0.1574081 0.01119136 0.1514738 0.01001304 0.1574081 0.01119136 0.1552947 0.01661974 0.1514738 0.01001304 0.1552947 0.01661974 0.1503538 0.01588428 0.153483 0.02371788 0.1503538 0.01588428 0.1552947 0.01661974 0.153483 0.02371788 0.1493143 0.02367717 0.1503538 0.01588428 0.2493221 0.03856825 0.225187 0.04883909 0.2275182 0.03490203 0.2493221 0.03856825 0.2498927 0.05260235 0.225187 0.04883909 0.2275182 0.03490203 0.2480236 0.02782565 0.2493221 0.03856825 0.2275182 0.03490203 0.2273381 0.02456003 0.2480236 0.02782565 0.1712879 0.04216641 0.1947198 0.05497145 0.1718524 0.05005347 0.1712879 0.04216641 0.1718524 0.05005347 0.1584869 0.04767721 0.1712879 0.04216641 0.1584869 0.04767721 0.1575891 0.04018533 0.1575891 0.04018533 0.1650992 0.0325039 0.1712879 0.04216641 0.1575891 0.04018533 0.1548702 0.0314753 0.1650992 0.0325039 0.1479601 0.03786754 0.1548702 0.0314753 0.1575891 0.04018533 0.1479601 0.03786754 0.1575891 0.04018533 0.1584869 0.04767721 0.1479601 0.03786754 0.1584869 0.04767721 0.1390425 0.0450344 0.1712879 0.04216641 0.1650992 0.0325039 0.1728263 0.02955991 0.1712879 0.04216641 0.1728263 0.02955991 0.1993332 0.0430904 0.1712879 0.04216641 0.1993332 0.0430904 0.1947198 0.05497145 0.1201025 0.0473926 0.1300726 0.03858625 0.1390425 0.0450344 0.1201025 0.0473926 0.1207703 0.03988081 0.1300726 0.03858625 0.1228002 0.0314514 0.1300726 0.03858625 0.1207703 0.03988081 0.1228002 0.0314514 0.1299158 0.03134715 0.1300726 0.03858625 0.1283001 0.02361148 0.1299158 0.03134715 0.1228002 0.0314514 0.1201025 0.0473926 0.1088796 0.04099678 0.1207703 0.03988081 0.1201025 0.0473926 0.1081065 0.04876321 0.1088796 0.04099678 0.1081065 0.04876321 0.08436459 0.04270386 0.1088796 0.04099678 0.1081065 0.04876321 0.08446902 0.05421334 0.08436459 0.04270386 0.3260366 0.04626208 0.2962649 0.0663504 0.2958194 0.04538714 0.3260366 0.04626208 0.3250906 0.06758964 0.2962649 0.0663504 0.3204071 0.02528965 0.3260366 0.04626208 0.2958194 0.04538714 0.3204071 0.02528965 0.2958194 0.04538714 0.2956331 0.01282417 0.2712664 0.02465569 0.2956331 0.01282417 0.2958194 0.04538714 0.2712664 0.02465569 0.2958194 0.04538714 0.267346 0.04523235 0.267346 0.04523235 0.2958194 0.04538714 0.2962649 0.0663504 0.267346 0.04523235 0.2962649 0.0663504 0.266629 0.06715208 0.2962649 0.0663504 0.2778863 0.08314281 0.266629 0.06715208 0.2962649 0.0663504 0.2962841 0.08891087 0.2778863 0.08314281 0.2962649 0.0663504 0.3136112 0.08360224 0.2962841 0.08891087 0.2962649 0.0663504 0.3250906 0.06758964 0.3136112 0.08360224 0.2284519 0.2400001 0.2085229 0.2314416 0.228968 0.2316267 0.2284519 0.2400001 0.2085226 0.2378859 0.2085229 0.2314416 0.2095779 0.247999 0.2085226 0.2378859 0.2284519 0.2400001 0.2095779 0.247999 0.2284519 0.2400001 0.229759 0.2520982 0.2085229 0.2314416 0.2085226 0.2378859 0.1904399 0.2352663 0.2085229 0.2314416 0.1904399 0.2352663 0.1918984 0.230243 0.1904656 0.2446606 0.2085226 0.2378859 0.2095779 0.247999 0.1904656 0.2446606 0.1904399 0.2352663 0.2085226 0.2378859 0.2111102 0.2565569 0.2095779 0.247999 0.229759 0.2520982 0.2111102 0.2565569 0.229759 0.2520982 0.2279013 0.2744448 0.2279013 0.2744448 0.2029783 0.2663106 0.2111102 0.2565569 0.1957328 0.1094223 0.1718524 0.103873 0.1947197 0.09667897 0.1957328 0.1094223 0.1670329 0.1130904 0.1718524 0.103873 0.1584873 0.1070312 0.1718524 0.103873 0.1670329 0.1130904 0.374162 0.5419607 0.3671572 0.5737566 0.3491806 0.5541188 0.374162 0.5419607 0.3942635 0.5553335 0.3671572 0.5737566 0.3750742 0.5295342 0.3942635 0.5553335 0.374162 0.5419607 0.3750742 0.5295342 0.374162 0.5419607 0.3438776 0.5411586 0.374162 0.5419607 0.3491806 0.5541188 0.3438776 0.5411586 0.3750742 0.5295342 0.3438776 0.5411586 0.3401609 0.5297736 0.3750742 0.5295342 0.4122384 0.541121 0.3942635 0.5553335 0.2636399 0.1569015 0.2536881 0.182488 0.2321451 0.164208 0.2321451 0.164208 0.2563644 0.1358953 0.2636399 0.1569015 0.2737173 0.181598 0.2536881 0.182488 0.2636399 0.1569015 0.2536881 0.182488 0.2359627 0.1797283 0.2321451 0.164208 0.4844784 0.4075464 0.5 0.3876479 0.5 0.4083329 0.4844784 0.4075464 0.4856853 0.3868541 0.5 0.3876479 0.4840908 0.3703107 0.5 0.3876479 0.4856853 0.3868541 0.4840908 0.3703107 0.5 0.3675966 0.5 0.3876479 0.4840908 0.3703107 0.5 0.3420871 0.5 0.3675966 0.4840908 0.3703107 0.4765886 0.3432681 0.5 0.3420871 0.4592151 0.3693548 0.4765886 0.3432681 0.4840908 0.3703107 0.4592151 0.3693548 0.4840908 0.3703107 0.4744477 0.3822591 0.4744477 0.3822591 0.4840908 0.3703107 0.4856853 0.3868541 0.1392993 0.1158989 0.1201025 0.1078004 0.1390427 0.1086906 0.1392993 0.1158989 0.1113568 0.1143019 0.1201025 0.1078004 0.02919334 0.03856825 0.05479079 0.04889929 0.02897733 0.05260235 0.02919334 0.03856825 0.0514242 0.03587919 0.05479079 0.04889929 0.0514242 0.03587919 0.02919334 0.03856825 0.03066438 0.02782565 0.0514242 0.03587919 0.03066438 0.02782565 0.05086964 0.02450412 0.5433848 0.4656182 0.5212693 0.4871853 0.5200564 0.4662433 0.5433848 0.4656182 0.5446955 0.48746 0.5212693 0.4871853 0.5446955 0.48746 0.5433848 0.4656182 0.5668988 0.4638607 0.5446955 0.48746 0.5668988 0.4638607 0.5696945 0.487827 0.5949444 0.4631853 0.5696945 0.487827 0.5668988 0.4638607 0.5949444 0.4631853 0.5970879 0.4889308 0.5696945 0.487827 0.6316223 0.467769 0.5970879 0.4889308 0.5949444 0.4631853 0.6316223 0.467769 0.6296655 0.4905454 0.5970879 0.4889308 0.6316223 0.467769 0.6628836 0.4892664 0.6296655 0.4905454 0.6316223 0.467769 0.6648218 0.4653637 0.6628836 0.4892664 0.6648218 0.4653637 0.7006691 0.4870045 0.6628836 0.4892664 0.6648218 0.4653637 0.6994928 0.4540318 0.7006691 0.4870045 0.6994928 0.4540318 0.7283485 0.4862208 0.7006691 0.4870045 0.6994928 0.4540318 0.7283485 0.4511646 0.7283485 0.4862208</float_array>
          <technique_common>
            <accessor source="#pm0058_00_41_BodySkin-mesh-map-0-array" count="3612" stride="2">
              <param name="S" type="float"/>
              <param name="T" type="float"/>
            </accessor>
          </technique_common>
        </source>
        <vertices id="pm0058_00_41_BodySkin-mesh-vertices">
          <input semantic="POSITION" source="#pm0058_00_41_BodySkin-mesh-positions"/>
        </vertices>
        <triangles material="pm0058_00_41-Body00-material" count="1204">
          <input semantic="VERTEX" source="#pm0058_00_41_BodySkin-mesh-vertices" offset="0"/>
          <input semantic="NORMAL" source="#pm0058_00_41_BodySkin-mesh-normals" offset="1"/>
          <input semantic="TEXCOORD" source="#pm0058_00_41_BodySkin-mesh-map-0" offset="2" set="0"/>
          <p>2 0 0 1 1 1 0 2 2 2 0 3 3 3 4 1 1 5 4 4 6 1 1 7 3 3 8 4 4 9 5 5 10 1 1 11 2 0 12 6 6 13 3 3 14 6 6 15 4 4 16 3 3 17 2 0 18 7 7 19 6 6 20 6 6 21 8 8 22 4 4 23 8 8 24 9 9 25 4 4 26 9 9 27 5 5 28 4 4 29 8 8 30 10 10 31 9 9 32 9 9 33 11 11 34 5 5 35 11 11 36 12 12 37 5 5 38 11 11 39 13 13 40 12 12 41 10 10 42 14 14 43 9 9 44 14 14 45 11 11 46 9 9 47 10 10 48 15 15 49 14 14 50 14 14 51 16 16 52 11 11 53 11 11 54 16 16 55 13 13 56 17 17 57 8 8 58 6 6 59 17 17 60 6 6 61 7 7 62 17 17 63 18 18 64 8 8 65 10 10 66 8 8 67 18 18 68 19 19 69 18 18 70 17 17 71 19 19 72 17 17 73 20 20 74 17 17 75 7 7 76 20 20 77 19 19 78 20 20 79 21 21 80 22 22 81 19 19 82 21 21 83 22 22 84 23 23 85 19 19 86 23 23 87 24 24 88 19 19 89 19 19 90 24 24 91 18 18 92 23 23 93 25 25 94 24 24 95 25 25 96 23 23 97 26 26 98 25 25 99 26 26 100 27 27 101 26 26 102 28 28 103 27 27 104 26 26 105 29 29 106 28 28 107 29 29 108 26 26 109 30 30 110 23 23 111 30 30 112 26 26 113 23 23 114 22 22 115 30 30 116 29 29 117 30 30 118 31 31 119 32 32 120 29 29 121 31 31 122 32 32 123 31 31 124 33 33 125 34 34 126 29 29 127 32 32 128 34 34 129 28 28 130 29 29 131 25 25 132 35 35 133 24 24 134 25 25 135 36 36 136 35 35 137 27 27 138 36 36 139 25 25 140 37 37 141 28 28 142 34 34 143 37 37 144 38 38 145 28 28 146 38 38 147 27 27 148 28 28 149 38 38 150 39 39 151 27 27 152 27 27 153 39 39 154 36 36 155 40 40 156 24 24 157 35 35 158 35 35 159 15 15 160 40 40 161 15 15 162 10 10 163 40 40 164 10 10 165 18 18 166 40 40 167 40 40 168 18 18 169 24 24 170 43 41 171 42 42 172 41 43 173 43 41 174 44 44 175 42 42 176 42 42 177 45 45 178 41 43 179 42 42 180 46 46 181 45 45 182 43 41 183 41 43 184 47 47 185 43 41 186 47 47 187 48 48 188 41 43 189 49 49 190 47 47 191 41 43 192 45 45 193 49 49 194 50 50 195 43 41 196 48 48 197 50 50 198 51 51 199 43 41 200 52 52 201 51 51 202 50 50 203 52 52 204 53 53 205 51 51 206 53 53 207 54 54 208 51 51 209 43 41 210 54 54 211 44 44 212 43 41 213 51 51 214 54 54 215 53 53 216 55 55 217 54 54 218 56 56 219 53 53 220 52 52 221 56 56 222 57 57 223 53 53 224 58 58 225 57 57 226 56 56 227 58 58 228 59 59 229 57 57 230 58 58 231 60 60 232 59 59 233 58 58 234 61 61 235 60 60 236 62 62 237 60 60 238 61 61 239 62 62 240 61 61 241 63 63 242 54 54 243 55 55 244 64 64 245 54 54 246 64 64 247 65 65 248 44 44 249 54 54 250 65 65 251 44 44 252 65 65 253 66 66 254 66 66 255 65 65 256 67 67 257 67 67 258 65 65 259 64 64 260 64 64 261 55 55 262 68 68 263 64 64 264 68 68 265 69 69 266 68 68 267 70 70 268 69 69 269 71 71 270 69 69 271 70 70 272 64 64 273 69 69 274 71 71 275 68 68 276 72 72 277 70 70 278 73 73 279 70 70 280 72 72 281 70 70 282 73 73 283 74 74 284 74 74 285 73 73 286 75 75 287 74 74 288 75 75 289 76 76 290 70 70 291 74 74 292 77 77 293 75 75 294 73 73 295 78 78 296 73 73 297 72 72 298 78 78 299 75 75 300 78 78 301 79 79 302 44 44 303 66 66 304 80 80 305 44 44 306 80 80 307 42 42 308 42 42 309 80 80 310 81 81 311 82 82 312 81 81 313 80 80 314 82 82 315 83 83 316 81 81 317 42 42 318 81 81 319 46 46 320 82 82 321 80 80 322 84 84 323 82 82 324 84 84 325 85 85 326 85 85 327 84 84 328 86 86 329 66 66 330 86 86 331 84 84 332 66 66 333 84 84 334 80 80 335 85 85 336 86 86 337 87 87 338 87 87 339 86 86 340 88 88 341 87 87 342 88 88 343 89 89 344 90 90 345 89 89 346 88 88 347 90 90 348 91 91 349 89 89 350 90 90 351 92 92 352 91 91 353 90 90 354 93 93 355 92 92 356 94 94 357 93 93 358 90 90 359 94 94 360 90 90 361 88 88 362 94 94 363 71 71 364 93 93 365 94 94 366 88 88 367 67 67 368 67 67 369 86 86 370 66 66 371 67 67 372 88 88 373 86 86 374 93 93 375 95 95 376 92 92 377 93 93 378 71 71 379 95 95 380 67 67 381 64 64 382 94 94 383 64 64 384 71 71 385 94 94 386 95 95 387 71 71 388 70 70 389 77 77 390 95 95 391 70 70 392 98 96 393 97 97 394 96 98 395 98 96 396 99 99 397 97 97 398 99 99 399 98 96 400 100 100 401 99 99 402 100 100 403 101 101 404 102 102 405 101 101 406 100 100 407 102 102 408 103 103 409 101 101 410 104 104 411 99 99 412 101 101 413 104 104 414 101 101 415 105 105 416 105 105 417 101 101 418 103 103 419 106 106 420 104 104 421 105 105 422 106 106 423 105 105 424 107 107 425 108 108 426 107 107 427 105 105 428 105 105 429 103 103 430 108 108 431 108 108 432 109 109 433 107 107 434 109 109 435 110 110 436 107 107 437 109 109 438 111 111 439 110 110 440 108 108 441 112 112 442 109 109 443 108 108 444 113 113 445 112 112 446 109 109 447 114 114 448 111 111 449 109 109 450 112 112 451 114 114 452 108 108 453 115 115 454 113 113 455 108 108 456 103 103 457 115 115 458 103 103 459 116 116 460 115 115 461 102 102 462 116 116 463 103 103 464 102 102 465 117 117 466 116 116 467 118 118 468 116 116 469 117 117 470 118 118 471 117 117 472 119 119 473 119 119 474 120 120 475 118 118 476 119 119 477 121 121 478 120 120 479 120 120 480 121 121 481 122 122 482 120 120 483 122 122 484 123 123 485 124 124 486 123 123 487 122 122 488 124 124 489 122 122 490 125 125 491 124 124 492 126 126 493 123 123 494 124 124 495 127 127 496 126 126 497 112 112 498 128 128 499 114 114 500 112 112 501 129 129 502 128 128 503 129 129 504 130 130 505 128 128 506 129 129 507 131 131 508 130 130 509 132 132 510 131 131 511 129 129 512 132 132 513 133 133 514 131 131 515 134 134 516 130 130 517 131 131 518 134 134 519 135 135 520 130 130 521 136 136 522 131 131 523 133 133 524 136 136 525 134 134 526 131 131 527 137 137 528 133 133 529 132 132 530 137 137 531 138 138 532 133 133 533 139 139 534 138 138 535 137 137 536 139 139 537 137 137 538 140 140 539 141 141 540 139 139 541 140 140 542 141 141 543 140 140 544 142 142 545 138 138 546 139 139 547 143 143 548 138 138 549 143 143 550 144 144 551 133 133 552 144 144 553 136 136 554 133 133 555 138 138 556 144 144 557 142 142 558 145 145 559 141 141 560 142 142 561 146 146 562 145 145 563 145 145 564 146 146 565 147 147 566 145 145 567 147 147 568 148 148 569 147 147 570 149 149 571 148 148 572 147 147 573 150 150 574 149 149 575 141 141 576 145 145 577 151 151 578 141 141 579 151 151 580 152 152 581 139 139 582 152 152 583 143 143 584 139 139 585 141 141 586 152 152 587 153 153 588 148 148 589 149 149 590 153 153 591 154 154 592 148 148 593 155 155 594 148 148 595 154 154 596 155 155 597 145 145 598 148 148 599 155 155 600 151 151 601 145 145 602 156 156 603 154 154 604 153 153 605 156 156 606 153 153 607 157 157 608 144 144 609 143 143 610 158 158 611 159 159 612 158 158 613 143 143 614 159 159 615 160 160 616 158 158 617 160 160 618 161 161 619 158 158 620 162 162 621 158 158 622 161 161 623 162 162 624 161 161 625 163 163 626 160 160 627 164 164 628 161 161 629 165 165 630 164 164 631 160 160 632 165 165 633 166 166 634 164 164 635 160 160 636 167 167 637 165 165 638 160 160 639 159 159 640 167 167 641 168 168 642 164 164 643 166 166 644 168 168 645 166 166 646 169 169 647 164 164 648 170 170 649 161 161 650 164 164 651 168 168 652 170 170 653 144 144 654 158 158 655 162 162 656 171 171 657 162 162 658 163 163 659 171 171 660 163 163 661 172 172 662 172 172 663 173 173 664 171 171 665 172 172 666 174 174 667 173 173 668 173 173 669 174 174 670 175 175 671 173 173 672 175 175 673 176 176 674 171 171 675 173 173 676 134 134 677 171 171 678 134 134 679 136 136 680 173 173 681 135 135 682 134 134 683 173 173 684 176 176 685 135 135 686 177 177 687 175 175 688 174 174 689 177 177 690 174 174 691 172 172 692 177 177 693 178 178 694 175 175 695 177 177 696 179 179 697 178 178 698 177 177 699 180 180 700 179 179 701 180 180 702 181 181 703 179 179 704 180 180 705 182 182 706 181 181 707 182 182 708 183 183 709 181 181 710 182 182 711 184 184 712 183 183 713 185 185 714 183 183 715 184 184 716 185 185 717 184 184 718 186 186 719 180 180 720 177 177 721 187 187 722 177 177 723 172 172 724 187 187 725 172 172 726 188 188 727 187 187 728 172 172 729 163 163 730 188 188 731 180 180 732 187 187 733 189 189 734 188 188 735 189 189 736 187 187 737 180 180 738 190 190 739 182 182 740 180 180 741 189 189 742 190 190 743 168 168 744 190 190 745 189 189 746 168 168 747 189 189 748 170 170 749 188 188 750 170 170 751 189 189 752 190 190 753 168 168 754 169 169 755 190 190 756 169 169 757 191 191 758 191 191 759 182 182 760 190 190 761 191 191 762 192 192 763 182 182 764 182 182 765 192 192 766 184 184 767 186 186 768 184 184 769 192 192 770 161 161 771 188 188 772 163 163 773 161 161 774 170 170 775 188 188 776 185 185 777 193 193 778 183 183 779 185 185 780 194 194 781 193 193 782 193 193 783 194 194 784 195 195 785 195 195 786 196 196 787 193 193 788 183 183 789 193 193 790 196 196 791 183 183 792 196 196 793 181 181 794 181 181 795 196 196 796 197 197 797 181 181 798 197 197 799 179 179 800 179 179 801 197 197 802 198 198 803 179 179 804 198 198 805 178 178 806 198 198 807 175 175 808 178 178 809 198 198 810 199 199 811 175 175 812 175 175 813 199 199 814 200 200 815 201 201 816 200 200 817 199 199 818 201 201 819 199 199 820 198 198 821 201 201 822 202 202 823 200 200 824 175 175 825 200 200 826 176 176 827 203 203 828 200 200 829 202 202 830 203 203 831 202 202 832 204 204 833 205 205 834 203 203 835 204 204 836 130 130 837 203 203 838 205 205 839 130 130 840 205 205 841 206 206 842 130 130 843 206 206 844 128 128 845 205 205 846 207 207 847 206 206 848 205 205 849 208 208 850 207 207 851 205 205 852 204 204 853 208 208 854 130 130 855 135 135 856 203 203 857 200 200 858 135 135 859 176 176 860 200 200 861 203 203 862 135 135 863 209 209 864 207 207 865 208 208 866 209 209 867 208 208 868 210 210 869 209 209 870 210 210 871 211 211 872 209 209 873 211 211 874 212 212 875 212 212 876 211 211 877 213 213 878 212 212 879 213 213 880 214 214 881 210 210 882 215 215 883 211 211 884 210 210 885 216 216 886 215 215 887 208 208 888 216 216 889 210 210 890 208 208 891 204 204 892 216 216 893 217 217 894 214 214 895 213 213 896 217 217 897 218 218 898 214 214 899 219 219 900 218 218 901 217 217 902 219 219 903 217 217 904 220 220 905 221 221 906 219 219 907 220 220 908 221 221 909 222 222 910 219 219 911 213 213 912 223 223 913 217 217 914 213 213 915 224 224 916 223 223 917 211 211 918 224 224 919 213 213 920 211 211 921 215 215 922 224 224 923 220 220 924 225 225 925 221 221 926 220 220 927 226 226 928 225 225 929 220 220 930 227 227 931 226 226 932 227 227 933 217 217 934 223 223 935 227 227 936 220 220 937 217 217 938 225 225 939 226 226 940 228 228 941 225 225 942 228 228 943 229 229 944 216 216 945 230 230 946 215 215 947 230 230 948 231 231 949 215 215 950 230 230 951 232 232 952 231 231 953 233 233 954 232 232 955 230 230 956 233 233 957 230 230 958 234 234 959 233 233 960 234 234 961 235 235 962 233 233 963 236 236 964 232 232 965 236 236 966 237 237 967 232 232 968 236 236 969 238 238 970 237 237 971 232 232 972 239 239 973 231 231 974 232 232 975 237 237 976 239 239 977 240 240 978 238 238 979 236 236 980 240 240 981 241 241 982 238 238 983 236 236 984 242 242 985 240 240 986 236 236 987 233 233 988 242 242 989 216 216 990 234 234 991 230 230 992 235 235 993 234 234 994 202 202 995 235 235 996 202 202 997 201 201 998 243 243 999 235 235 1000 201 201 1001 233 233 1002 243 243 1003 242 242 1004 233 233 1005 235 235 1006 243 243 1007 243 243 1008 201 201 1009 244 244 1010 201 201 1011 198 198 1012 244 244 1013 234 234 1014 204 204 1015 202 202 1016 234 234 1017 216 216 1018 204 204 1019 244 244 1020 198 198 1021 197 197 1022 244 244 1023 197 197 1024 245 245 1025 240 240 1026 242 242 1027 245 245 1028 243 243 1029 245 245 1030 242 242 1031 243 243 1032 244 244 1033 245 245 1034 240 240 1035 245 245 1036 246 246 1037 197 197 1038 246 246 1039 245 245 1040 246 246 1041 241 241 1042 240 240 1043 197 197 1044 196 196 1045 246 246 1046 246 246 1047 247 247 1048 241 241 1049 196 196 1050 247 247 1051 246 246 1052 196 196 1053 195 195 1054 247 247 1055 250 248 1056 249 249 1057 248 250 1058 250 248 1059 251 251 1060 249 249 1061 248 250 1062 249 249 1063 252 252 1064 248 250 1065 252 252 1066 253 253 1067 253 253 1068 252 252 1069 254 254 1070 253 253 1071 254 254 1072 255 255 1073 255 255 1074 254 254 1075 256 256 1076 255 255 1077 256 256 1078 257 257 1079 258 258 1080 256 256 1081 254 254 1082 258 258 1083 259 259 1084 256 256 1085 260 260 1086 252 252 1087 249 249 1088 260 260 1089 249 249 1090 261 261 1091 251 251 1092 261 261 1093 249 249 1094 251 251 1095 262 262 1096 261 261 1097 257 257 1098 256 256 1099 263 263 1100 257 257 1101 263 263 1102 264 264 1103 265 265 1104 264 264 1105 263 263 1106 265 265 1107 263 263 1108 266 266 1109 266 266 1110 267 267 1111 265 265 1112 266 266 1113 268 268 1114 267 267 1115 269 269 1116 268 268 1117 266 266 1118 269 269 1119 266 266 1120 270 270 1121 266 266 1122 271 271 1123 270 270 1124 266 266 1125 263 263 1126 271 271 1127 267 267 1128 268 268 1129 272 272 1130 267 267 1131 272 272 1132 273 273 1133 268 268 1134 274 274 1135 272 272 1136 268 268 1137 269 269 1138 274 274 1139 271 271 1140 263 263 1141 275 275 1142 267 267 1143 273 273 1144 276 276 1145 267 267 1146 276 276 1147 277 277 1148 265 265 1149 267 267 1150 277 277 1151 265 265 1152 277 277 1153 278 278 1154 264 264 1155 265 265 1156 278 278 1157 264 264 1158 278 278 1159 279 279 1160 264 264 1161 279 279 1162 280 280 1163 280 280 1164 279 279 1165 281 281 1166 280 280 1167 281 281 1168 282 282 1169 264 264 1170 280 280 1171 257 257 1172 257 257 1173 280 280 1174 283 283 1175 257 257 1176 283 283 1177 255 255 1178 255 255 1179 283 283 1180 284 284 1181 255 255 1182 284 284 1183 253 253 1184 253 253 1185 284 284 1186 285 285 1187 253 253 1188 285 285 1189 248 250 1190 285 285 1191 250 248 1192 248 250 1193 285 285 1194 286 286 1195 250 248 1196 287 287 1197 280 280 1198 282 282 1199 287 287 1200 283 283 1201 280 280 1202 283 283 1203 288 288 1204 284 284 1205 283 283 1206 289 289 1207 288 288 1208 287 287 1209 289 289 1210 283 283 1211 289 289 1212 290 290 1213 288 288 1214 289 289 1215 291 291 1216 290 290 1217 290 290 1218 292 292 1219 288 288 1220 284 284 1221 292 292 1222 285 285 1223 284 284 1224 288 288 1225 292 292 1226 292 292 1227 286 286 1228 285 285 1229 290 290 1230 293 293 1231 292 292 1232 293 293 1233 294 294 1234 292 292 1235 291 291 1236 289 289 1237 295 295 1238 287 287 1239 295 295 1240 289 289 1241 291 291 1242 295 295 1243 296 296 1244 297 297 1245 296 296 1246 295 295 1247 297 297 1248 298 298 1249 296 296 1250 298 298 1251 299 299 1252 296 296 1253 300 300 1254 298 298 1255 297 297 1256 300 300 1257 301 301 1258 298 298 1259 302 302 1260 301 301 1261 300 300 1262 302 302 1263 303 303 1264 301 301 1265 304 304 1266 303 303 1267 302 302 1268 304 304 1269 302 302 1270 305 305 1271 305 305 1272 306 306 1273 304 304 1274 305 305 1275 307 307 1276 306 306 1277 307 307 1278 308 308 1279 306 306 1280 307 307 1281 309 309 1282 308 308 1283 301 301 1284 310 310 1285 298 298 1286 310 310 1287 299 299 1288 298 298 1289 309 309 1290 307 307 1291 277 277 1292 309 309 1293 277 277 1294 276 276 1295 278 278 1296 307 307 1297 305 305 1298 278 278 1299 277 277 1300 307 307 1301 279 279 1302 305 305 1303 302 302 1304 279 279 1305 278 278 1306 305 305 1307 302 302 1308 281 281 1309 279 279 1310 302 302 1311 300 300 1312 281 281 1313 300 300 1314 282 282 1315 281 281 1316 300 300 1317 297 297 1318 282 282 1319 282 282 1320 297 297 1321 295 295 1322 282 282 1323 295 295 1324 287 287 1325 313 311 1326 312 312 1327 311 313 1328 313 311 1329 314 314 1330 312 312 1331 315 315 1332 312 312 1333 314 314 1334 315 315 1335 314 314 1336 316 316 1337 315 315 1338 316 316 1339 317 317 1340 315 315 1341 317 317 1342 318 318 1343 318 318 1344 319 319 1345 315 315 1346 319 319 1347 312 312 1348 315 315 1349 318 318 1350 320 320 1351 319 319 1352 319 319 1353 321 321 1354 312 312 1355 321 321 1356 311 313 1357 312 312 1358 321 321 1359 322 322 1360 311 313 1361 319 319 1362 323 323 1363 321 321 1364 319 319 1365 324 324 1366 323 323 1367 325 325 1368 321 321 1369 323 323 1370 325 325 1371 322 322 1372 321 321 1373 318 318 1374 317 317 1375 326 326 1376 318 318 1377 326 326 1378 327 327 1379 327 327 1380 320 320 1381 318 318 1382 327 327 1383 328 328 1384 320 320 1385 320 320 1386 328 328 1387 329 329 1388 328 328 1389 327 327 1390 330 330 1391 328 328 1392 330 330 1393 331 331 1394 332 332 1395 327 327 1396 326 326 1397 332 332 1398 330 330 1399 327 327 1400 333 333 1401 328 328 1402 331 331 1403 333 333 1404 329 329 1405 328 328 1406 334 334 1407 329 329 1408 333 333 1409 334 334 1410 335 335 1411 329 329 1412 335 335 1413 320 320 1414 329 329 1415 336 336 1416 330 330 1417 332 332 1418 336 336 1419 337 337 1420 330 330 1421 331 331 1422 330 330 1423 337 337 1424 337 337 1425 336 336 1426 338 338 1427 337 337 1428 338 338 1429 339 339 1430 340 340 1431 337 337 1432 339 339 1433 331 331 1434 337 337 1435 340 340 1436 333 333 1437 331 331 1438 340 340 1439 340 340 1440 339 339 1441 341 341 1442 341 341 1443 339 339 1444 342 342 1445 341 341 1446 342 342 1447 343 343 1448 343 343 1449 342 342 1450 344 344 1451 342 342 1452 345 345 1453 344 344 1454 342 342 1455 346 346 1456 345 345 1457 339 339 1458 346 346 1459 342 342 1460 339 339 1461 338 338 1462 346 346 1463 343 343 1464 344 344 1465 347 347 1466 348 348 1467 347 347 1468 344 344 1469 348 348 1470 344 344 1471 349 349 1472 349 349 1473 344 344 1474 345 345 1475 348 348 1476 349 349 1477 350 350 1478 348 348 1479 350 350 1480 351 351 1481 350 350 1482 352 352 1483 351 351 1484 350 350 1485 353 353 1486 352 352 1487 349 349 1488 345 345 1489 354 354 1490 354 354 1491 350 350 1492 349 349 1493 355 355 1494 353 353 1495 350 350 1496 354 354 1497 355 355 1498 350 350 1499 355 355 1500 356 356 1501 353 353 1502 357 357 1503 347 347 1504 348 348 1505 343 343 1506 347 347 1507 357 357 1508 357 357 1509 348 348 1510 358 358 1511 352 352 1512 358 358 1513 351 351 1514 358 358 1515 348 348 1516 351 351 1517 343 343 1518 357 357 1519 359 359 1520 343 343 1521 359 359 1522 341 341 1523 359 359 1524 340 340 1525 341 341 1526 357 357 1527 358 358 1528 360 360 1529 357 357 1530 360 360 1531 361 361 1532 357 357 1533 362 362 1534 359 359 1535 357 357 1536 361 361 1537 362 362 1538 353 353 1539 363 363 1540 352 352 1541 353 353 1542 364 364 1543 363 363 1544 356 356 1545 364 364 1546 353 353 1547 364 364 1548 365 365 1549 363 363 1550 364 364 1551 366 366 1552 365 365 1553 367 367 1554 365 365 1555 366 366 1556 367 367 1557 366 366 1558 368 368 1559 369 369 1560 367 367 1561 368 368 1562 369 369 1563 368 368 1564 370 370 1565 370 370 1566 368 368 1567 371 371 1568 370 370 1569 371 371 1570 372 372 1571 370 370 1572 372 372 1573 373 373 1574 370 370 1575 373 373 1576 374 374 1577 370 370 1578 375 375 1579 369 369 1580 370 370 1581 374 374 1582 375 375 1583 375 375 1584 374 374 1585 376 376 1586 375 375 1587 376 376 1588 377 377 1589 378 378 1590 374 374 1591 373 373 1592 378 378 1593 376 376 1594 374 374 1595 379 379 1596 375 375 1597 377 377 1598 379 379 1599 380 380 1600 375 375 1601 375 375 1602 381 381 1603 369 369 1604 375 375 1605 380 380 1606 381 381 1607 368 368 1608 382 382 1609 371 371 1610 368 368 1611 366 366 1612 382 382 1613 383 383 1614 382 382 1615 366 366 1616 383 383 1617 366 366 1618 364 364 1619 356 356 1620 383 383 1621 364 364 1622 369 369 1623 381 381 1624 384 384 1625 369 369 1626 384 384 1627 385 385 1628 385 385 1629 367 367 1630 369 369 1631 385 385 1632 386 386 1633 367 367 1634 386 386 1635 385 385 1636 387 387 1637 386 386 1638 387 387 1639 388 388 1640 388 388 1641 365 365 1642 386 386 1643 386 386 1644 365 365 1645 367 367 1646 388 388 1647 363 363 1648 365 365 1649 388 388 1650 387 387 1651 360 360 1652 389 389 1653 360 360 1654 387 387 1655 389 389 1656 385 385 1657 384 384 1658 389 389 1659 387 387 1660 385 385 1661 389 389 1662 361 361 1663 360 360 1664 388 388 1665 360 360 1666 358 358 1667 388 388 1668 352 352 1669 363 363 1670 388 388 1671 358 358 1672 352 352 1673 390 390 1674 362 362 1675 361 361 1676 390 390 1677 334 334 1678 362 362 1679 333 333 1680 362 362 1681 334 334 1682 333 333 1683 359 359 1684 362 362 1685 333 333 1686 340 340 1687 359 359 1688 335 335 1689 334 334 1690 390 390 1691 335 335 1692 390 390 1693 391 391 1694 335 335 1695 391 391 1696 324 324 1697 335 335 1698 324 324 1699 319 319 1700 335 335 1701 319 319 1702 320 320 1703 394 392 1704 393 393 1705 392 394 1706 394 392 1707 395 395 1708 393 393 1709 392 394 1710 393 393 1711 396 396 1712 392 394 1713 396 396 1714 397 397 1715 398 398 1716 392 394 1717 397 397 1718 398 398 1719 399 399 1720 392 394 1721 399 399 1722 394 392 1723 392 394 1724 399 399 1725 400 400 1726 394 392 1727 395 395 1728 394 392 1729 401 401 1730 395 395 1731 401 401 1732 402 402 1733 403 403 1734 395 395 1735 402 402 1736 403 403 1737 402 402 1738 404 404 1739 400 400 1740 405 405 1741 394 392 1742 400 400 1743 406 406 1744 405 405 1745 407 407 1746 406 406 1747 400 400 1748 407 407 1749 408 408 1750 406 406 1751 409 409 1752 406 406 1753 408 408 1754 409 409 1755 405 405 1756 406 406 1757 405 405 1758 409 409 1759 410 410 1760 411 411 1761 405 405 1762 410 410 1763 411 411 1764 412 412 1765 405 405 1766 412 412 1767 413 413 1768 401 401 1769 401 401 1770 413 413 1771 414 414 1772 415 415 1773 401 401 1774 414 414 1775 415 415 1776 402 402 1777 401 401 1778 415 415 1779 404 404 1780 402 402 1781 412 412 1782 416 416 1783 413 413 1784 411 411 1785 416 416 1786 412 412 1787 405 405 1788 412 412 1789 394 392 1790 394 392 1791 412 412 1792 401 401 1793 419 417 1794 418 418 1795 417 419 1796 419 417 1797 420 420 1798 418 418 1799 79 79 1800 418 418 1801 420 420 1802 421 421 1803 419 417 1804 417 419 1805 421 421 1806 422 422 1807 419 417 1808 422 422 1809 421 421 1810 55 55 1811 53 53 1812 422 422 1813 55 55 1814 53 53 1815 57 57 1816 422 422 1817 422 422 1818 59 59 1819 419 417 1820 422 422 1821 57 57 1822 59 59 1823 59 59 1824 420 420 1825 419 417 1826 59 59 1827 60 60 1828 420 420 1829 420 420 1830 62 62 1831 79 79 1832 420 420 1833 60 60 1834 62 62 1835 55 55 1836 421 421 1837 68 68 1838 421 421 1839 72 72 1840 68 68 1841 421 421 1842 417 419 1843 72 72 1844 78 78 1845 417 419 1846 418 418 1847 78 78 1848 72 72 1849 417 419 1850 79 79 1851 78 78 1852 418 418 1853 425 423 1854 424 424 1855 423 425 1856 425 423 1857 426 426 1858 424 424 1859 427 427 1860 426 426 1861 425 423 1862 427 427 1863 428 428 1864 426 426 1865 426 426 1866 428 428 1867 429 429 1868 426 426 1869 429 429 1870 430 430 1871 424 424 1872 426 426 1873 430 430 1874 424 424 1875 430 430 1876 431 431 1877 424 424 1878 431 431 1879 432 432 1880 424 424 1881 432 432 1882 433 433 1883 424 424 1884 434 434 1885 423 425 1886 424 424 1887 433 433 1888 434 434 1889 437 435 1890 436 436 1891 435 437 1892 437 435 1893 438 438 1894 436 436 1895 12 12 1896 437 435 1897 435 437 1898 12 12 1899 439 439 1900 437 435 1901 1 1 1902 435 437 1903 436 436 1904 1 1 1905 436 436 1906 0 2 1907 435 437 1908 5 5 1909 12 12 1910 435 437 1911 1 1 1912 5 5 1913 13 13 1914 439 439 1915 12 12 1916 13 13 1917 440 440 1918 439 439 1919 16 16 1920 440 440 1921 13 13 1922 443 441 1923 442 442 1924 441 443 1925 443 441 1926 444 444 1927 442 442 1928 445 445 1929 444 444 1930 443 441 1931 445 445 1932 446 446 1933 444 444 1934 447 447 1935 445 445 1936 443 441 1937 447 447 1938 443 441 1939 448 448 1940 441 443 1941 448 448 1942 443 441 1943 441 443 1944 449 449 1945 448 448 1946 450 450 1947 448 448 1948 449 449 1949 450 450 1950 447 447 1951 448 448 1952 451 451 1953 450 450 1954 449 449 1955 451 451 1956 449 449 1957 97 97 1958 96 98 1959 449 449 1960 441 443 1961 96 98 1962 97 97 1963 449 449 1964 451 451 1965 97 97 1966 452 452 1967 451 451 1968 452 452 1969 453 453 1970 452 452 1971 454 454 1972 453 453 1973 452 452 1974 106 106 1975 454 454 1976 454 454 1977 106 106 1978 107 107 1979 454 454 1980 107 107 1981 110 110 1982 99 99 1983 452 452 1984 97 97 1985 99 99 1986 104 104 1987 452 452 1988 452 452 1989 104 104 1990 106 106 1991 450 450 1992 455 455 1993 447 447 1994 447 447 1995 455 455 1996 456 456 1997 447 447 1998 456 456 1999 445 445 2000 445 445 2001 456 456 2002 457 457 2003 456 456 2004 458 458 2005 457 457 2006 456 456 2007 459 459 2008 458 458 2009 455 455 2010 459 459 2011 456 456 2012 445 445 2013 457 457 2014 446 446 2015 455 455 2016 460 460 2017 459 459 2018 450 450 2019 460 460 2020 455 455 2021 451 451 2022 460 460 2023 450 450 2024 451 451 2025 461 461 2026 460 460 2027 460 460 2028 462 462 2029 459 459 2030 460 460 2031 461 461 2032 462 462 2033 463 463 2034 462 462 2035 461 461 2036 463 463 2037 461 461 2038 464 464 2039 465 465 2040 463 463 2041 464 464 2042 465 465 2043 464 464 2044 466 466 2045 466 466 2046 467 467 2047 465 465 2048 466 466 2049 468 468 2050 467 467 2051 469 469 2052 466 466 2053 464 464 2054 469 469 2055 470 470 2056 466 466 2057 468 468 2058 466 466 2059 470 470 2060 470 470 2061 469 469 2062 471 471 2063 470 470 2064 471 471 2065 472 472 2066 473 473 2067 470 470 2068 472 472 2069 468 468 2070 470 470 2071 473 473 2072 473 473 2073 472 472 2074 474 474 2075 474 474 2076 472 472 2077 110 110 2078 474 474 2079 110 110 2080 111 111 2081 475 475 2082 473 473 2083 474 474 2084 475 475 2085 476 476 2086 473 473 2087 114 114 2088 474 474 2089 111 111 2090 114 114 2091 475 475 2092 474 474 2093 477 477 2094 473 473 2095 476 476 2096 477 477 2097 468 468 2098 473 473 2099 478 478 2100 468 468 2101 477 477 2102 478 478 2103 467 467 2104 468 468 2105 478 478 2106 479 479 2107 467 467 2108 480 480 2109 479 479 2110 478 478 2111 480 480 2112 481 481 2113 479 479 2114 481 481 2115 480 480 2116 482 482 2117 481 481 2118 482 482 2119 483 483 2120 484 484 2121 483 483 2122 482 482 2123 484 484 2124 482 482 2125 485 485 2126 484 484 2127 485 485 2128 486 486 2129 484 484 2130 486 486 2131 487 487 2132 488 488 2133 486 486 2134 485 485 2135 488 488 2136 489 489 2137 486 486 2138 222 222 2139 488 488 2140 485 485 2141 222 222 2142 485 485 2143 219 219 2144 219 219 2145 485 485 2146 482 482 2147 219 219 2148 482 482 2149 218 218 2150 218 218 2151 482 482 2152 480 480 2153 218 218 2154 480 480 2155 214 214 2156 212 212 2157 480 480 2158 478 478 2159 212 212 2160 214 214 2161 480 480 2162 209 209 2163 212 212 2164 478 478 2165 209 209 2166 478 478 2167 477 477 2168 477 477 2169 207 207 2170 209 209 2171 477 477 2172 476 476 2173 207 207 2174 206 206 2175 207 207 2176 476 476 2177 206 206 2178 476 476 2179 475 475 2180 128 128 2181 206 206 2182 475 475 2183 128 128 2184 475 475 2185 114 114 2186 490 490 2187 252 252 2188 260 260 2189 490 490 2190 254 254 2191 252 252 2192 490 490 2193 258 258 2194 254 254 2195 162 162 2196 136 136 2197 144 144 2198 162 162 2199 171 171 2200 136 136 2201 491 491 2202 167 167 2203 159 159 2204 491 491 2205 492 492 2206 167 167 2207 493 493 2208 492 492 2209 491 491 2210 159 159 2211 152 152 2212 491 491 2213 152 152 2214 493 493 2215 491 491 2216 159 159 2217 143 143 2218 152 152 2219 152 152 2220 151 151 2221 493 493 2222 256 256 2223 275 275 2224 263 263 2225 256 256 2226 259 259 2227 275 275 2228 292 292 2229 494 494 2230 286 286 2231 294 294 2232 494 494 2233 292 292 2234 294 294 2235 495 495 2236 494 494 2237 498 496 2238 497 497 2239 496 498 2240 498 496 2241 499 499 2242 497 497 2243 500 500 2244 499 499 2245 498 496 2246 500 500 2247 498 496 2248 501 501 2249 502 502 2250 497 497 2251 499 499 2252 502 502 2253 499 499 2254 500 500 2255 502 502 2256 503 503 2257 497 497 2258 502 502 2259 500 500 2260 504 504 2261 504 504 2262 500 500 2263 505 505 2264 505 505 2265 500 500 2266 501 501 2267 504 504 2268 505 505 2269 506 506 2270 505 505 2271 501 501 2272 507 507 2273 507 507 2274 501 501 2275 508 508 2276 507 507 2277 508 508 2278 509 509 2279 506 506 2280 505 505 2281 510 510 2282 510 510 2283 505 505 2284 507 507 2285 506 506 2286 510 510 2287 511 511 2288 506 506 2289 511 511 2290 512 512 2291 510 510 2292 507 507 2293 513 513 2294 513 513 2295 507 507 2296 509 509 2297 504 504 2298 514 514 2299 502 502 2300 514 514 2301 503 503 2302 502 502 2303 504 504 2304 515 515 2305 514 514 2306 506 506 2307 515 515 2308 504 504 2309 506 506 2310 512 512 2311 515 515 2312 515 515 2313 516 516 2314 514 514 2315 516 516 2316 517 517 2317 514 514 2318 514 514 2319 517 517 2320 503 503 2321 516 516 2322 518 518 2323 517 517 2324 519 519 2325 518 518 2326 516 516 2327 519 519 2328 516 516 2329 520 520 2330 520 520 2331 516 516 2332 521 521 2333 515 515 2334 521 521 2335 516 516 2336 512 512 2337 521 521 2338 515 515 2339 520 520 2340 521 521 2341 522 522 2342 523 523 2343 520 520 2344 522 522 2345 523 523 2346 522 522 2347 524 524 2348 525 525 2349 523 523 2350 524 524 2351 525 525 2352 526 526 2353 523 523 2354 526 526 2355 527 527 2356 523 523 2357 520 520 2358 527 527 2359 519 519 2360 520 520 2361 523 523 2362 527 527 2363 526 526 2364 528 528 2365 527 527 2366 528 528 2367 526 526 2368 529 529 2369 528 528 2370 529 529 2371 530 530 2372 531 531 2373 526 526 2374 525 525 2375 531 531 2376 529 529 2377 526 526 2378 532 532 2379 522 522 2380 521 521 2381 532 532 2382 533 533 2383 522 522 2384 533 533 2385 524 524 2386 522 522 2387 534 534 2388 531 531 2389 525 525 2390 534 534 2391 525 525 2392 535 535 2393 535 535 2394 525 525 2395 524 524 2396 535 535 2397 524 524 2398 536 536 2399 533 533 2400 536 536 2401 524 524 2402 512 512 2403 532 532 2404 521 521 2405 511 511 2406 532 532 2407 512 512 2408 539 537 2409 538 538 2410 537 539 2411 539 537 2412 540 540 2413 538 538 2414 541 541 2415 539 537 2416 537 539 2417 541 541 2418 542 542 2419 539 537 2420 538 538 2421 543 543 2422 537 539 2423 538 538 2424 544 544 2425 543 543 2426 537 539 2427 545 545 2428 541 541 2429 537 539 2430 543 543 2431 545 545 2432 546 546 2433 544 544 2434 538 538 2435 546 546 2436 538 538 2437 547 547 2438 547 547 2439 548 548 2440 546 546 2441 547 547 2442 549 549 2443 548 548 2444 550 550 2445 549 549 2446 547 547 2447 550 550 2448 538 538 2449 540 540 2450 550 550 2451 547 547 2452 538 538 2453 550 550 2454 551 551 2455 549 549 2456 552 552 2457 549 549 2458 551 551 2459 552 552 2460 553 553 2461 549 549 2462 554 554 2463 549 549 2464 553 553 2465 554 554 2466 548 548 2467 549 549 2468 555 555 2469 553 553 2470 552 552 2471 555 555 2472 552 552 2473 556 556 2474 557 557 2475 555 555 2476 556 556 2477 557 557 2478 558 558 2479 555 555 2480 557 557 2481 559 559 2482 558 558 2483 557 557 2484 560 560 2485 559 559 2486 559 559 2487 561 561 2488 558 558 2489 559 559 2490 562 562 2491 561 561 2492 558 558 2493 563 563 2494 555 555 2495 558 558 2496 561 561 2497 563 563 2498 563 563 2499 553 553 2500 555 555 2501 563 563 2502 554 554 2503 553 553 2504 550 550 2505 564 564 2506 551 551 2507 550 550 2508 565 565 2509 564 564 2510 540 540 2511 565 565 2512 550 550 2513 540 540 2514 566 566 2515 565 565 2516 565 565 2517 566 566 2518 567 567 2519 564 564 2520 565 565 2521 567 567 2522 540 540 2523 568 568 2524 566 566 2525 540 540 2526 539 537 2527 568 568 2528 539 537 2529 569 569 2530 568 568 2531 569 569 2532 570 570 2533 568 568 2534 569 569 2535 571 571 2536 570 570 2537 539 537 2538 542 542 2539 569 569 2540 564 564 2541 567 567 2542 572 572 2543 572 572 2544 567 567 2545 573 573 2546 572 572 2547 573 573 2548 574 574 2549 574 574 2550 573 573 2551 575 575 2552 573 573 2553 576 576 2554 575 575 2555 573 573 2556 577 577 2557 576 576 2558 567 567 2559 577 577 2560 573 573 2561 567 567 2562 566 566 2563 577 577 2564 574 574 2565 575 575 2566 578 578 2567 579 579 2568 574 574 2569 578 578 2570 579 579 2571 580 580 2572 574 574 2573 580 580 2574 572 572 2575 574 574 2576 580 580 2577 581 581 2578 572 572 2579 580 580 2580 582 582 2581 581 581 2582 580 580 2583 579 579 2584 582 582 2585 583 583 2586 576 576 2587 577 577 2588 583 583 2589 577 577 2590 584 584 2591 570 570 2592 583 583 2593 584 584 2594 577 577 2595 566 566 2596 584 584 2597 564 564 2598 572 572 2599 581 581 2600 564 564 2601 581 581 2602 585 585 2603 585 585 2604 581 581 2605 586 586 2606 581 581 2607 582 582 2608 586 586 2609 587 587 2610 564 564 2611 585 585 2612 587 587 2613 585 585 2614 586 586 2615 587 587 2616 551 551 2617 564 564 2618 587 587 2619 586 586 2620 588 588 2621 588 588 2622 586 586 2623 589 589 2624 586 586 2625 590 590 2626 589 589 2627 591 591 2628 589 589 2629 590 590 2630 591 591 2631 590 590 2632 592 592 2633 586 586 2634 593 593 2635 590 590 2636 582 582 2637 593 593 2638 586 586 2639 594 594 2640 589 589 2641 591 591 2642 588 588 2643 589 589 2644 594 594 2645 594 594 2646 591 591 2647 560 560 2648 584 584 2649 566 566 2650 568 568 2651 570 570 2652 584 584 2653 568 568 2654 594 594 2655 560 560 2656 595 595 2657 557 557 2658 595 595 2659 560 560 2660 595 595 2661 557 557 2662 556 556 2663 595 595 2664 556 556 2665 596 596 2666 594 594 2667 596 596 2668 588 588 2669 594 594 2670 595 595 2671 596 596 2672 556 556 2673 597 597 2674 596 596 2675 588 588 2676 596 596 2677 597 597 2678 597 597 2679 552 552 2680 551 551 2681 556 556 2682 552 552 2683 597 597 2684 588 588 2685 597 597 2686 587 587 2687 587 587 2688 597 597 2689 551 551 2690 600 598 2691 599 599 2692 598 600 2693 600 598 2694 601 601 2695 599 599 2696 598 600 2697 602 602 2698 600 598 2699 598 600 2700 603 603 2701 602 602 2702 603 603 2703 604 604 2704 602 602 2705 603 603 2706 605 605 2707 604 604 2708 605 605 2709 606 606 2710 604 604 2711 605 605 2712 607 607 2713 606 606 2714 606 606 2715 608 608 2716 604 604 2717 606 606 2718 609 609 2719 608 608 2720 600 598 2721 602 602 2722 610 610 2723 600 598 2724 610 610 2725 611 611 2726 611 611 2727 601 601 2728 600 598 2729 611 611 2730 612 612 2731 601 601 2732 607 607 2733 613 613 2734 606 606 2735 607 607 2736 614 614 2737 613 613 2738 615 615 2739 613 613 2740 614 614 2741 615 615 2742 616 616 2743 613 613 2744 617 617 2745 616 616 2746 615 615 2747 617 617 2748 618 618 2749 616 616 2750 619 619 2751 616 616 2752 618 618 2753 619 619 2754 620 620 2755 616 616 2756 621 621 2757 616 616 2758 620 620 2759 621 621 2760 613 613 2761 616 616 2762 617 617 2763 622 622 2764 618 618 2765 617 617 2766 623 623 2767 622 622 2768 618 618 2769 624 624 2770 619 619 2771 618 618 2772 622 622 2773 624 624 2774 613 613 2775 621 621 2776 625 625 2777 617 617 2778 626 626 2779 623 623 2780 617 617 2781 627 627 2782 626 626 2783 615 615 2784 627 627 2785 617 617 2786 615 615 2787 628 628 2788 627 627 2789 614 614 2790 628 628 2791 615 615 2792 614 614 2793 629 629 2794 628 628 2795 614 614 2796 630 630 2797 629 629 2798 630 630 2799 631 631 2800 629 629 2801 630 630 2802 632 632 2803 631 631 2804 614 614 2805 607 607 2806 630 630 2807 633 633 2808 630 630 2809 607 607 2810 633 633 2811 607 607 2812 605 605 2813 634 634 2814 633 633 2815 605 605 2816 634 634 2817 605 605 2818 603 603 2819 635 635 2820 634 634 2821 603 603 2822 635 635 2823 603 603 2824 598 600 2825 599 599 2826 635 635 2827 598 600 2828 599 599 2829 636 636 2830 635 635 2831 637 637 2832 630 630 2833 633 633 2834 637 637 2835 632 632 2836 630 630 2837 638 638 2838 633 633 2839 634 634 2840 638 638 2841 639 639 2842 633 633 2843 639 639 2844 637 637 2845 633 633 2846 640 640 2847 639 639 2848 638 638 2849 640 640 2850 641 641 2851 639 639 2852 640 640 2853 638 638 2854 642 642 2855 642 642 2856 634 634 2857 635 635 2858 642 642 2859 638 638 2860 634 634 2861 642 642 2862 635 635 2863 636 636 2864 640 640 2865 642 642 2866 643 643 2867 641 641 2868 644 644 2869 639 639 2870 639 639 2871 644 644 2872 637 637 2873 641 641 2874 645 645 2875 644 644 2876 645 645 2877 646 646 2878 644 644 2879 645 645 2880 647 647 2881 646 646 2882 648 648 2883 647 647 2884 645 645 2885 648 648 2886 649 649 2887 647 647 2888 647 647 2889 650 650 2890 646 646 2891 647 647 2892 651 651 2893 650 650 2894 649 649 2895 651 651 2896 647 647 2897 652 652 2898 650 650 2899 651 651 2900 652 652 2901 651 651 2902 653 653 2903 654 654 2904 652 652 2905 653 653 2906 654 654 2907 655 655 2908 652 652 2909 655 655 2910 654 654 2911 656 656 2912 655 655 2913 656 656 2914 657 657 2915 657 657 2916 656 656 2917 658 658 2918 657 657 2919 658 658 2920 659 659 2921 659 659 2922 627 627 2923 657 657 2924 659 659 2925 626 626 2926 627 627 2927 657 657 2928 628 628 2929 655 655 2930 657 657 2931 627 627 2932 628 628 2933 655 655 2934 629 629 2935 652 652 2936 655 655 2937 628 628 2938 629 629 2939 652 652 2940 631 631 2941 650 650 2942 652 652 2943 629 629 2944 631 631 2945 650 650 2946 631 631 2947 632 632 2948 650 650 2949 632 632 2950 646 646 2951 632 632 2952 644 644 2953 646 646 2954 632 632 2955 637 637 2956 644 644 2957 662 660 2958 661 661 2959 660 662 2960 662 660 2961 663 663 2962 661 661 2963 663 663 2964 664 664 2965 661 661 2966 663 663 2967 665 665 2968 664 664 2969 666 666 2970 665 665 2971 663 663 2972 666 666 2973 663 663 2974 667 667 2975 667 667 2976 663 663 2977 662 660 2978 667 667 2979 662 660 2980 668 668 2981 669 669 2982 662 660 2983 660 662 2984 669 669 2985 660 662 2986 670 670 2987 671 671 2988 670 670 2989 660 662 2990 671 671 2991 672 672 2992 670 670 2993 673 673 2994 668 668 2995 662 660 2996 673 673 2997 674 674 2998 668 668 2999 674 674 3000 675 675 3001 668 668 3002 674 674 3003 676 676 3004 675 675 3005 677 677 3006 674 674 3007 673 673 3008 677 677 3009 676 676 3010 674 674 3011 677 677 3012 673 673 3013 678 678 3014 673 673 3015 679 679 3016 678 678 3017 680 680 3018 679 679 3019 673 673 3020 680 680 3021 669 669 3022 681 681 3023 681 681 3024 669 669 3025 682 682 3026 669 669 3027 683 683 3028 682 682 3029 670 670 3030 683 683 3031 669 669 3032 670 670 3033 672 672 3034 683 683 3035 680 680 3036 681 681 3037 684 684 3038 680 680 3039 684 684 3040 679 679 3041 680 680 3042 673 673 3043 662 660 3044 680 680 3045 662 660 3046 669 669 3047 687 685 3048 686 686 3049 685 687 3050 687 685 3051 688 688 3052 686 686 3053 687 685 3054 689 689 3055 688 688 3056 687 685 3057 690 690 3058 689 689 3059 691 691 3060 690 690 3061 687 685 3062 691 691 3063 687 685 3064 692 692 3065 692 692 3066 687 685 3067 685 687 3068 692 692 3069 685 687 3070 693 693 3071 691 691 3072 692 692 3073 694 694 3074 691 691 3075 694 694 3076 695 695 3077 696 696 3078 691 691 3079 695 695 3080 696 696 3081 697 697 3082 691 691 3083 693 693 3084 685 687 3085 698 698 3086 693 693 3087 698 698 3088 699 699 3089 685 687 3090 700 700 3091 698 698 3092 685 687 3093 686 686 3094 700 700 3095 698 698 3096 700 700 3097 701 701 3098 698 698 3099 701 701 3100 702 702 3101 699 699 3102 698 698 3103 702 702 3104 699 699 3105 702 702 3106 703 703 3107 699 699 3108 703 703 3109 704 704 3110 699 699 3111 704 704 3112 705 705 3113 699 699 3114 705 705 3115 693 693 3116 705 705 3117 704 704 3118 706 706 3119 705 705 3120 706 706 3121 707 707 3122 707 707 3123 693 693 3124 705 705 3125 707 707 3126 692 692 3127 693 693 3128 703 703 3129 702 702 3130 708 708 3131 703 703 3132 708 708 3133 709 709 3134 709 709 3135 704 704 3136 703 703 3137 710 710 3138 709 709 3139 708 708 3140 710 710 3141 711 711 3142 709 709 3143 710 710 3144 712 712 3145 711 711 3146 710 710 3147 713 713 3148 712 712 3149 714 714 3150 712 712 3151 713 713 3152 714 714 3153 715 715 3154 712 712 3155 716 716 3156 715 715 3157 714 714 3158 716 716 3159 714 714 3160 717 717 3161 717 717 3162 718 718 3163 716 716 3164 717 717 3165 719 719 3166 718 718 3167 719 719 3168 720 720 3169 718 718 3170 719 719 3171 721 721 3172 720 720 3173 717 717 3174 714 714 3175 722 722 3176 722 722 3177 714 714 3178 713 713 3179 717 717 3180 722 722 3181 723 723 3182 723 723 3183 719 719 3184 717 717 3185 722 722 3186 713 713 3187 724 724 3188 724 724 3189 713 713 3190 710 710 3191 724 724 3192 710 710 3193 725 725 3194 725 725 3195 710 710 3196 708 708 3197 725 725 3198 708 708 3199 726 726 3200 723 723 3201 727 727 3202 719 719 3203 727 727 3204 721 721 3205 719 719 3206 727 727 3207 728 728 3208 721 721 3209 729 729 3210 715 715 3211 716 716 3212 729 729 3213 716 716 3214 730 730 3215 720 720 3216 730 730 3217 718 718 3218 730 730 3219 716 716 3220 718 718 3221 729 729 3222 730 730 3223 731 731 3224 729 729 3225 731 731 3226 732 732 3227 733 733 3228 729 729 3229 732 732 3230 733 733 3231 734 734 3232 729 729 3233 729 729 3234 734 734 3235 712 712 3236 729 729 3237 712 712 3238 715 715 3239 712 712 3240 734 734 3241 711 711 3242 734 734 3243 709 709 3244 711 711 3245 702 702 3246 726 726 3247 708 708 3248 702 702 3249 701 701 3250 726 726 3251 731 731 3252 730 730 3253 735 735 3254 735 735 3255 730 730 3256 720 720 3257 735 735 3258 720 720 3259 736 736 3260 737 737 3261 735 735 3262 736 736 3263 737 737 3264 736 736 3265 738 738 3266 737 737 3267 738 738 3268 739 739 3269 739 739 3270 740 740 3271 737 737 3272 737 737 3273 740 740 3274 741 741 3275 737 737 3276 741 741 3277 735 735 3278 739 739 3279 742 742 3280 740 740 3281 743 743 3282 740 740 3283 742 742 3284 743 743 3285 742 742 3286 744 744 3287 744 744 3288 742 742 3289 745 745 3290 744 744 3291 745 745 3292 746 746 3293 747 747 3294 744 744 3295 746 746 3296 747 747 3297 748 748 3298 744 744 3299 743 743 3300 744 744 3301 748 748 3302 743 743 3303 748 748 3304 749 749 3305 750 750 3306 743 743 3307 749 749 3308 750 750 3309 751 751 3310 743 743 3311 749 749 3312 752 752 3313 750 750 3314 749 749 3315 753 753 3316 752 752 3317 742 742 3318 754 754 3319 745 745 3320 742 742 3321 739 739 3322 754 754 3323 739 739 3324 755 755 3325 754 754 3326 739 739 3327 738 738 3328 755 755 3329 728 728 3330 755 755 3331 738 738 3332 728 728 3333 738 738 3334 721 721 3335 736 736 3336 721 721 3337 738 738 3338 736 736 3339 720 720 3340 721 721 3341 756 756 3342 749 749 3343 748 748 3344 756 756 3345 753 753 3346 749 749 3347 748 748 3348 757 757 3349 756 756 3350 748 748 3351 747 747 3352 757 757 3353 759 758 3354 751 751 3355 758 759 3356 759 758 3357 758 759 3358 760 760 3359 759 758 3360 760 760 3361 761 761 3362 761 761 3363 741 741 3364 759 758 3365 761 761 3366 735 735 3367 741 741 3368 731 731 3369 735 735 3370 761 761 3371 731 731 3372 761 761 3373 760 760 3374 731 731 3375 760 760 3376 732 732 3377 759 758 3378 741 741 3379 740 740 3380 759 758 3381 740 740 3382 743 743 3383 759 758 3384 743 743 3385 751 751 3386 762 762 3387 733 733 3388 732 732 3389 762 762 3390 706 706 3391 733 733 3392 704 704 3393 733 733 3394 706 706 3395 704 704 3396 734 734 3397 733 733 3398 709 709 3399 734 734 3400 704 704 3401 762 762 3402 707 707 3403 706 706 3404 762 762 3405 763 763 3406 707 707 3407 763 763 3408 692 692 3409 707 707 3410 763 763 3411 694 694 3412 692 692 3413 766 764 3414 765 765 3415 764 766 3416 766 764 3417 767 767 3418 765 765 3419 768 768 3420 766 764 3421 764 766 3422 768 768 3423 764 766 3424 769 769 3425 770 770 3426 769 769 3427 764 766 3428 770 770 3429 764 766 3430 771 771 3431 771 771 3432 764 766 3433 765 765 3434 771 771 3435 765 765 3436 772 772 3437 765 765 3438 773 773 3439 772 772 3440 765 765 3441 774 774 3442 773 773 3443 765 765 3444 775 775 3445 774 774 3446 765 765 3447 767 767 3448 775 775 3449 778 776 3450 777 777 3451 776 778 3452 778 776 3453 779 779 3454 777 777 3455 508 508 3456 779 779 3457 778 776 3458 508 508 3459 778 776 3460 780 780 3461 777 777 3462 779 779 3463 498 496 3464 777 777 3465 498 496 3466 496 498 3467 501 501 3468 779 779 3469 508 508 3470 501 501 3471 498 496 3472 779 779 3473 509 509 3474 508 508 3475 780 780 3476 509 509 3477 780 780 3478 781 781 3479 781 781 3480 513 513 3481 509 509 3482 602 602 3483 782 782 3484 610 610 3485 602 602 3486 604 604 3487 782 782 3488 608 608 3489 782 782 3490 604 604 3491 784 783 3492 239 239 3493 783 784 3494 784 783 3495 231 231 3496 239 239 3497 224 224 3498 231 231 3499 784 783 3500 224 224 3501 784 783 3502 785 785 3503 784 783 3504 783 784 3505 785 785 3506 224 224 3507 785 785 3508 223 223 3509 224 224 3510 215 215 3511 231 231 3512 787 786 3513 786 787 3514 642 642 3515 642 642 3516 636 636 3517 787 786 3518 788 788 3519 786 787 3520 787 786 3521 786 787 3522 643 643 3523 642 642 3524 472 472 3525 454 454 3526 110 110 3527 472 472 3528 471 471 3529 454 454 3530 789 789 3531 454 454 3532 471 471 3533 789 789 3534 453 453 3535 454 454 3536 789 789 3537 451 451 3538 453 453 3539 789 789 3540 461 461 3541 451 451 3542 464 464 3543 461 461 3544 789 789 3545 464 464 3546 789 789 3547 469 469 3548 469 469 3549 789 789 3550 471 471 3551 606 606 3552 625 625 3553 609 609 3554 606 606 3555 613 613 3556 625 625 3557 790 790 3558 691 691 3559 697 697 3560 790 790 3561 690 690 3562 691 691 3563 690 690 3564 790 790 3565 791 791 3566 690 690 3567 791 791 3568 689 689 3569 113 113 3570 129 129 3571 112 112 3572 113 113 3573 132 132 3574 129 129 3575 132 132 3576 113 113 3577 115 115 3578 132 132 3579 115 115 3580 137 137 3581 116 116 3582 137 137 3583 115 115 3584 116 116 3585 140 140 3586 137 137 3587 118 118 3588 140 140 3589 116 116 3590 118 118 3591 142 142 3592 140 140 3593 118 118 3594 146 146 3595 142 142 3596 118 118 3597 120 120 3598 146 146 3599 120 120 3600 147 147 3601 146 146 3602 120 120 3603 123 123 3604 147 147 3605 123 123 3606 150 150 3607 147 147 3608 123 123 3609 126 126 3610 150 150 3611</p>
        </triangles>
      </mesh>
    </geometry>
  </library_geometries>
  <library_controllers>
    <controller id="Armature_pm0058_00_41_TeethSkin-skin" name="Armature">
      <skin source="#pm0058_00_41_TeethSkin-mesh">
        <bind_shape_matrix>0.9999999 4.13274e-9 -5.26937e-10 -4.42378e-9 4.13274e-9 1 -7.28119e-9 -1.11759e-8 4.04386e-10 7.61997e-9 1 -1.13605e-8 0 0 0 1</bind_shape_matrix>
        <source id="Armature_pm0058_00_41_TeethSkin-skin-joints">
          <Name_array id="Armature_pm0058_00_41_TeethSkin-skin-joints-array" count="2">left_teeth right_teeth</Name_array>
          <technique_common>
            <accessor source="#Armature_pm0058_00_41_TeethSkin-skin-joints-array" count="2" stride="1">
              <param name="JOINT" type="name"/>
            </accessor>
          </technique_common>
        </source>
        <source id="Armature_pm0058_00_41_TeethSkin-skin-bind_poses">
          <float_array id="Armature_pm0058_00_41_TeethSkin-skin-bind_poses-array" count="32">0.2298972 -0.1737243 -1.97911 0.4640067 1.986642 -2.66355e-7 0.2307695 -0.1257746 -0.02004563 -1.99244 0.1725664 -0.2358045 0 0 0 1 -0.2299031 -0.1736961 -1.979176 0.4640259 1.986642 -4.39593e-7 -0.2307749 0.1257759 0.0200414 -1.992444 0.1725314 -0.2357969 0 0 0 1</float_array>
          <technique_common>
            <accessor source="#Armature_pm0058_00_41_TeethSkin-skin-bind_poses-array" count="2" stride="16">
              <param name="TRANSFORM" type="float4x4"/>
            </accessor>
          </technique_common>
        </source>
        <source id="Armature_pm0058_00_41_TeethSkin-skin-weights">
          <float_array id="Armature_pm0058_00_41_TeethSkin-skin-weights-array" count="74">1 1 1 1 1 1 1 1 1 1 1 1 1 1 1 1 1 1 1 1 1 1 1 1 1 1 1 1 1 1 1 1 1 1 1 1 1 1 1 1 1 1 1 1 1 1 1 1 1 1 1 1 1 1 1 1 1 1 1 1 1 1 1 1 1 1 1 1 1 1 1 1 1 1</float_array>
          <technique_common>
            <accessor source="#Armature_pm0058_00_41_TeethSkin-skin-weights-array" count="74" stride="1">
              <param name="WEIGHT" type="float"/>
            </accessor>
          </technique_common>
        </source>
        <joints>
          <input semantic="JOINT" source="#Armature_pm0058_00_41_TeethSkin-skin-joints"/>
          <input semantic="INV_BIND_MATRIX" source="#Armature_pm0058_00_41_TeethSkin-skin-bind_poses"/>
        </joints>
        <vertex_weights count="74">
          <input semantic="JOINT" source="#Armature_pm0058_00_41_TeethSkin-skin-joints" offset="0"/>
          <input semantic="WEIGHT" source="#Armature_pm0058_00_41_TeethSkin-skin-weights" offset="1"/>
          <vcount>1 1 1 1 1 1 1 1 1 1 1 1 1 1 1 1 1 1 1 1 1 1 1 1 1 1 1 1 1 1 1 1 1 1 1 1 1 1 1 1 1 1 1 1 1 1 1 1 1 1 1 1 1 1 1 1 1 1 1 1 1 1 1 1 1 1 1 1 1 1 1 1 1 1 </vcount>
          <v>0 0 0 1 0 2 0 3 0 4 0 5 0 6 0 7 0 8 0 9 0 10 0 11 0 12 0 13 0 14 0 15 0 16 0 17 0 18 0 19 0 20 0 21 0 22 0 23 0 24 0 25 0 26 0 27 0 28 0 29 0 30 0 31 0 32 0 33 0 34 0 35 0 36 1 37 1 38 1 39 1 40 1 41 1 42 1 43 1 44 1 45 1 46 1 47 1 48 1 49 1 50 1 51 1 52 1 53 1 54 1 55 1 56 1 57 1 58 1 59 1 60 1 61 1 62 1 63 1 64 1 65 1 66 1 67 1 68 1 69 1 70 1 71 1 72 1 73</v>
        </vertex_weights>
      </skin>
    </controller>
    <controller id="Armature_pm0058_00_41_HairBSkin-skin" name="Armature">
      <skin source="#pm0058_00_41_HairBSkin-mesh">
        <bind_shape_matrix>1 0 0 0 0 1 2.98023e-8 2.98023e-8 0 0 1 1.49012e-8 0 0 0 1</bind_shape_matrix>
        <source id="Armature_pm0058_00_41_HairBSkin-skin-joints">
          <Name_array id="Armature_pm0058_00_41_HairBSkin-skin-joints-array" count="8">tail_01 tail_02 spine_02 feeler_a_01 feeler_a_02 neck head jaw</Name_array>
          <technique_common>
            <accessor source="#Armature_pm0058_00_41_HairBSkin-skin-joints-array" count="8" stride="1">
              <param name="JOINT" type="name"/>
            </accessor>
          </technique_common>
        </source>
        <source id="Armature_pm0058_00_41_HairBSkin-skin-bind_poses">
          <float_array id="Armature_pm0058_00_41_HairBSkin-skin-bind_poses-array" count="128">0 1.443379 1.384434 -0.5313652 -2 0 0 0 0 -1.384434 1.443379 -0.01860785 0 0 0 1 0 1.443379 1.384434 -0.683503 -2 0 0 0 0 -1.384434 1.443379 -0.01860797 0 0 0 1 0 -1.840412 0.7828694 -0.05316829 -2 0 0 0 0 -0.7828694 -1.840412 0.3797054 0 0 0 1 0 -0.6715893 -1.88387 0.353421 2 0 0 0 0 -1.88387 0.6715893 -0.2277426 0 0 0 1 0 -0.6715892 -1.88387 0.2466337 2 0 0 0 0 -1.88387 0.6715892 -0.2277426 0 0 0 1 0 -1.266747 1.547693 -0.3153212 -2 0 0 0 0 -1.547693 -1.266747 0.2634413 0 0 0 1 0 0.02445286 1.99985 -0.4537157 -2 0 0 0 0 -1.99985 0.02445286 -0.03681445 0 0 0 1 0 -1.689658 -1.070073 0.1802538 -2 0 0 0 0 1.070073 -1.689658 0.488743 0 0 0 1</float_array>
          <technique_common>
            <accessor source="#Armature_pm0058_00_41_HairBSkin-skin-bind_poses-array" count="8" stride="16">
              <param name="TRANSFORM" type="float4x4"/>
            </accessor>
          </technique_common>
        </source>
        <source id="Armature_pm0058_00_41_HairBSkin-skin-weights">
          <float_array id="Armature_pm0058_00_41_HairBSkin-skin-weights-array" count="1278">0.96 0.03999996 0.84 0.16 0.96 0.03999996 0.84 0.16 0.7 0.3 0.7 0.3 0.52 0.48 0.52 0.48 0.84 0.16 0.97 0.02999997 0.85 0.15 0.7 0.3 0.52 0.48 1 1 1 1 1 1 1 1 1 0.88 0.12 0.89 0.11 0.77 0.23 0.77 0.23 0.66 0.34 0.66 0.34 0.76 0.24 0.65 0.35 0.74 0.26 0.64 0.36 0.53 0.47 0.52 0.48 0.87 0.1299999 0.53 0.47 0.53 0.47 0.4 0.6 0.4 0.6 0.4 0.6 0.39 0.61 0.26 0.74 0.26 0.74 0.11 0.89 0.11 0.89 0.04999995 0.95 0.03999996 0.96 0.14 0.86 0.27 0.73 0.06 0.94 0.29 0.71 1 1 1 1 0.03999996 0.96 0.03999996 0.96 0.1 0.9 0.11 0.89 0.04999995 0.95 0.02999997 0.97 0.1 0.9 0.03999996 0.96 0.24 0.76 0.23 0.77 0.27 0.73 0.35 0.65 0.34 0.66 0.15 0.85 0.16 0.84 0.5 0.5 0.51 0.49 0.62 0.38 0.63 0.37 0.71 0.29 0.7 0.3 0.73 0.27 0.76 0.24 0.75 0.25 0.73 0.27 0.66 0.34 0.67 0.33 0.57 0.43 0.41 0.59 0.53 0.47 0.31 0.69 0.27 0.73 0.25 0.75 0.2 0.8 0.36 0.64 0.34 0.66 0.51 0.49 0.5 0.5 0.63 0.37 0.62 0.38 0.7 0.3 0.68 0.32 0.64 0.36 0.71 0.29 0.7 0.3 0.65 0.35 0.73 0.27 0.66 0.34 0.73 0.27 0.25 0.75 0.2 0.8 0.22 0.78 0.17 0.83 0.34 0.66 0.28 0.72 0.27 0.73 0.24 0.76 0.21 0.79 0.23 0.77 0.16 0.84 0.16 0.84 0.1899999 0.81 0.12 0.88 0.1899999 0.81 0.11 0.89 0.15 0.85 0.06999999 0.93 0.07999998 0.92 0.04999995 0.95 0.06 0.94 0.08999997 0.91 0.07999998 0.92 0.07999998 0.92 0.1 0.9 0.06 0.94 0.06999999 0.93 0.1 0.9 0.07999998 0.92 0.11 0.89 0.07999998 0.92 0.11 0.89 0.11 0.89 0.96 0.03999996 0.96 0.03999996 0.84 0.16 0.84 0.16 0.7 0.3 0.7 0.3 0.52 0.48 0.52 0.48 0.84 0.16 0.97 0.02999997 0.85 0.15 0.7 0.3 0.52 0.48 1 1 1 1 1 1 1 1 1 0.88 0.12 0.89 0.11 0.77 0.23 0.77 0.23 0.66 0.34 0.66 0.34 0.76 0.24 0.65 0.35 0.73 0.27 0.64 0.36 0.53 0.47 0.52 0.48 0.87 0.1299999 0.53 0.47 0.53 0.47 0.4 0.6 0.4 0.6 0.4 0.6 0.39 0.61 0.26 0.74 0.26 0.74 0.11 0.89 0.11 0.89 0.04999995 0.95 0.03999996 0.96 0.14 0.86 0.27 0.73 0.06 0.94 0.29 0.71 1 1 1 1 0.03999996 0.96 0.03999996 0.96 0.1 0.9 0.11 0.89 0.04999995 0.95 0.02999997 0.97 0.1 0.9 0.03999996 0.96 0.24 0.76 0.23 0.77 0.27 0.73 0.35 0.65 0.34 0.66 0.15 0.85 0.16 0.84 0.5 0.5 0.51 0.49 0.62 0.38 0.63 0.37 0.71 0.29 0.69 0.31 0.72 0.28 0.76 0.24 0.74 0.26 0.72 0.28 0.66 0.34 0.67 0.33 0.57 0.43 0.41 0.59 0.53 0.47 0.31 0.69 0.27 0.73 0.25 0.75 0.2 0.8 0.36 0.64 0.34 0.66 0.51 0.49 0.5 0.5 0.62 0.38 0.62 0.38 0.69 0.31 0.68 0.32 0.64 0.36 0.71 0.29 0.7 0.3 0.65 0.35 0.72 0.28 0.66 0.34 0.72 0.28 0.17 0.83 0.2 0.8 0.22 0.78 0.25 0.75 0.34 0.66 0.28 0.72 0.27 0.73 0.24 0.76 0.21 0.79 0.23 0.77 0.16 0.84 0.16 0.84 0.1899999 0.81 0.12 0.88 0.1899999 0.81 0.11 0.89 0.15 0.85 0.06999999 0.93 0.07999998 0.92 0.04999995 0.95 0.06 0.94 0.08999997 0.91 0.07999998 0.92 0.07999998 0.92 0.1 0.9 0.06 0.94 0.06999999 0.93 0.1 0.9 0.07999998 0.92 0.11 0.89 0.07999998 0.92 0.11 0.89 0.11 0.89 1 1 1 1 1 1 1 1 1 1 1 1 1 1 1 1 1 1 0.01999998 0.96 0.01999998 0.01999998 0.95 0.02999997 0.02999997 0.94 0.02999997 0.04999995 0.88 0.06999999 1 1 1 0.03999996 0.91 0.04999995 1 1 1 1 1 1 1 1 1 1 1 1 1 1 1 1 1 1 1 1 1 1 1 0.00999999 0.98 0.00999999 1 0.00999999 0.98 0.00999999 1 1 1 0.02999997 0.94 0.02999997 0.02999997 0.94 0.02999997 1 1 1 1 1 0.99 0.00999999 0.03999996 0.91 0.04999995 1 1 1 1 1 1 0.99 0.00999999 0.01999998 0.93 0.04999995 1 1 0.12 0.69 0.1899999 0.01999998 0.94 0.03999996 0.04999995 0.83 0.12 0.32 0.32 0.36 0.36 0.3 0.34 0.33 0.66 0.00999999 0.21 0.79 0.00999999 0.34 0.65 1 0.78 0.22 0.23 0.06 0.61 0.1 0.67 0.23 0.1 0.67 0.23 0.1 0.01999998 0.92 0.06 0.00999999 0.97 0.01999998 0.00999999 0.97 0.01999998 0.99 0.00999999 0.41 0.56 0.02999997 0.41 0.27 0.32 0.15 0.66 0.1899999 0.22 0.62 0.16 0.46 0.48 0.06 0.23 0.56 0.21 0.4 0.6 0.14 0.86 0.3 0.28 0.42 0.67 0.23 0.1 0.67 0.23 0.1 0.2 0.7 0.1 0.17 0.55 0.28 0.45 0.24 0.31 0.45 0.26 0.29 0.44 0.53 0.02999997 0.46 0.54 0.41 0.27 0.32 0.41 0.56 0.02999997 0.49 0.21 0.3 0.46 0.54 0.14 0.68 0.18 0.15 0.66 0.1899999 0.39 0.46 0.15 0.41 0.48 0.11 0.43 0.47 0.1 0.46 0.48 0.06 0.21 0.54 0.25 0.22 0.52 0.26 0.16 0.6400001 0.2 0.17 0.55 0.28 0.22 0.62 0.16 0.35 0.44 0.21 0.36 0.31 0.33 0.46 0.54 0.3 0.28 0.42 0.67 0.23 0.1 0.67 0.23 0.1 0.67 0.23 0.1 0.67 0.23 0.1 0.14 0.86 0.67 0.23 0.1 0.23 0.06 0.61 0.1 0.67 0.23 0.1 0.67 0.23 0.1 0.67 0.23 0.1 0.2 0.7 0.1 0.32 0.46 0.22 0.17 0.55 0.28 0.28 0.45 0.27 0.17 0.51 0.32 0.2 0.48 0.32 0.32 0.46 0.22 0.2 0.7 0.1 0.17 0.51 0.32 0.46 0.54 0.14 0.86 0.3 0.28 0.42 0.36 0.31 0.33 0.67 0.23 0.1 0.67 0.23 0.1 0.67 0.23 0.1 0.67 0.23 0.1 0.17 0.55 0.28 0.35 0.44 0.21 0.67 0.23 0.1 0.23 0.06 0.61 0.1 0.67 0.23 0.1 0.67 0.23 0.1 0.67 0.23 0.1 0.22 0.62 0.16 0.46 0.48 0.06 0.43 0.47 0.1 0.4 0.57 0.02999997 0.44 0.53 0.02999997 0.41 0.29 0.3 0.44 0.26 0.3 0.45 0.27 0.28 0.46 0.54 0.12 0.73 0.15 0.11 0.73 0.16 0.41 0.48 0.11 0.21 0.54 0.25 0.1299999 0.72 0.15 0.1 0.78 0.12 0.01999998 0.95 0.02999997 0.02999997 0.93 0.03999996 0.11 0.76 0.1299999 0.02999997 0.94 0.02999997 0.15 0.67 0.18 0.01999998 0.95 0.02999997 0.02999997 0.93 0.03999996 0.01999998 0.95 0.02999997 0.00999999 0.97 0.01999998 0.00999999 0.98 0.00999999 0.00999999 0.98 0.00999999 0.00999999 0.98 0.00999999 0.00999999 0.98 0.00999999 0.02999997 0.94 0.02999997 0.02999997 0.93 0.03999996 0.02999997 0.94 0.02999997 0.04999995 0.88 0.06999999 0.03999996 0.91 0.04999995 0.99 0.00999999 1 0.00999999 0.98 0.00999999 0.00999999 0.98 0.00999999 0.99 0.00999999 1 0.23 0.56 0.21 0.14 0.86 0.4 0.6 0.3 0.28 0.42 0.67 0.23 0.1 0.67 0.23 0.1 0.2 0.7 0.1 0.17 0.55 0.28 0.36 0.3 0.34 0.32 0.32 0.36 0.32 0.67 0.00999999 0.21 0.79 0.08999997 0.74 0.17 0.04999995 0.83 0.12 0.34 0.66 1 0.78 0.22 0.23 0.06 0.61 0.1 0.67 0.23 0.1 0.67 0.23 0.1 0.00999999 0.95 0.03999996 0.01999998 0.92 0.06 0.01999998 0.94 0.03999996 1 1 1 0.00999999 0.97 0.01999998 1 1 0.22 0.62 0.16 0.46 0.48 0.06 0.4 0.57 0.02999997 0.41 0.29 0.3 0.11 0.73 0.16 1 1 1 1 1 1 1 1 1 1 1 1 1 1 1 1 1 1 1 1 0.00999999 0.97 0.01999998 0.99 0.00999999 1 1 1 1 1 1 1 1 1 0.00999999 0.97 0.01999998 1 1 1 1 1 1 1 1 1 1 1 1 1 1 1 1 1 1 1 1 1 0.00999999 0.98 0.00999999 0.00999999 0.98 0.00999999 1 1 1 1 1 1 1 1 1 1 1 1 1 1 0.00999999 0.98 0.00999999 0.00999999 0.98 0.00999999 0.00999999 0.98 0.00999999 1 0.00999999 0.98 0.00999999 1 1 1 1 1 1 1 1 1 1 1 1 1 1 1 1 1 0.01999998 0.95 0.02999997 0.00999999 0.97 0.01999998 1 0.00999999 0.98 0.00999999 1 1 1 1 1 1 1 1 1 1 1 1 1 1 0.00999999 0.97 0.01999998 0.02999997 0.93 0.03999996 0.01999998 0.95 0.02999997 1 0.01999998 0.95 0.02999997 1 0.02999997 0.93 0.03999996 1 1 1 1 1 1 1 1 1 1 1 1 1 1 1 1 1 1 1 1 1 1 1 1 1 1 1 1 1 0.02999997 0.93 0.03999996 1 1 1 1 1 1 1 1 1 1 1 1 1 1 0.00999999 0.97 0.01999998 0.00999999 0.98 0.00999999 0.00999999 0.97 0.01999998 0.99 0.00999999 1 1 1 1 1</float_array>
          <technique_common>
            <accessor source="#Armature_pm0058_00_41_HairBSkin-skin-weights-array" count="1278" stride="1">
              <param name="WEIGHT" type="float"/>
            </accessor>
          </technique_common>
        </source>
        <joints>
          <input semantic="JOINT" source="#Armature_pm0058_00_41_HairBSkin-skin-joints"/>
          <input semantic="INV_BIND_MATRIX" source="#Armature_pm0058_00_41_HairBSkin-skin-bind_poses"/>
        </joints>
        <vertex_weights count="677">
          <input semantic="JOINT" source="#Armature_pm0058_00_41_HairBSkin-skin-joints" offset="0"/>
          <input semantic="WEIGHT" source="#Armature_pm0058_00_41_HairBSkin-skin-weights" offset="1"/>
          <vcount>2 2 2 2 2 2 2 2 2 2 2 2 2 1 1 1 1 1 1 1 1 1 2 2 2 2 2 2 2 2 2 2 2 2 2 2 2 2 2 2 2 2 2 2 2 2 2 2 2 2 2 1 1 1 1 2 2 2 2 2 2 2 2 2 2 2 2 2 2 2 2 2 2 2 2 2 2 2 2 2 2 2 2 2 2 2 2 2 2 2 2 2 2 2 2 2 2 2 2 2 2 2 2 2 2 2 2 2 2 2 2 2 2 2 2 2 2 2 2 2 2 2 2 2 2 2 2 2 2 2 2 2 2 2 2 2 2 2 2 2 2 2 2 2 2 2 2 2 2 2 1 1 1 1 1 1 1 1 1 2 2 2 2 2 2 2 2 2 2 2 2 2 2 2 2 2 2 2 2 2 2 2 2 2 2 2 2 2 1 1 1 1 2 2 2 2 2 2 2 2 2 2 2 2 2 2 2 2 2 2 2 2 2 2 2 2 2 2 2 2 2 2 2 2 2 2 2 2 2 2 2 2 2 2 2 2 2 2 2 2 2 2 2 2 2 2 2 2 2 2 2 2 2 2 2 2 2 2 2 2 2 2 2 2 2 2 2 2 2 2 2 2 2 2 1 1 1 1 1 1 1 1 1 1 1 1 1 1 1 1 1 1 3 3 3 3 1 1 1 3 1 1 1 1 1 1 1 1 1 1 1 1 1 1 1 1 1 1 1 1 1 1 1 3 1 3 1 1 1 3 3 1 1 1 1 1 2 3 1 1 1 1 1 1 2 3 1 1 3 3 3 3 3 3 2 3 1 2 4 3 3 3 3 3 2 3 3 3 3 3 3 2 2 3 3 3 3 3 3 3 3 2 3 3 3 2 3 3 3 3 3 3 3 3 3 3 3 3 3 2 3 3 3 3 3 2 3 4 3 3 3 3 3 3 3 3 3 3 3 3 2 2 3 3 3 3 3 3 3 3 3 4 3 3 3 3 3 3 3 3 3 3 3 2 3 3 3 3 3 3 3 3 3 3 3 3 3 3 3 3 3 3 3 3 3 3 3 3 2 1 3 3 2 1 3 2 2 3 3 3 3 3 3 3 3 2 3 3 2 1 2 4 3 3 3 3 3 1 1 1 3 1 1 3 3 3 3 3 1 1 1 1 1 1 1 1 1 1 1 1 1 1 1 1 1 1 1 1 3 2 1 1 1 1 1 1 1 1 1 3 1 1 1 1 1 1 1 1 1 1 1 1 1 1 1 1 1 1 1 1 1 3 3 1 1 1 1 1 1 1 1 1 1 1 1 1 1 3 3 3 1 3 1 1 1 1 1 1 1 1 1 1 1 1 1 1 1 1 1 3 3 1 3 1 1 1 1 1 1 1 1 1 1 1 1 1 1 3 3 3 1 3 1 3 1 1 1 1 1 1 1 1 1 1 1 1 1 1 1 1 1 1 1 1 1 1 1 1 1 1 1 1 1 3 1 1 1 1 1 1 1 1 1 1 1 1 1 1 3 3 3 2 1 1 1 1 1 </vcount>
          <v>0 0 1 1 0 2 1 3 0 4 1 5 0 6 1 7 0 8 1 9 0 10 1 11 0 12 1 13 0 14 1 15 0 16 1 17 0 18 1 19 0 20 1 21 0 22 1 23 0 24 1 25 0 26 0 27 0 28 0 29 0 30 0 31 0 32 0 33 0 34 0 35 1 36 0 37 1 38 0 39 1 40 0 41 1 42 0 43 1 44 0 45 1 46 0 47 1 48 0 49 1 50 0 51 1 52 0 53 1 54 0 55 1 56 0 57 1 58 0 59 1 60 0 61 1 62 0 63 1 64 0 65 1 66 0 67 1 68 0 69 1 70 0 71 1 72 0 73 1 74 0 75 1 76 0 77 1 78 0 79 1 80 0 81 1 82 0 83 1 84 0 85 1 86 0 87 1 88 0 89 1 90 0 91 1 92 1 93 1 94 1 95 1 96 0 97 1 98 0 99 1 100 0 101 1 102 0 103 1 104 0 105 1 106 0 107 1 108 0 109 1 110 0 111 1 112 0 113 1 114 0 115 1 116 0 117 1 118 0 119 1 120 0 121 1 122 0 123 1 124 0 125 1 126 0 127 1 128 0 129 1 130 0 131 1 132 0 133 1 134 0 135 1 136 0 137 1 138 0 139 1 140 0 141 1 142 0 143 1 144 0 145 1 146 0 147 1 148 0 149 1 150 0 151 1 152 0 153 1 154 0 155 1 156 0 157 1 158 0 159 1 160 0 161 1 162 0 163 1 164 0 165 1 166 0 167 1 168 0 169 1 170 0 171 1 172 0 173 1 174 0 175 1 176 0 177 1 178 0 179 1 180 0 181 1 182 0 183 1 184 0 185 1 186 0 187 1 188 0 189 1 190 0 191 1 192 0 193 1 194 0 195 1 196 0 197 1 198 0 199 1 200 0 201 1 202 0 203 1 204 0 205 1 206 0 207 1 208 0 209 1 210 0 211 1 212 0 213 1 214 0 215 1 216 0 217 1 218 0 219 1 220 0 221 1 222 0 223 1 224 0 225 1 226 0 227 1 228 0 229 1 230 0 231 1 232 0 233 1 234 0 235 1 236 0 237 1 238 0 239 1 240 0 241 1 242 0 243 1 244 0 245 1 246 0 247 1 248 0 249 1 250 0 251 1 252 0 253 1 254 0 255 1 256 0 257 1 258 0 259 1 260 0 261 1 262 0 263 1 264 0 265 1 266 0 267 1 268 0 269 1 270 0 271 1 272 0 273 1 274 0 275 1 276 0 277 1 278 0 279 1 280 0 281 1 282 0 283 1 284 0 285 1 286 0 287 0 288 0 289 0 290 0 291 0 292 0 293 0 294 0 295 0 296 1 297 0 298 1 299 0 300 1 301 0 302 1 303 0 304 1 305 0 306 1 307 0 308 1 309 0 310 1 311 0 312 1 313 0 314 1 315 0 316 1 317 0 318 1 319 0 320 1 321 0 322 1 323 0 324 1 325 0 326 1 327 0 328 1 329 0 330 1 331 0 332 1 333 0 334 1 335 0 336 1 337 0 338 1 339 0 340 1 341 0 342 1 343 0 344 1 345 0 346 1 347 0 348 1 349 0 350 1 351 0 352 1 353 1 354 1 355 1 356 1 357 0 358 1 359 0 360 1 361 0 362 1 363 0 364 1 365 0 366 1 367 0 368 1 369 0 370 1 371 0 372 1 373 0 374 1 375 0 376 1 377 0 378 1 379 0 380 1 381 0 382 1 383 0 384 1 385 0 386 1 387 0 388 1 389 0 390 1 391 0 392 1 393 0 394 1 395 0 396 1 397 0 398 1 399 0 400 1 401 0 402 1 403 0 404 1 405 0 406 1 407 0 408 1 409 0 410 1 411 0 412 1 413 0 414 1 415 0 416 1 417 0 418 1 419 0 420 1 421 0 422 1 423 0 424 1 425 0 426 1 427 0 428 1 429 0 430 1 431 0 432 1 433 0 434 1 435 0 436 1 437 0 438 1 439 0 440 1 441 0 442 1 443 0 444 1 445 0 446 1 447 0 448 1 449 0 450 1 451 0 452 1 453 0 454 1 455 0 456 1 457 0 458 1 459 0 460 1 461 0 462 1 463 0 464 1 465 0 466 1 467 0 468 1 469 0 470 1 471 0 472 1 473 0 474 1 475 0 476 1 477 0 478 1 479 0 480 1 481 0 482 1 483 0 484 1 485 0 486 1 487 0 488 1 489 0 490 1 491 0 492 1 493 0 494 1 495 0 496 1 497 0 498 1 499 0 500 1 501 0 502 1 503 0 504 1 505 0 506 1 507 0 508 1 509 0 510 1 511 0 512 1 513 0 514 1 515 0 516 1 517 0 518 1 519 0 520 1 521 4 522 4 523 4 524 4 525 4 526 4 527 4 528 4 529 4 530 4 531 4 532 4 533 4 534 4 535 4 536 4 537 4 538 4 539 3 540 4 541 5 542 3 543 4 544 5 545 3 546 4 547 5 548 3 549 4 550 5 551 4 552 4 553 4 554 3 555 4 556 5 557 4 558 4 559 4 560 4 561 4 562 4 563 4 564 4 565 4 566 4 567 4 568 4 569 4 570 4 571 4 572 4 573 4 574 4 575 4 576 4 577 4 578 4 579 4 580 3 581 4 582 5 583 4 584 3 585 4 586 5 587 4 588 4 589 4 590 3 591 4 592 5 593 3 594 4 595 5 596 4 597 4 598 4 599 4 600 4 601 4 602 5 603 3 604 4 605 5 606 4 607 4 608 4 609 4 610 4 611 4 612 4 613 5 614 3 615 4 616 5 617 4 618 4 619 3 620 4 621 5 622 3 623 4 624 5 625 3 626 4 627 5 628 3 629 4 630 5 631 3 632 4 633 5 634 3 635 5 636 6 637 3 638 5 639 2 640 3 641 5 642 5 643 5 644 6 645 2 646 3 647 5 648 6 649 2 650 5 651 6 652 2 653 5 654 6 655 3 656 4 657 5 658 3 659 4 660 5 661 3 662 4 663 5 664 4 665 5 666 3 667 5 668 6 669 3 670 4 671 5 672 3 673 4 674 5 675 3 676 5 677 6 678 3 679 5 680 6 681 5 682 6 683 7 684 5 685 6 686 5 687 6 688 2 689 5 690 6 691 2 692 5 693 6 694 2 695 5 696 6 697 5 698 6 699 7 700 5 701 6 702 7 703 3 704 4 705 5 706 3 707 4 708 5 709 3 710 5 711 6 712 3 713 5 714 3 715 4 716 5 717 3 718 5 719 6 720 3 721 4 722 5 723 3 724 5 725 3 726 4 727 5 728 3 729 4 730 5 731 3 732 5 733 6 734 3 735 5 736 6 737 3 738 5 739 6 740 3 741 5 742 6 743 3 744 4 745 5 746 3 747 4 748 5 749 3 750 4 751 5 752 3 753 5 754 6 755 3 756 5 757 6 758 2 759 5 760 6 761 2 762 5 763 6 764 5 765 6 766 2 767 5 768 6 769 2 770 5 771 6 772 2 773 5 774 6 775 2 776 5 777 6 778 2 779 5 780 6 781 5 782 6 783 2 784 5 785 6 786 2 787 3 788 5 789 6 790 2 791 5 792 6 793 2 794 5 795 6 796 2 797 5 798 6 799 5 800 6 801 7 802 5 803 6 804 7 805 5 806 6 807 7 808 5 809 6 810 7 811 3 812 5 813 6 814 3 815 5 816 6 817 5 818 6 819 7 820 5 821 6 822 7 823 3 824 5 825 6 826 5 827 6 828 5 829 6 830 2 831 5 832 6 833 2 834 5 835 6 836 2 837 5 838 6 839 2 840 5 841 6 842 2 843 5 844 6 845 2 846 5 847 6 848 3 849 5 850 6 851 2 852 5 853 6 854 2 855 5 856 6 857 2 858 3 859 5 860 6 861 2 862 5 863 6 864 2 865 5 866 6 867 2 868 5 869 6 870 3 871 5 872 6 873 3 874 5 875 6 876 3 877 5 878 6 879 3 880 5 881 6 882 3 883 5 884 6 885 3 886 4 887 5 888 3 889 4 890 5 891 3 892 4 893 5 894 3 895 5 896 3 897 4 898 5 899 3 900 4 901 5 902 3 903 5 904 6 905 3 906 4 907 5 908 3 909 4 910 5 911 3 912 4 913 5 914 3 915 4 916 5 917 3 918 4 919 5 920 3 921 4 922 5 923 3 924 4 925 5 926 3 927 4 928 5 929 3 930 4 931 5 932 3 933 4 934 5 935 3 936 4 937 5 938 3 939 4 940 5 941 3 942 4 943 5 944 3 945 4 946 5 947 3 948 4 949 5 950 3 951 4 952 5 953 3 954 4 955 5 956 3 957 4 958 5 959 3 960 4 961 5 962 3 963 4 964 5 965 3 966 4 967 5 968 4 969 5 970 4 971 3 972 4 973 5 974 3 975 4 976 5 977 4 978 5 979 4 980 5 981 6 982 7 983 5 984 6 985 5 986 6 987 2 988 5 989 6 990 2 991 5 992 6 993 2 994 5 995 6 996 5 997 6 998 7 999 5 1000 6 1001 7 1002 3 1003 4 1004 5 1005 3 1006 4 1007 5 1008 3 1009 5 1010 6 1011 3 1012 5 1013 3 1014 4 1015 5 1016 3 1017 4 1018 5 1019 3 1020 5 1021 5 1022 5 1023 6 1024 2 1025 3 1026 5 1027 6 1028 2 1029 5 1030 6 1031 2 1032 5 1033 6 1034 3 1035 4 1036 5 1037 3 1038 4 1039 5 1040 3 1041 4 1042 5 1043 4 1044 4 1045 4 1046 3 1047 4 1048 5 1049 4 1050 4 1051 3 1052 5 1053 6 1054 3 1055 5 1056 6 1057 3 1058 5 1059 6 1060 3 1061 4 1062 5 1063 3 1064 4 1065 5 1066 4 1067 4 1068 4 1069 4 1070 4 1071 4 1072 4 1073 4 1074 4 1075 4 1076 4 1077 4 1078 4 1079 4 1080 4 1081 4 1082 4 1083 4 1084 4 1085 4 1086 3 1087 4 1088 5 1089 4 1090 5 1091 4 1092 4 1093 4 1094 4 1095 4 1096 4 1097 4 1098 4 1099 4 1100 3 1101 4 1102 5 1103 4 1104 4 1105 4 1106 4 1107 4 1108 4 1109 4 1110 4 1111 4 1112 4 1113 4 1114 4 1115 4 1116 4 1117 4 1118 4 1119 4 1120 4 1121 4 1122 4 1123 4 1124 3 1125 4 1126 5 1127 3 1128 4 1129 5 1130 4 1131 4 1132 4 1133 4 1134 4 1135 4 1136 4 1137 4 1138 4 1139 4 1140 4 1141 4 1142 4 1143 4 1144 3 1145 4 1146 5 1147 3 1148 4 1149 5 1150 3 1151 4 1152 5 1153 4 1154 3 1155 4 1156 5 1157 4 1158 4 1159 4 1160 4 1161 4 1162 4 1163 4 1164 4 1165 4 1166 4 1167 4 1168 4 1169 4 1170 4 1171 4 1172 4 1173 4 1174 3 1175 4 1176 5 1177 3 1178 4 1179 5 1180 4 1181 3 1182 4 1183 5 1184 4 1185 4 1186 4 1187 4 1188 4 1189 4 1190 4 1191 4 1192 4 1193 4 1194 4 1195 4 1196 4 1197 4 1198 3 1199 4 1200 5 1201 3 1202 4 1203 5 1204 3 1205 4 1206 5 1207 4 1208 3 1209 4 1210 5 1211 4 1212 3 1213 4 1214 5 1215 4 1216 4 1217 4 1218 4 1219 4 1220 4 1221 4 1222 4 1223 4 1224 4 1225 4 1226 4 1227 4 1228 4 1229 4 1230 4 1231 4 1232 4 1233 4 1234 4 1235 4 1236 4 1237 4 1238 4 1239 4 1240 4 1241 4 1242 4 1243 4 1244 3 1245 4 1246 5 1247 4 1248 4 1249 4 1250 4 1251 4 1252 4 1253 4 1254 4 1255 4 1256 4 1257 4 1258 4 1259 4 1260 4 1261 3 1262 4 1263 5 1264 3 1265 4 1266 5 1267 3 1268 4 1269 5 1270 4 1271 5 1272 4 1273 4 1274 4 1275 4 1276 4 1277</v>
        </vertex_weights>
      </skin>
    </controller>
    <controller id="Armature_pm0058_00_41_EarSkin-skin" name="Armature">
      <skin source="#pm0058_00_41_EarSkin-mesh">
        <bind_shape_matrix>1 -7.45058e-9 1.67638e-8 0 7.45058e-9 1 0 2.6077e-8 -1.30385e-8 -2.23517e-8 1 7.45058e-9 0 0 0 1</bind_shape_matrix>
        <source id="Armature_pm0058_00_41_EarSkin-skin-joints">
          <Name_array id="Armature_pm0058_00_41_EarSkin-skin-joints-array" count="3">head left_ear right_ear</Name_array>
          <technique_common>
            <accessor source="#Armature_pm0058_00_41_EarSkin-skin-joints-array" count="3" stride="1">
              <param name="JOINT" type="name"/>
            </accessor>
          </technique_common>
        </source>
        <source id="Armature_pm0058_00_41_EarSkin-skin-bind_poses">
          <float_array id="Armature_pm0058_00_41_EarSkin-skin-bind_poses-array" count="48">0 0.02445286 1.99985 -0.4537157 -2 0 0 0 0 -1.99985 0.02445286 -0.03681445 0 0 0 1 1.493978 1.267051 0.4032484 -0.1559449 -0.1868143 -0.4005079 1.950562 -0.5530597 1.316483 -1.494715 -0.1808234 -0.06917071 0 0 0 1 -1.49398 1.267049 0.4032483 -0.1559448 -0.1868145 0.4005082 -1.950562 0.5530602 -1.316481 -1.494717 -0.1808241 -0.06917011 0 0 0 1</float_array>
          <technique_common>
            <accessor source="#Armature_pm0058_00_41_EarSkin-skin-bind_poses-array" count="3" stride="16">
              <param name="TRANSFORM" type="float4x4"/>
            </accessor>
          </technique_common>
        </source>
        <source id="Armature_pm0058_00_41_EarSkin-skin-weights">
          <float_array id="Armature_pm0058_00_41_EarSkin-skin-weights-array" count="133">1 1 1 1 1 1 1 1 1 1 1 1 1 1 1 1 1 1 1 1 1 1 1 1 1 1 1 1 1 1 1 1 1 1 1 1 0.98 0.01999998 1 0.99 0.00999999 0.99 0.00999999 1 0.96 0.03999996 1 1 1 1 1 1 1 1 1 1 1 1 1 1 1 1 1 1 1 1 1 1 1 1 1 1 1 1 1 1 1 1 1 1 1 1 1 1 1 1 1 1 1 1 1 1 1 1 1 1 1 1 1 1 1 1 0.98 0.01999998 0.00999999 0.99 0.99 0.00999999 0.99 0.00999999 1 0.96 0.03999996 1 1 1 1 1 1 1 1 1 1 1 1 1 1 1 1 1 1 1 1</float_array>
          <technique_common>
            <accessor source="#Armature_pm0058_00_41_EarSkin-skin-weights-array" count="133" stride="1">
              <param name="WEIGHT" type="float"/>
            </accessor>
          </technique_common>
        </source>
        <joints>
          <input semantic="JOINT" source="#Armature_pm0058_00_41_EarSkin-skin-joints"/>
          <input semantic="INV_BIND_MATRIX" source="#Armature_pm0058_00_41_EarSkin-skin-bind_poses"/>
        </joints>
        <vertex_weights count="124">
          <input semantic="JOINT" source="#Armature_pm0058_00_41_EarSkin-skin-joints" offset="0"/>
          <input semantic="WEIGHT" source="#Armature_pm0058_00_41_EarSkin-skin-weights" offset="1"/>
          <vcount>1 1 1 1 1 1 1 1 1 1 1 1 1 1 1 1 1 1 1 1 1 1 1 1 1 1 1 1 1 1 1 1 1 1 1 1 2 1 2 2 1 2 1 1 1 1 1 1 1 1 1 1 1 1 1 1 1 1 1 1 1 1 1 1 1 1 1 1 1 1 1 1 1 1 1 1 1 1 1 1 1 1 1 1 1 1 1 1 1 1 1 1 1 1 1 1 1 1 2 2 2 2 1 2 1 1 1 1 1 1 1 1 1 1 1 1 1 1 1 1 1 1 1 1 </vcount>
          <v>0 0 0 1 1 2 1 3 1 4 1 5 0 6 1 7 0 8 1 9 0 10 1 11 1 12 1 13 1 14 1 15 1 16 1 17 1 18 1 19 1 20 0 21 1 22 1 23 1 24 1 25 1 26 1 27 1 28 1 29 0 30 1 31 0 32 1 33 0 34 1 35 0 36 1 37 1 38 0 39 1 40 0 41 1 42 1 43 0 44 1 45 1 46 0 47 1 48 1 49 1 50 1 51 1 52 1 53 1 54 1 55 1 56 1 57 1 58 1 59 1 60 1 61 1 62 1 63 1 64 1 65 0 66 2 67 0 68 2 69 2 70 2 71 0 72 2 73 0 74 2 75 2 76 0 77 2 78 2 79 2 80 2 81 2 82 2 83 2 84 2 85 2 86 0 87 2 88 2 89 2 90 2 91 2 92 2 93 2 94 2 95 0 96 2 97 2 98 0 99 0 100 2 101 0 102 2 103 0 104 2 105 0 106 2 107 0 108 2 109 2 110 0 111 2 112 2 113 0 114 2 115 2 116 2 117 2 118 2 119 2 120 2 121 2 122 2 123 2 124 2 125 2 126 2 127 2 128 2 129 2 130 2 131 2 132</v>
        </vertex_weights>
      </skin>
    </controller>
    <controller id="Armature_pm0058_00_41_TongueSkin-skin" name="Armature">
      <skin source="#pm0058_00_41_TongueSkin-mesh">
        <bind_shape_matrix>1 0 0 0 0 1 0 9.31323e-9 0 0 1 -1.39698e-9 0 0 0 1</bind_shape_matrix>
        <source id="Armature_pm0058_00_41_TongueSkin-skin-joints">
          <Name_array id="Armature_pm0058_00_41_TongueSkin-skin-joints-array" count="2">tongue_01 tongue_02</Name_array>
          <technique_common>
            <accessor source="#Armature_pm0058_00_41_TongueSkin-skin-joints-array" count="2" stride="1">
              <param name="JOINT" type="name"/>
            </accessor>
          </technique_common>
        </source>
        <source id="Armature_pm0058_00_41_TongueSkin-skin-bind_poses">
          <float_array id="Armature_pm0058_00_41_TongueSkin-skin-bind_poses-array" count="32">0 -1.999927 -0.01709842 -0.1028034 -2 0 0 0 0 0.01709842 -1.999927 0.4598839 0 0 0 1 0 -1.999927 -0.01709836 -0.1604566 -2 0 0 0 0 0.01709836 -1.999927 0.4598839 0 0 0 1</float_array>
          <technique_common>
            <accessor source="#Armature_pm0058_00_41_TongueSkin-skin-bind_poses-array" count="2" stride="16">
              <param name="TRANSFORM" type="float4x4"/>
            </accessor>
          </technique_common>
        </source>
        <source id="Armature_pm0058_00_41_TongueSkin-skin-weights">
          <float_array id="Armature_pm0058_00_41_TongueSkin-skin-weights-array" count="90">1 1 1 1 0.4 0.6 0.4 0.6 0.4 0.6 1 1 1 1 1 1 1 1 1 1 1 0.4 0.6 0.4 0.6 0.4 0.6 1 1 1 1 1 1 1 1 1 1 1 1 0.4 0.6 0.4 0.6 0.2 0.8 1 1 1 1 0.4 0.6 0.4 0.6 1 1 1 1 1 1 1 0.2 0.8 1 1 1 1 1 0.4 0.6 1 1 1 1 1 1 0.4 0.6 0.4 0.6 1 0.2 0.8 1 1 1 0.4 0.6 1 0.2 0.8</float_array>
          <technique_common>
            <accessor source="#Armature_pm0058_00_41_TongueSkin-skin-weights-array" count="90" stride="1">
              <param name="WEIGHT" type="float"/>
            </accessor>
          </technique_common>
        </source>
        <joints>
          <input semantic="JOINT" source="#Armature_pm0058_00_41_TongueSkin-skin-joints"/>
          <input semantic="INV_BIND_MATRIX" source="#Armature_pm0058_00_41_TongueSkin-skin-bind_poses"/>
        </joints>
        <vertex_weights count="72">
          <input semantic="JOINT" source="#Armature_pm0058_00_41_TongueSkin-skin-joints" offset="0"/>
          <input semantic="WEIGHT" source="#Armature_pm0058_00_41_TongueSkin-skin-weights" offset="1"/>
          <vcount>1 1 1 1 2 2 2 1 1 1 1 1 1 1 1 1 1 1 2 2 2 1 1 1 1 1 1 1 1 1 1 1 1 2 2 2 1 1 1 1 2 2 1 1 1 1 1 1 1 2 1 1 1 1 1 2 1 1 1 1 1 1 2 2 1 2 1 1 1 2 1 2 </vcount>
          <v>1 0 1 1 1 2 1 3 0 4 1 5 0 6 1 7 0 8 1 9 0 10 0 11 0 12 0 13 0 14 0 15 0 16 1 17 1 18 1 19 1 20 0 21 1 22 0 23 1 24 0 25 1 26 0 27 0 28 0 29 0 30 0 31 0 32 0 33 0 34 0 35 0 36 0 37 0 38 0 39 1 40 0 41 1 42 0 43 1 44 1 45 1 46 1 47 1 48 0 49 1 50 0 51 1 52 0 53 0 54 0 55 0 56 0 57 0 58 0 59 0 60 1 61 0 62 0 63 0 64 0 65 0 66 0 67 1 68 0 69 0 70 0 71 0 72 0 73 0 74 0 75 1 76 0 77 1 78 1 79 0 80 1 81 1 82 1 83 1 84 0 85 1 86 0 87 0 88 1 89</v>
        </vertex_weights>
      </skin>
    </controller>
    <controller id="Armature_pm0058_00_41_MouthSkin-skin" name="Armature">
      <skin source="#pm0058_00_41_MouthSkin-mesh">
        <bind_shape_matrix>1 0 0 0 0 1 2.98023e-8 2.98023e-8 0 0 1 1.49012e-8 0 0 0 1</bind_shape_matrix>
        <source id="Armature_pm0058_00_41_MouthSkin-skin-joints">
          <Name_array id="Armature_pm0058_00_41_MouthSkin-skin-joints-array" count="2">head jaw</Name_array>
          <technique_common>
            <accessor source="#Armature_pm0058_00_41_MouthSkin-skin-joints-array" count="2" stride="1">
              <param name="JOINT" type="name"/>
            </accessor>
          </technique_common>
        </source>
        <source id="Armature_pm0058_00_41_MouthSkin-skin-bind_poses">
          <float_array id="Armature_pm0058_00_41_MouthSkin-skin-bind_poses-array" count="32">0 0.02445286 1.99985 -0.4537157 -2 0 0 0 0 -1.99985 0.02445286 -0.03681445 0 0 0 1 0 -1.689658 -1.070073 0.1802538 -2 0 0 0 0 1.070073 -1.689658 0.488743 0 0 0 1</float_array>
          <technique_common>
            <accessor source="#Armature_pm0058_00_41_MouthSkin-skin-bind_poses-array" count="2" stride="16">
              <param name="TRANSFORM" type="float4x4"/>
            </accessor>
          </technique_common>
        </source>
        <source id="Armature_pm0058_00_41_MouthSkin-skin-weights">
          <float_array id="Armature_pm0058_00_41_MouthSkin-skin-weights-array" count="542">1 1 1 1 1 1 1 1 1 1 1 1 1 1 1 1 1 1 1 1 1 1 1 1 1 1 1 1 1 1 1 1 1 1 1 1 1 1 1 1 0.9 0.1 1 1 1 0.91 0.08999997 1 0.89 0.11 1 0.89 0.11 1 1 1 1 1 0.89 0.11 0.89 0.11 0.5 0.5 0.45 0.55 0.55 0.45 0.91 0.08999997 0.28 0.72 0.28 0.72 0.33 0.67 0.7 0.3 0.9 0.1 0.88 0.12 0.77 0.23 0.43 0.57 1 0.98 0.01999998 1 0.41 0.59 0.1899999 0.81 0.06999999 0.93 0.07999998 0.92 0.96 0.03999996 0.76 0.24 0.97 0.02999997 0.73 0.27 0.97 0.02999997 1 1 0.82 0.18 1 1 1 1 1 1 1 1 1 1 1 1 1 1 1 1 1 1 1 1 1 1 1 1 1 1 1 1 1 1 1 1 1 1 1 1 1 1 1 1 1 1 1 1 1 1 1 1 1 1 1 1 1 1 1 1 1 1 0.00999999 0.99 1 0.00999999 0.99 0.11 0.89 0.1299999 0.87 0.37 0.63 0.37 0.63 0.69 0.31 1 1 1 1 1 1 1 1 1 1 1 1 1 1 1 1 1 1 1 1 1 1 1 1 1 1 1 1 1 1 1 1 1 1 0.95 0.04999995 0.96 0.03999996 1 1 0.82 0.18 1 0.00999999 0.99 0.12 0.88 0.00999999 0.99 0.08999997 0.91 0.1299999 0.87 0.1299999 0.87 0.37 0.63 0.38 0.62 0.69 0.31 0.71 0.29 0.67 0.33 0.76 0.24 0.76 0.24 0.95 0.04999995 0.96 0.03999996 1 0.75 0.25 1 0.83 0.17 0.45 0.55 0.44 0.56 1 0.82 0.18 1 1 1 1 1 1 1 1 1 1 1 1 1 1 1 1 1 1 1 1 1 1 1 1 1 1 1 1 1 1 1 1 1 1 1 1 1 1 1 0.9 0.1 1 1 1 1 0.91 0.08999997 1 0.89 0.11 1 0.89 0.11 1 1 1 1 1 0.45 0.55 0.89 0.11 0.5 0.5 0.89 0.11 0.55 0.45 0.91 0.08999997 0.28 0.72 0.28 0.72 0.33 0.67 0.7 0.3 0.9 0.1 0.88 0.12 0.77 0.23 0.43 0.57 1 0.98 0.01999998 1 0.41 0.59 0.1899999 0.81 0.06999999 0.93 0.07999998 0.92 0.96 0.03999996 0.76 0.24 0.97 0.02999997 0.73 0.27 0.97 0.02999997 1 1 0.82 0.18 1 1 1 1 1 1 1 1 1 1 1 1 1 1 1 1 1 1 1 1 1 1 1 1 1 1 1 1 1 1 1 1 1 1 1 1 1 1 1 1 1 1 1 1 1 1 1 1 1 1 1 1 1 1 1 1 1 1 1 0.00999999 0.99 0.00999999 0.99 0.11 0.89 0.1299999 0.87 0.37 0.63 0.37 0.63 0.69 0.31 1 1 1 1 1 1 1 1 1 1 1 1 1 1 1 1 1 1 1 1 1 1 1 1 1 1 1 1 1 1 1 1 1 1 0.95 0.04999995 0.96 0.03999996 1 1 0.82 0.18 1 0.00999999 0.99 0.00999999 0.99 0.12 0.88 0.08999997 0.91 0.1299999 0.87 0.1299999 0.87 0.37 0.63 0.38 0.62 0.69 0.31 0.71 0.29 0.67 0.33 0.76 0.24 0.76 0.24 0.95 0.04999995 0.96 0.03999996 1 0.75 0.25 1 0.83 0.17 0.45 0.55 0.44 0.56 1 0.82 0.18</float_array>
          <technique_common>
            <accessor source="#Armature_pm0058_00_41_MouthSkin-skin-weights-array" count="542" stride="1">
              <param name="WEIGHT" type="float"/>
            </accessor>
          </technique_common>
        </source>
        <joints>
          <input semantic="JOINT" source="#Armature_pm0058_00_41_MouthSkin-skin-joints"/>
          <input semantic="INV_BIND_MATRIX" source="#Armature_pm0058_00_41_MouthSkin-skin-bind_poses"/>
        </joints>
        <vertex_weights count="424">
          <input semantic="JOINT" source="#Armature_pm0058_00_41_MouthSkin-skin-joints" offset="0"/>
          <input semantic="WEIGHT" source="#Armature_pm0058_00_41_MouthSkin-skin-weights" offset="1"/>
          <vcount>1 1 1 1 1 1 1 1 1 1 1 1 1 1 1 1 1 1 1 1 1 1 1 1 1 1 1 1 1 1 1 1 1 1 1 1 1 1 1 1 2 1 1 1 2 1 2 1 2 1 1 1 1 1 2 2 2 2 2 2 2 2 2 2 2 2 2 2 1 2 1 2 2 2 2 2 2 2 2 2 1 1 2 1 1 1 1 1 1 1 1 1 1 1 1 1 1 1 1 1 1 1 1 1 1 1 1 1 1 1 1 1 1 1 1 1 1 1 1 1 1 1 1 1 1 1 1 1 1 1 1 1 1 1 1 1 1 1 1 1 1 2 1 2 2 2 2 2 2 1 1 1 1 1 1 1 1 1 1 1 1 1 1 1 1 1 1 1 1 1 1 1 1 1 1 1 1 1 1 1 1 1 1 2 2 1 1 2 1 2 2 2 2 2 2 2 2 2 2 2 2 2 2 2 1 2 1 2 2 2 1 2 1 1 1 1 1 1 1 1 1 1 1 1 1 1 1 1 1 1 1 1 1 1 1 1 1 1 1 1 1 1 1 1 1 1 1 1 1 1 1 2 1 1 1 1 2 1 2 1 2 1 1 1 1 1 2 2 2 2 2 2 2 2 2 2 2 2 2 2 1 2 1 2 2 2 2 2 2 2 2 2 1 1 2 1 1 1 1 1 1 1 1 1 1 1 1 1 1 1 1 1 1 1 1 1 1 1 1 1 1 1 1 1 1 1 1 1 1 1 1 1 1 1 1 1 1 1 1 1 1 1 1 1 1 1 1 1 1 1 1 1 1 1 2 2 2 2 2 2 2 1 1 1 1 1 1 1 1 1 1 1 1 1 1 1 1 1 1 1 1 1 1 1 1 1 1 1 1 1 1 1 1 1 1 2 2 1 1 2 1 2 2 2 2 2 2 2 2 2 2 2 2 2 2 2 1 2 1 2 2 2 1 2 </vcount>
          <v>0 0 0 1 0 2 0 3 0 4 0 5 0 6 0 7 0 8 0 9 0 10 0 11 0 12 0 13 0 14 0 15 0 16 0 17 0 18 0 19 0 20 0 21 0 22 0 23 0 24 0 25 0 26 0 27 0 28 0 29 0 30 0 31 0 32 0 33 0 34 0 35 0 36 0 37 0 38 0 39 0 40 1 41 0 42 0 43 0 44 0 45 1 46 0 47 0 48 1 49 0 50 0 51 1 52 0 53 0 54 0 55 0 56 0 57 0 58 1 59 0 60 1 61 0 62 1 63 0 64 1 65 0 66 1 67 0 68 1 69 0 70 1 71 0 72 1 73 0 74 1 75 0 76 1 77 0 78 1 79 0 80 1 81 0 82 1 83 0 84 1 85 0 86 0 87 1 88 0 89 0 90 1 91 0 92 1 93 0 94 1 95 0 96 1 97 0 98 1 99 0 100 1 101 0 102 1 103 0 104 1 105 0 106 1 107 0 108 0 109 0 110 1 111 0 112 0 113 0 114 0 115 0 116 0 117 0 118 0 119 0 120 0 121 0 122 0 123 0 124 0 125 0 126 0 127 0 128 0 129 0 130 0 131 0 132 0 133 0 134 0 135 0 136 0 137 0 138 0 139 0 140 0 141 0 142 0 143 0 144 0 145 0 146 0 147 0 148 0 149 0 150 0 151 0 152 0 153 0 154 0 155 0 156 0 157 0 158 0 159 0 160 0 161 0 162 0 163 0 164 0 165 0 166 0 167 0 168 1 169 0 170 1 171 1 172 0 173 1 174 0 175 1 176 0 177 1 178 0 179 1 180 0 181 1 182 0 183 1 184 0 185 0 186 0 187 0 188 0 189 0 190 0 191 0 192 0 193 0 194 0 195 0 196 0 197 0 198 0 199 0 200 0 201 0 202 0 203 0 204 0 205 0 206 0 207 0 208 0 209 0 210 0 211 0 212 0 213 0 214 0 215 0 216 0 217 0 218 0 219 1 220 0 221 1 222 0 223 0 224 0 225 1 226 0 227 0 228 1 229 0 230 1 231 0 232 1 233 0 234 1 235 0 236 1 237 0 238 1 239 0 240 1 241 0 242 1 243 0 244 1 245 0 246 1 247 0 248 1 249 0 250 1 251 0 252 1 253 0 254 1 255 0 256 1 257 0 258 0 259 1 260 0 261 0 262 1 263 0 264 1 265 0 266 1 267 0 268 0 269 1 270 0 271 0 272 0 273 0 274 0 275 0 276 0 277 0 278 0 279 0 280 0 281 0 282 0 283 0 284 0 285 0 286 0 287 0 288 0 289 0 290 0 291 0 292 0 293 0 294 0 295 0 296 0 297 0 298 0 299 0 300 0 301 0 302 0 303 0 304 0 305 0 306 0 307 0 308 0 309 0 310 1 311 0 312 0 313 0 314 0 315 0 316 1 317 0 318 0 319 1 320 0 321 0 322 1 323 0 324 0 325 0 326 0 327 0 328 0 329 1 330 0 331 1 332 0 333 1 334 0 335 1 336 0 337 1 338 0 339 1 340 0 341 1 342 0 343 1 344 0 345 1 346 0 347 1 348 0 349 1 350 0 351 1 352 0 353 1 354 0 355 1 356 0 357 0 358 1 359 0 360 0 361 1 362 0 363 1 364 0 365 1 366 0 367 1 368 0 369 1 370 0 371 1 372 0 373 1 374 0 375 1 376 0 377 1 378 0 379 0 380 0 381 1 382 0 383 0 384 0 385 0 386 0 387 0 388 0 389 0 390 0 391 0 392 0 393 0 394 0 395 0 396 0 397 0 398 0 399 0 400 0 401 0 402 0 403 0 404 0 405 0 406 0 407 0 408 0 409 0 410 0 411 0 412 0 413 0 414 0 415 0 416 0 417 0 418 0 419 0 420 0 421 0 422 0 423 0 424 0 425 0 426 0 427 0 428 0 429 0 430 0 431 0 432 0 433 0 434 0 435 0 436 0 437 0 438 0 439 1 440 1 441 0 442 1 443 0 444 1 445 0 446 1 447 0 448 1 449 0 450 1 451 0 452 1 453 0 454 1 455 0 456 0 457 0 458 0 459 0 460 0 461 0 462 0 463 0 464 0 465 0 466 0 467 0 468 0 469 0 470 0 471 0 472 0 473 0 474 0 475 0 476 0 477 0 478 0 479 0 480 0 481 0 482 0 483 0 484 0 485 0 486 0 487 0 488 0 489 0 490 1 491 0 492 1 493 0 494 0 495 0 496 1 497 0 498 0 499 1 500 0 501 1 502 0 503 1 504 0 505 1 506 0 507 1 508 0 509 1 510 0 511 1 512 0 513 1 514 0 515 1 516 0 517 1 518 0 519 1 520 0 521 1 522 0 523 1 524 0 525 1 526 0 527 1 528 0 529 0 530 1 531 0 532 0 533 1 534 0 535 1 536 0 537 1 538 0 539 0 540 1 541</v>
        </vertex_weights>
      </skin>
    </controller>
    <controller id="Armature_pm0058_00_41_HairASkin-skin" name="Armature">
      <skin source="#pm0058_00_41_HairASkin-mesh">
        <bind_shape_matrix>1 0 -2.54358e-9 -2.23517e-8 -2.98023e-8 1 3.16434e-8 0 5.70611e-8 3.16434e-8 1 -8.66677e-9 0 0 0 1</bind_shape_matrix>
        <source id="Armature_pm0058_00_41_HairASkin-skin-joints">
          <Name_array id="Armature_pm0058_00_41_HairASkin-skin-joints-array" count="6">head feeler_b left_ear left_feeler right_ear right_feeler</Name_array>
          <technique_common>
            <accessor source="#Armature_pm0058_00_41_HairASkin-skin-joints-array" count="6" stride="1">
              <param name="JOINT" type="name"/>
            </accessor>
          </technique_common>
        </source>
        <source id="Armature_pm0058_00_41_HairASkin-skin-bind_poses">
          <float_array id="Armature_pm0058_00_41_HairASkin-skin-bind_poses-array" count="96">0 0.02445286 1.99985 -0.4537157 -2 0 0 0 0 -1.99985 0.02445286 -0.03681445 0 0 0 1 0 0.6372767 1.895753 -0.652018 -2 0 0 0 0 -1.895753 0.6372767 -0.2496296 0 0 0 1 1.493978 1.267051 0.4032484 -0.1559449 -0.1868143 -0.4005079 1.950562 -0.5530597 1.316483 -1.494715 -0.1808234 -0.06917071 0 0 0 1 0.9962058 -1.055081 -1.376364 0.2297358 1.620148 -2.08616e-7 1.172655 -0.3873258 -0.6186232 -1.69906 0.8546934 -0.2368907 0 0 0 1 -1.49398 1.267049 0.4032483 -0.1559448 -0.1868145 0.4005082 -1.950562 0.5530602 -1.316481 -1.494717 -0.1808241 -0.06917011 0 0 0 1 -0.9962128 -1.05508 -1.376361 0.2297348 1.620142 0 -1.172663 0.387327 0.6186265 -1.699061 0.8546897 -0.2368898 0 0 0 1</float_array>
          <technique_common>
            <accessor source="#Armature_pm0058_00_41_HairASkin-skin-bind_poses-array" count="6" stride="16">
              <param name="TRANSFORM" type="float4x4"/>
            </accessor>
          </technique_common>
        </source>
        <source id="Armature_pm0058_00_41_HairASkin-skin-weights">
          <float_array id="Armature_pm0058_00_41_HairASkin-skin-weights-array" count="787">1 1 1 1 1 1 1 1 1 1 0.4 0.6 0.4 0.6 0.11 0.89 0.11 0.89 0.4 0.6 0.11 0.89 0.01999998 0.98 0.1 0.9 0.4 0.6 0.4 0.6 0.1 0.9 1 1 1 1 1 1 1 1 1 1 1 1 1 1 1 1 1 1 1 1 1 1 1 1 1 1 1 1 1 1 1 1 1 1 1 1 1 1 1 1 1 1 1 1 1 1 1 1 1 1 1 1 1 1 1 1 1 1 1 1 1 1 1 1 1 1 1 1 1 1 1 1 1 1 1 1 1 1 1 1 1 1 1 1 1 1 1 1 1 1 1 1 1 1 1 1 1 1 1 1 1 1 1 1 1 1 1 1 1 1 1 1 1 1 0.98 0.01999998 1 0.97 0.02999997 1 1 1 1 1 1 1 1 0.86 0.14 1 1 1 1 1 1 1 0.99 0.00999999 1 1 1 1 1 1 1 1 1 1 1 1 1 1 1 1 1 1 1 1 1 1 1 1 1 1 1 0.63 0.37 0.86 0.14 1 1 0.57 0.43 1 1 1 0.73 0.27 1 0.99 0.00999999 1 1 1 1 1 1 1 1 1 1 1 1 1 1 1 1 1 1 1 1 1 1 1 1 1 1 0.63 0.37 0.86 0.14 1 1 0.57 0.43 1 1 1 0.73 0.27 1 1 1 1 0.99 0.00999999 1 0.99 0.00999999 1 0.97 0.02999997 0.96 0.03999996 1 1 1 1 1 1 1 1 1 1 1 1 1 1 1 1 1 1 1 0.97 0.02999997 0.96 0.03999996 1 1 1 1 1 1 1 1 1 1 1 1 1 1 1 1 1 1 1 1 1 1 1 1 1 1 1 1 1 1 1 1 1 1 1 1 1 1 1 1 1 1 1 1 1 1 1 1 1 1 1 1 1 1 1 1 1 1 1 1 1 1 1 1 1 1 1 1 1 1 1 1 1 1 1 1 1 1 1 1 1 0.98 0.01999998 1 0.97 0.02999997 1 1 1 1 1 1 1 0.86 0.14 1 1 1 1 1 1 1 1 1 1 0.99 0.00999999 0.73 0.27 0.82 0.18 0.95 0.04999995 1 1 1 1 1 1 1 1 1 0.82 0.18 1 0.84 0.16 1 1 1 1 1 1 1 1 1 1 1 1 1 1 1 1 0.98 0.01999998 0.78 0.22 0.84 0.16 0.03999996 0.96 0.06999999 0.93 0.2 0.8 0.1899999 0.81 1 1 1 0.18 0.82 0.1899999 0.81 1 0.33 0.67 0.2 0.8 0.18 0.82 0.32 0.68 0.48 0.52 0.4 0.6 0.78 0.22 0.98 0.01999998 0.84 0.16 0.84 0.16 0.42 0.58 0.41 0.59 0.69 0.31 0.67 0.33 0.41 0.59 0.58 0.42 0.58 0.42 0.82 0.18 0.78 0.22 0.98 0.01999998 1 0.94 0.06 0.97 0.02999997 0.78 0.22 0.99 0.00999999 0.62 0.38 1 1 0.82 0.18 0.82 0.18 0.06999999 0.93 0.27 0.73 0.43 0.57 0.53 0.47 0.93 0.06999999 1 1 0.42 0.58 0.68 0.32 0.98 0.01999998 0.86 0.14 1 0.69 0.31 0.41 0.59 0.18 0.82 1 1 0.32 0.68 0.99 0.00999999 1 1 1 1 1 1 1 1 1 1 1 1 0.4 0.6 0.4 0.6 0.11 0.89 0.11 0.89 0.4 0.6 0.11 0.89 0.01999998 0.98 0.1 0.9 0.4 0.6 0.4 0.6 0.1 0.9 1 1 1 1 1 1 1 1 1 1 1 1 1 1 1 1 1 1 1 1 1 1 1 1 1 1 1 1 1 1 1 1 1 1 1 1 1 1 1 1 1 1 1 1 1 1 1 1 1 1 1 1 1 1 1 1 1 1 0.95 0.04999995 0.73 0.27 0.82 0.18 0.99 0.00999999 1 1 1 1 1 1 1 1 1 0.82 0.18 1 0.84 0.16 1 1 1 1 1 1 1 1 1 1 1 1 1 1 1 1 0.98 0.01999998 0.78 0.22 0.84 0.16 0.03999996 0.96 0.2 0.8 0.06999999 0.93 0.1899999 0.81 1 1 1 0.18 0.82 0.1899999 0.81 1 0.33 0.67 0.2 0.8 0.18 0.82 0.32 0.68 0.48 0.52 0.4 0.6 0.78 0.22 0.98 0.01999998 0.84 0.16 0.84 0.16 0.42 0.58 0.41 0.59 0.69 0.31 0.67 0.33 0.41 0.59 0.58 0.42 0.58 0.42 0.82 0.18 0.78 0.22 0.98 0.01999998 1 0.94 0.06 0.97 0.02999997 0.78 0.22 0.99 0.00999999 0.62 0.38 1 1 0.82 0.18 0.82 0.18 0.53 0.47 0.27 0.73 0.43 0.57 0.06999999 0.93 0.93 0.06999999 1 1 0.42 0.58 0.68 0.32 0.98 0.01999998 0.86 0.14 1 0.69 0.31 0.41 0.59 0.18 0.82 1 1 0.32 0.68 1 0.99 0.00999999</float_array>
          <technique_common>
            <accessor source="#Armature_pm0058_00_41_HairASkin-skin-weights-array" count="787" stride="1">
              <param name="WEIGHT" type="float"/>
            </accessor>
          </technique_common>
        </source>
        <joints>
          <input semantic="JOINT" source="#Armature_pm0058_00_41_HairASkin-skin-joints"/>
          <input semantic="INV_BIND_MATRIX" source="#Armature_pm0058_00_41_HairASkin-skin-bind_poses"/>
        </joints>
        <vertex_weights count="631">
          <input semantic="JOINT" source="#Armature_pm0058_00_41_HairASkin-skin-joints" offset="0"/>
          <input semantic="WEIGHT" source="#Armature_pm0058_00_41_HairASkin-skin-weights" offset="1"/>
          <vcount>1 1 1 1 1 1 1 1 1 1 2 2 2 2 2 2 2 2 2 2 2 1 1 1 1 1 1 1 1 1 1 1 1 1 1 1 1 1 1 1 1 1 1 1 1 1 1 1 1 1 1 1 1 1 1 1 1 1 1 1 1 1 1 1 1 1 1 1 1 1 1 1 1 1 1 1 1 1 1 1 1 1 1 1 1 1 1 1 1 1 1 1 1 1 1 1 1 1 1 1 1 1 1 1 1 1 1 1 1 1 1 1 1 1 1 1 1 1 1 1 1 1 1 1 1 1 1 1 1 1 1 1 1 1 1 2 1 2 1 1 1 1 1 1 1 1 2 1 1 1 1 1 1 1 2 1 1 1 1 1 1 1 1 1 1 1 1 1 1 1 1 1 1 1 1 1 1 1 1 1 1 1 2 2 1 1 2 1 1 1 2 1 2 1 1 1 1 1 1 1 1 1 1 1 1 1 1 1 1 1 1 1 1 1 1 1 1 1 1 2 2 1 1 2 1 1 1 2 1 1 1 1 2 1 2 1 2 2 1 1 1 1 1 1 1 1 1 1 1 1 1 1 1 1 1 1 1 2 2 1 1 1 1 1 1 1 1 1 1 1 1 1 1 1 1 1 1 1 1 1 1 1 1 1 1 1 1 1 1 1 1 1 1 1 1 1 1 1 1 1 1 1 1 1 1 1 1 1 1 1 1 1 1 1 1 1 1 1 1 1 1 1 1 1 1 1 1 1 1 1 1 1 1 1 1 1 1 1 1 1 2 1 2 1 1 1 1 1 1 1 2 1 1 1 1 1 1 1 1 1 1 2 2 2 2 1 1 1 1 1 1 1 1 1 2 1 2 1 1 1 1 1 1 1 1 1 1 1 1 1 1 1 1 2 2 2 2 2 2 2 1 1 1 2 2 1 2 2 2 2 2 2 2 2 2 2 2 2 2 2 2 2 2 2 2 2 1 2 2 2 2 2 1 1 2 2 2 2 2 2 2 1 1 2 2 2 2 1 2 2 2 1 1 2 2 1 1 1 1 1 1 1 1 1 1 1 1 2 2 2 2 2 2 2 2 2 2 2 1 1 1 1 1 1 1 1 1 1 1 1 1 1 1 1 1 1 1 1 1 1 1 1 1 1 1 1 1 1 1 1 1 1 1 1 1 1 1 1 1 1 1 1 1 1 1 1 1 1 1 1 1 1 1 1 1 1 2 2 2 2 1 1 1 1 1 1 1 1 1 2 1 2 1 1 1 1 1 1 1 1 1 1 1 1 1 1 1 1 2 2 2 2 2 2 2 1 1 1 2 2 1 2 2 2 2 2 2 2 2 2 2 2 2 2 2 2 2 2 2 2 2 1 2 2 2 2 2 1 1 2 2 2 2 2 2 2 1 1 2 2 2 2 1 2 2 2 1 1 2 1 2 </vcount>
          <v>0 0 0 1 0 2 0 3 0 4 0 5 0 6 0 7 0 8 0 9 0 10 1 11 0 12 1 13 0 14 1 15 0 16 1 17 0 18 1 19 0 20 1 21 0 22 1 23 0 24 1 25 0 26 1 27 0 28 1 29 0 30 1 31 0 32 0 33 0 34 0 35 0 36 0 37 0 38 0 39 0 40 0 41 0 42 0 43 0 44 0 45 0 46 0 47 0 48 0 49 0 50 0 51 0 52 0 53 0 54 0 55 0 56 0 57 0 58 0 59 0 60 0 61 0 62 0 63 0 64 0 65 0 66 0 67 0 68 0 69 0 70 0 71 0 72 0 73 0 74 0 75 0 76 0 77 0 78 0 79 0 80 0 81 0 82 0 83 0 84 0 85 0 86 0 87 0 88 0 89 0 90 0 91 0 92 0 93 0 94 0 95 0 96 0 97 0 98 0 99 0 100 0 101 0 102 0 103 0 104 0 105 0 106 0 107 0 108 0 109 0 110 0 111 0 112 0 113 0 114 0 115 0 116 0 117 0 118 0 119 0 120 0 121 0 122 0 123 0 124 0 125 0 126 0 127 0 128 0 129 0 130 0 131 0 132 0 133 0 134 0 135 0 136 0 137 0 138 0 139 0 140 0 141 0 142 0 143 0 144 0 145 0 146 5 147 0 148 0 149 5 150 0 151 0 152 0 153 0 154 0 155 0 156 0 157 0 158 0 159 5 160 0 161 0 162 0 163 0 164 0 165 0 166 0 167 0 168 5 169 0 170 0 171 0 172 0 173 0 174 0 175 0 176 0 177 0 178 0 179 0 180 0 181 0 182 0 183 0 184 0 185 0 186 0 187 0 188 0 189 0 190 0 191 0 192 0 193 0 194 0 195 0 196 0 197 2 198 0 199 2 200 0 201 0 202 0 203 2 204 0 205 0 206 0 207 0 208 2 209 0 210 0 211 3 212 0 213 0 214 0 215 0 216 0 217 0 218 0 219 0 220 0 221 0 222 0 223 0 224 0 225 0 226 0 227 0 228 0 229 0 230 0 231 0 232 0 233 0 234 0 235 0 236 0 237 0 238 0 239 4 240 0 241 4 242 0 243 0 244 0 245 4 246 0 247 0 248 0 249 0 250 4 251 0 252 0 253 0 254 0 255 0 256 5 257 0 258 0 259 5 260 0 261 0 262 4 263 0 264 4 265 0 266 0 267 0 268 0 269 0 270 0 271 0 272 0 273 0 274 0 275 0 276 0 277 0 278 0 279 0 280 0 281 0 282 0 283 0 284 0 285 2 286 0 287 2 288 0 289 0 290 0 291 0 292 0 293 0 294 0 295 0 296 0 297 0 298 0 299 0 300 0 301 0 302 0 303 0 304 0 305 0 306 0 307 0 308 0 309 0 310 0 311 0 312 0 313 0 314 0 315 0 316 0 317 0 318 0 319 0 320 0 321 0 322 0 323 0 324 0 325 0 326 0 327 0 328 0 329 0 330 0 331 0 332 0 333 0 334 0 335 0 336 0 337 0 338 0 339 0 340 0 341 0 342 0 343 0 344 0 345 0 346 0 347 0 348 0 349 0 350 0 351 0 352 0 353 0 354 0 355 0 356 0 357 0 358 0 359 0 360 0 361 0 362 0 363 0 364 0 365 0 366 0 367 0 368 0 369 0 370 3 371 0 372 0 373 3 374 0 375 0 376 0 377 0 378 0 379 0 380 0 381 0 382 3 383 0 384 0 385 0 386 0 387 0 388 0 389 0 390 0 391 0 392 0 393 0 394 3 395 0 396 2 397 0 398 3 399 0 400 2 401 0 402 0 403 0 404 0 405 0 406 0 407 0 408 0 409 0 410 0 411 3 412 0 413 0 414 3 415 0 416 0 417 0 418 0 419 0 420 0 421 0 422 0 423 0 424 0 425 0 426 0 427 0 428 0 429 0 430 0 431 0 432 3 433 0 434 3 435 0 436 3 437 0 438 3 439 0 440 3 441 0 442 3 443 0 444 3 445 3 446 3 447 3 448 0 449 3 450 0 451 3 452 3 453 0 454 3 455 0 456 3 457 0 458 3 459 0 460 3 461 0 462 3 463 0 464 3 465 0 466 3 467 0 468 3 469 0 470 3 471 0 472 3 473 0 474 3 475 0 476 3 477 0 478 3 479 0 480 3 481 0 482 3 483 0 484 3 485 0 486 3 487 0 488 3 489 0 490 3 491 0 492 3 493 0 494 0 495 3 496 0 497 3 498 0 499 3 500 0 501 3 502 0 503 3 504 0 505 0 506 0 507 3 508 0 509 3 510 0 511 3 512 0 513 3 514 0 515 3 516 0 517 3 518 0 519 3 520 0 521 0 522 0 523 3 524 0 525 3 526 0 527 3 528 0 529 3 530 0 531 0 532 3 533 0 534 3 535 0 536 3 537 3 538 3 539 0 540 3 541 0 542 3 543 0 544 0 545 0 546 0 547 0 548 0 549 0 550 0 551 0 552 0 553 0 554 0 555 0 556 1 557 0 558 1 559 0 560 1 561 0 562 1 563 0 564 1 565 0 566 1 567 0 568 1 569 0 570 1 571 0 572 1 573 0 574 1 575 0 576 1 577 0 578 0 579 0 580 0 581 0 582 0 583 0 584 0 585 0 586 0 587 0 588 0 589 0 590 0 591 0 592 0 593 0 594 0 595 0 596 0 597 0 598 0 599 0 600 0 601 0 602 0 603 0 604 0 605 0 606 0 607 0 608 0 609 0 610 0 611 0 612 0 613 0 614 0 615 0 616 0 617 0 618 0 619 0 620 0 621 0 622 0 623 0 624 0 625 0 626 0 627 0 628 0 629 0 630 0 631 0 632 0 633 0 634 0 635 0 636 4 637 0 638 4 639 0 640 5 641 0 642 5 643 0 644 0 645 0 646 0 647 0 648 0 649 0 650 0 651 0 652 0 653 5 654 0 655 0 656 5 657 0 658 0 659 0 660 0 661 0 662 0 663 0 664 0 665 0 666 0 667 0 668 0 669 0 670 0 671 0 672 0 673 0 674 5 675 0 676 5 677 0 678 5 679 0 680 5 681 0 682 5 683 0 684 5 685 0 686 5 687 5 688 5 689 5 690 0 691 5 692 0 693 5 694 5 695 0 696 5 697 0 698 5 699 0 700 5 701 0 702 5 703 0 704 5 705 0 706 5 707 0 708 5 709 0 710 5 711 0 712 5 713 0 714 5 715 0 716 5 717 0 718 5 719 0 720 5 721 0 722 5 723 0 724 5 725 0 726 5 727 0 728 5 729 0 730 5 731 0 732 5 733 0 734 5 735 0 736 0 737 5 738 0 739 5 740 0 741 5 742 0 743 5 744 0 745 5 746 0 747 0 748 0 749 5 750 0 751 5 752 0 753 5 754 0 755 5 756 0 757 5 758 0 759 5 760 0 761 5 762 0 763 0 764 0 765 5 766 0 767 5 768 0 769 5 770 0 771 5 772 0 773 0 774 5 775 0 776 5 777 0 778 5 779 5 780 5 781 0 782 5 783 0 784 0 785 3 786</v>
        </vertex_weights>
      </skin>
    </controller>
    <controller id="Armature_pm0058_00_41_NailSkin-skin" name="Armature">
      <skin source="#pm0058_00_41_NailSkin-mesh">
        <bind_shape_matrix>1 0 -2.98023e-8 3.72529e-9 0 1 0 -6.08021e-15 -2.98023e-8 0 1 3.72529e-9 0 0 0 1</bind_shape_matrix>
        <source id="Armature_pm0058_00_41_NailSkin-skin-joints">
          <Name_array id="Armature_pm0058_00_41_NailSkin-skin-joints-array" count="8">left_hand left_fingerbase left_index left_middle right_hand right_fingerbase right_index right_middle</Name_array>
          <technique_common>
            <accessor source="#Armature_pm0058_00_41_NailSkin-skin-joints-array" count="8" stride="1">
              <param name="JOINT" type="name"/>
            </accessor>
          </technique_common>
        </source>
        <source id="Armature_pm0058_00_41_NailSkin-skin-bind_poses">
          <float_array id="Armature_pm0058_00_41_NailSkin-skin-bind_poses-array" count="128">0 -2 0 -0.0124402 2 0 1.82076e-6 -0.1123127 -1.9774e-6 -3.25841e-7 2 -0.03328126 0 0 0 1 0 -2 -2.38419e-7 -0.05297428 2 0 2.12271e-6 -0.1123127 -2.27935e-6 -6.55651e-7 2 -0.01527911 0 0 0 1 -0.7718126 -1.845077 -4.29086e-7 -0.04308396 1.845076 -0.7718127 0 -0.112016 -2.33299e-7 -8.5028e-7 2 -0.009679198 0 0 0 1 0.7621409 -1.849092 -3.23969e-7 -0.1254248 1.849092 0.7621409 -1.60894e-7 -0.08708816 0 -6.55445e-7 2 -0.01027929 0 0 0 1 0 -2 -3.1094e-7 -0.0124402 2 0 -2.31143e-6 0.112313 2.58914e-6 -1.61929e-7 2 -0.0332812 0 0 0 1 0 -2 -2.38419e-7 -0.05297422 2 0 -3.11663e-6 0.112313 3.39434e-6 0 2 -0.01527905 0 0 0 1 0.7718123 -1.845076 -5.52537e-7 -0.04308378 1.845076 0.7718123 4.62753e-7 0.1120163 0 -5.39304e-7 2 -0.009679257 0 0 0 1 -0.762141 -1.849092 -4.98971e-7 -0.1254249 1.849092 -0.762141 0 0.08708846 0 -2.75157e-7 2 -0.01027929 0 0 0 1</float_array>
          <technique_common>
            <accessor source="#Armature_pm0058_00_41_NailSkin-skin-bind_poses-array" count="8" stride="16">
              <param name="TRANSFORM" type="float4x4"/>
            </accessor>
          </technique_common>
        </source>
        <source id="Armature_pm0058_00_41_NailSkin-skin-weights">
          <float_array id="Armature_pm0058_00_41_NailSkin-skin-weights-array" count="214">0.15 0.85 0.00999999 0.04999995 0.94 0.02999997 0.1899999 0.78 0.2 0.14 0.66 0.29 0.35 0.36 0.06999999 0.22 0.71 0.22 0.42 0.36 0.00999999 0.49 0.5 0.22 0.78 0.22 0.78 0.01999998 0.29 0.69 0.01999998 0.36 0.62 0.15 0.85 0.00999999 0.04999995 0.94 0.06 0.53 0.41 0.02999997 0.38 0.59 0.06999999 0.61 0.32 0.00999999 0.49 0.5 0.22 0.78 0.22 0.78 0.1899999 0.14 0.67 0.02999997 0.97 0.01999998 0.2 0.78 0.15 0.85 0.06 0.23 0.71 0.28 0.44 0.28 0.21 0.5 0.29 0.02999997 0.63 0.34 0.23 0.77 0.23 0.77 0.01999998 0.32 0.66 0.15 0.85 0.01999998 0.37 0.61 0.02999997 0.97 0.08999997 0.67 0.24 0.02999997 0.4 0.57 0.07999998 0.68 0.24 0.02999997 0.63 0.34 0.23 0.77 0.23 0.77 0.16 0.15 0.69 0.00999999 0.04999995 0.94 0.02999997 0.1899999 0.78 0.15 0.85 0.28 0.34 0.38 0.06999999 0.22 0.71 0.22 0.42 0.36 0.01999998 0.49 0.49 0.22 0.78 0.22 0.78 0.01999998 0.29 0.69 0.15 0.85 0.01999998 0.35 0.63 0.00999999 0.04999995 0.94 0.06 0.56 0.38 0.02999997 0.38 0.59 0.06999999 0.61 0.32 0.01999998 0.49 0.49 0.22 0.78 0.22 0.78 0.15 0.85 0.01999998 0.03999996 0.94 0.01999998 0.2 0.78 0.18 0.14 0.68 0.06 0.23 0.71 0.26 0.41 0.33 0.21 0.5 0.29 0.06 0.61 0.33 0.23 0.77 0.23 0.77 0.01999998 0.32 0.66 0.01999998 0.37 0.61 0.15 0.85 0.01999998 0.03999996 0.94 0.08999997 0.67 0.24 0.02999997 0.4 0.57 0.08999997 0.67 0.24 0.06 0.61 0.33 0.23 0.77 0.23 0.77</float_array>
          <technique_common>
            <accessor source="#Armature_pm0058_00_41_NailSkin-skin-weights-array" count="214" stride="1">
              <param name="WEIGHT" type="float"/>
            </accessor>
          </technique_common>
        </source>
        <joints>
          <input semantic="JOINT" source="#Armature_pm0058_00_41_NailSkin-skin-joints"/>
          <input semantic="INV_BIND_MATRIX" source="#Armature_pm0058_00_41_NailSkin-skin-bind_poses"/>
        </joints>
        <vertex_weights count="80">
          <input semantic="JOINT" source="#Armature_pm0058_00_41_NailSkin-skin-joints" offset="0"/>
          <input semantic="WEIGHT" source="#Armature_pm0058_00_41_NailSkin-skin-weights" offset="1"/>
          <vcount>2 3 3 3 3 3 3 3 2 2 3 3 2 3 3 3 3 3 2 2 3 2 3 2 3 3 3 3 2 2 3 2 3 2 3 3 3 3 2 2 3 3 3 2 3 3 3 3 2 2 3 2 3 3 3 3 3 3 2 2 2 3 3 3 3 3 3 3 2 2 3 3 2 3 3 3 3 3 2 2 </vcount>
          <v>1 0 3 1 0 2 1 3 3 4 0 5 1 6 3 7 0 8 1 9 3 10 0 11 1 12 3 13 0 14 1 15 3 16 0 17 1 18 3 19 0 20 1 21 3 22 1 23 3 24 1 25 3 26 0 27 1 28 3 29 0 30 1 31 3 32 1 33 3 34 0 35 1 36 3 37 0 38 1 39 3 40 0 41 1 42 3 43 0 44 1 45 3 46 0 47 1 48 3 49 1 50 3 51 1 52 3 53 0 54 1 55 2 56 1 57 2 58 0 59 1 60 2 61 1 62 2 63 0 64 1 65 2 66 0 67 1 68 2 69 0 70 1 71 2 72 0 73 1 74 2 75 1 76 2 77 1 78 2 79 0 80 1 81 2 82 1 83 2 84 0 85 1 86 2 87 1 88 2 89 0 90 1 91 2 92 0 93 1 94 2 95 0 96 1 97 2 98 0 99 1 100 2 101 1 102 2 103 1 104 2 105 4 106 5 107 7 108 4 109 5 110 7 111 4 112 5 113 7 114 5 115 7 116 4 117 5 118 7 119 4 120 5 121 7 122 4 123 5 124 7 125 4 126 5 127 7 128 5 129 7 130 5 131 7 132 4 133 5 134 7 135 5 136 7 137 4 138 5 139 7 140 4 141 5 142 7 143 4 144 5 145 7 146 4 147 5 148 7 149 4 150 5 151 7 152 4 153 5 154 7 155 5 156 7 157 5 158 7 159 5 160 6 161 4 162 5 163 6 164 4 165 5 166 6 167 4 168 5 169 6 170 4 171 5 172 6 173 4 174 5 175 6 176 4 177 5 178 6 179 4 180 5 181 6 182 5 183 6 184 5 185 6 186 4 187 5 188 6 189 4 190 5 191 6 192 5 193 6 194 4 195 5 196 6 197 4 198 5 199 6 200 4 201 5 202 6 203 4 204 5 205 6 206 4 207 5 208 6 209 5 210 6 211 5 212 6 213</v>
        </vertex_weights>
      </skin>
    </controller>
    <controller id="Armature_pm0058_00_41_BodySkin-skin" name="Armature">
      <skin source="#pm0058_00_41_BodySkin-mesh">
        <bind_shape_matrix>1 0 -2.98023e-8 3.72529e-9 0 1 0 -6.08021e-15 -2.98023e-8 0 1 3.72529e-9 0 0 0 1</bind_shape_matrix>
        <source id="Armature_pm0058_00_41_BodySkin-skin-joints">
          <Name_array id="Armature_pm0058_00_41_BodySkin-skin-joints-array" count="28">hips left_leg_01 left_leg_02 left_foot left_toe left_foot_index right_leg_01 right_leg_02 right_foot right_toe right_foot_index spine_01 spine_02 left_shoulder left_arm_01 left_arm_02 left_hand left_fingerbase left_index left_middle neck right_shoulder right_arm_01 right_arm_02 right_hand right_fingerbase right_index right_middle</Name_array>
          <technique_common>
            <accessor source="#Armature_pm0058_00_41_BodySkin-skin-joints-array" count="28" stride="1">
              <param name="JOINT" type="name"/>
            </accessor>
          </technique_common>
        </source>
        <source id="Armature_pm0058_00_41_BodySkin-skin-bind_poses">
          <float_array id="Armature_pm0058_00_41_BodySkin-skin-bind_poses-array" count="448">0 2 4.13386e-7 -0.1846258 2 0 0 0 0 4.13386e-7 -2 0.3706324 0 0 0 1 0 0.186459 -1.991289 0.2975283 2 0 0 -0.1138148 0 -1.991289 -0.186459 0.3147635 0 0 0 1 0 1.238935 -1.570045 -0.005777895 2 0 0 -0.1138148 0 -1.570045 -1.238935 0.3712642 0 0 0 1 0 -2 -3.85446e-7 0.3640235 2 0 0 -0.1138148 0 -3.85446e-7 2 -0.1380176 0 0 0 1 0 -2 -2.38419e-7 0.386288 2 0 0 -0.1138148 0 -2.38419e-7 2 -0.05951017 0 0 0 1 0 -2 -2.38419e-7 0.3124966 2 0 0 -0.1138148 0 -2.38419e-7 2 -0.02525651 0 0 0 1 0 0.186459 -1.991289 0.2975285 2 0 0 0.113815 0 -1.991289 -0.186459 0.3147633 0 0 0 1 0 1.238935 -1.570045 -0.005778193 2 0 0 0.113815 0 -1.570045 -1.238935 0.3712641 0 0 0 1 0 -2 -3.85446e-7 0.3640239 2 0 0 0.113815 0 -3.85446e-7 2 -0.1380178 0 0 0 1 0 -2 -2.38419e-7 0.386288 2 0 0 0.113815 0 -2.38419e-7 2 -0.05951011 0 0 0 1 0 -2 -2.38419e-7 0.312497 2 0 0 0.113815 0 -2.38419e-7 2 -0.02525651 0 0 0 1 0 -1.999976 -0.009797453 0.1862392 -2 0 0 0 0 0.009797453 -1.999976 0.3697262 0 0 0 1 0 -1.840412 0.7828694 -0.05316829 -2 0 0 0 0 -0.7828694 -1.840412 0.3797054 0 0 0 1 1.180935 -0.2196539 -1.599108 0.2636216 1.60884 -3.12925e-7 1.188122 -0.2757263 -0.130488 -1.987902 0.1766942 -0.04167836 0 0 0 1 7.76203e-7 0.3174245 -1.97465 0.3115228 2 -4.86551e-6 -1.56639e-7 -0.1123125 -4.82865e-6 -1.97465 -0.3174241 0.02823311 0 0 0 1 1.69507e-6 -0.2204359 -1.987815 0.1638819 2 -4.92832e-6 2.09813e-6 -0.1123127 -5.17178e-6 -1.987815 0.2204363 -0.01603233 0 0 0 1 0 -2 0 -0.0124402 2 0 1.82076e-6 -0.1123127 -1.9774e-6 -3.25841e-7 2 -0.03328126 0 0 0 1 0 -2 -2.38419e-7 -0.05297428 2 0 2.12271e-6 -0.1123127 -2.27935e-6 -6.55651e-7 2 -0.01527911 0 0 0 1 -0.7718126 -1.845077 -4.29086e-7 -0.04308396 1.845076 -0.7718127 0 -0.112016 -2.33299e-7 -8.5028e-7 2 -0.009679198 0 0 0 1 0.7621409 -1.849092 -3.23969e-7 -0.1254248 1.849092 0.7621409 -1.60894e-7 -0.08708816 0 -6.55445e-7 2 -0.01027929 0 0 0 1 0 -1.266747 1.547693 -0.3153212 -2 0 0 0 0 -1.547693 -1.266747 0.2634413 0 0 0 1 -1.180935 -0.219654 -1.599108 0.2636212 1.60884 0 -1.188122 0.2757259 0.1304879 -1.987901 0.1766937 -0.0416783 0 0 0 1 0 0.3174234 -1.97465 0.3115232 2 4.20944e-7 2.77716e-7 0.1123129 3.94175e-7 -1.97465 -0.3174235 0.02823281 0 0 0 1 0 -0.2204351 -1.987815 0.1638821 2 0 2.77716e-7 0.112313 0 -1.987815 0.2204349 -0.01603257 0 0 0 1 0 -2 -3.1094e-7 -0.0124402 2 0 -2.31143e-6 0.112313 2.58914e-6 -1.61929e-7 2 -0.0332812 0 0 0 1 0 -2 -2.38419e-7 -0.05297422 2 0 -3.11663e-6 0.112313 3.39434e-6 0 2 -0.01527905 0 0 0 1 0.7718123 -1.845076 -5.52537e-7 -0.04308378 1.845076 0.7718123 4.62753e-7 0.1120163 0 -5.39304e-7 2 -0.009679257 0 0 0 1 -0.762141 -1.849092 -4.98971e-7 -0.1254249 1.849092 -0.762141 0 0.08708846 0 -2.75157e-7 2 -0.01027929 0 0 0 1</float_array>
          <technique_common>
            <accessor source="#Armature_pm0058_00_41_BodySkin-skin-bind_poses-array" count="28" stride="16">
              <param name="TRANSFORM" type="float4x4"/>
            </accessor>
          </technique_common>
        </source>
        <source id="Armature_pm0058_00_41_BodySkin-skin-weights">
          <float_array id="Armature_pm0058_00_41_BodySkin-skin-weights-array" count="1832">0.63 0.37 0.23 0.77 0.1899999 0.81 0.1299999 0.87 0.1 0.9 1 0.22 0.78 0.52 0.48 0.00999999 0.00999999 0.02999997 0.95 0.25 0.08999997 0.66 0.34 0.1899999 0.2 0.27 0.34 0.1899999 0.1899999 0.28 0.17 0.46 0.21 0.16 0.47 0.32 0.11 0.1 0.65 0.2 0.15 0.65 0.35 0.64 0.36 0.03999996 0.46 0.22 0.28 0.17 0.46 0.21 0.16 1 0.37 0.46 0.17 1 1 0.02999997 0.97 0.03999996 0.96 0.41 0.59 0.03999996 0.96 0.43 0.57 0.42 0.58 0.03999996 0.96 1 1 1 1 0.04999995 0.95 0.72 0.28 0.87 0.1299999 0.72 0.28 0.87 0.1299999 0.85 0.15 0.48 0.31 0.11 0.1 0.9 0.1 0.11 0.89 0.9 0.1 0.18 0.82 0.9 0.1 0.12 0.88 0.64 0.36 0.65 0.2 0.15 0.72 0.28 0.65 0.35 0.9 0.1 0.72 0.28 0.9 0.1 0.11 0.89 0.1 0.9 0.87 0.1299999 0.9 0.1 0.85 0.15 0.9 0.1 0.9 0.1 0.87 0.1299999 0.9 0.1 0.72 0.28 0.86 0.14 0.85 0.15 0.03999996 0.06999999 0.66 0.23 0.07999998 0.9 0.01999998 0.41 0.59 0.88 0.12 0.88 0.12 0.1 0.89 0.00999999 0.48 0.52 0.9 0.1 0.22 0.16 0.15 0.47 0.01999998 0.00999999 0.87 0.1 0.4 0.1 0.5 0.17 0.11 0.3 0.42 0.56 0.44 0.12 0.88 0.02999997 0.00999999 0.87 0.08999997 0.01999998 0.00999999 0.87 0.1 0.44 0.11 0.45 0.4 0.1 0.5 0.1 0.1899999 0.7 0.00999999 0.26 0.32 0.42 0.08999997 0.1899999 0.71 0.00999999 0.28 0.38 0.34 0.07999998 0.18 0.74 0.28 0.48 0.24 0.1 0.21 0.69 0.3 0.5 0.2 0.02999997 0.29 0.49 0.1899999 0.11 0.21 0.68 0.08999997 0.9 0.00999999 0.21 0.48 0.31 0.26 0.32 0.42 0.8 0.17 0.02999997 0.28 0.38 0.34 0.67 0.31 0.01999998 0.28 0.48 0.24 0.58 0.41 0.00999999 0.3 0.5 0.2 0.02999997 0.57 0.4 0.73 0.03999996 0.23 0.00999999 0.62 0.14 0.23 0.61 0.39 0.01999998 0.5800001 0.05000001 0.35 0.04999995 0.61 0.14 0.2 0.06 0.61 0.04999995 0.28 0.5 0.5 0.02999997 0.48 0.49 0.1299999 0.79 0.07999998 0.14 0.8 0.06 0.1299999 0.79 0.07999998 0.43 0.36 0.15 0.06 0.34 0.31 0.35 0.02999997 0.29 0.49 0.1899999 0.47 0.06999999 0.36 0.1 0.21 0.48 0.31 0.5 0.06999999 0.31 0.12 0.17 0.11 0.3 0.42 0.22 0.16 0.15 0.47 0.7 0.1 0.2 0.01999998 0.78 0.2 0.4 0.1 0.5 0.71 0.29 0.03999996 0.95 0.00999999 0.77 0.23 0.77 0.23 0.49 0.47 0.03999996 0.49 0.47 0.03999996 0.77 0.23 0.48 0.00999999 0.47 0.03999996 0.89 0.00999999 0.1 0.9 0.1 0.88 0.01999998 0.1 0.77 0.23 0.46 0.02999997 0.47 0.03999996 0.38 0.1 0.48 0.03999996 0.77 0.23 0.26 0.23 0.47 0.03999996 0.77 0.23 0.85 0.15 0.85 0.04999995 0.1 0.26 0.25 0.45 0.03999996 0.77 0.23 0.77 0.23 0.38 0.2 0.37 0.04999995 0.42 0.07999998 0.45 0.04999995 0.77 0.23 0.4 0.6 0.4 0.6 0.82 0.08999997 0.08999997 0.74 0.26 0.5 0.5 0.74 0.26 0.86 0.06999999 0.06999999 0.73 0.27 0.32 0.68 0.22 0.78 0.77 0.23 1 0.99 0.00999999 0.22 0.73 0.04999995 0.83 0.17 0.82 0.18 0.96 0.03999996 0.41 0.54 0.04999995 0.2 0.59 0.2 0.00999999 0.6 0.39 0.00999999 1 1 1 1 1 1 0.93 0.06999999 1 1 0.69 0.31 1 0.74 0.26 1 0.74 0.26 0.86 0.06999999 0.06999999 0.74 0.26 0.79 0.2 0.00999999 0.76 0.23 0.00999999 0.59 0.4 0.00999999 0.41 0.54 0.04999995 0.2 0.58 0.22 0.45 0.42 0.1299999 0.74 0.26 0.74 0.26 0.45 0.42 0.1299999 0.74 0.26 0.69 0.31 0.93 0.06999999 1 1 1 1 0.89 0.00999999 0.1 0.88 0.01999998 0.1 0.49 0.47 0.03999996 0.77 0.23 0.77 0.23 0.48 0.00999999 0.47 0.03999996 0.77 0.23 0.46 0.02999997 0.47 0.03999996 0.38 0.1 0.48 0.03999996 0.77 0.23 0.26 0.23 0.47 0.03999996 0.77 0.23 0.85 0.15 0.85 0.04999995 0.1 0.25 0.26 0.45 0.03999996 0.77 0.23 0.77 0.23 0.37 0.21 0.37 0.04999995 0.42 0.07999998 0.45 0.04999995 0.77 0.23 0.4 0.6 0.4 0.6 0.82 0.08999997 0.08999997 0.74 0.26 0.5 0.5 0.74 0.26 0.86 0.06999999 0.06999999 0.73 0.27 0.32 0.68 0.22 0.78 0.77 0.23 1 0.99 0.00999999 0.22 0.73 0.04999995 0.83 0.17 0.82 0.18 0.96 0.03999996 0.41 0.54 0.04999995 0.2 0.59 0.2 0.00999999 0.6 0.39 0.00999999 0.76 0.23 0.00999999 0.79 0.2 0.00999999 0.59 0.4 0.00999999 0.41 0.54 0.04999995 0.2 0.58 0.22 1 1 0.00999999 0.02999997 0.12 0.84 1 0.06999999 0.93 0.27 0.73 0.07999998 0.7500001 0.08999997 0.07999998 0.37 0.63 0.11 0.69 0.08999997 0.11 0.37 0.63 0.51 0.26 0.23 0.38 0.23 0.39 0.6 0.4 0.85 0.15 0.85 0.15 0.07999998 0.7500001 0.08999997 0.07999998 0.37 0.63 0.28 0.72 0.06999999 0.93 1 1 0.85 0.15 0.6 0.4 0.56 0.29 0.15 1 0.00999999 0.02999997 0.12 0.84 0.85 0.15 0.51 0.25 0.24 0.01999998 0.11 0.46 0.41 0.06 0.62 0.32 0.06999999 0.62 0.31 0.03999996 0.67 0.29 0.03999996 0.67 0.29 0.28 0.58 0.14 0.3 0.58 0.12 0.04999995 0.67 0.28 0.08999997 0.63 0.28 0.06 0.62 0.32 0.01999998 0.11 0.46 0.41 0.32 0.58 0.1 0.1 0.79 0.08999997 0.01999998 0.08999997 0.76 0.11 0.03999996 0.74 0.26 0.74 0.26 0.17 0.39 0.44 0.45 0.42 0.1299999 0.2 0.58 0.22 0.1299999 0.66 0.1899999 0.01999998 0.5 0.5 0.65 0.35 0.06999999 0.93 0.4 0.6 0.59 0.41 0.03999996 0.96 0.58 0.42 0.96 0.03999996 0.83 0.17 0.26 0.69 0.04999995 0.82 0.18 0.42 0.48 0.1 0.2 0.59 0.2 0.00999999 0.08999997 0.32 0.52 0.06999999 0.12 0.88 0.1299999 0.87 0.17 0.83 1 1 1 1 0.34 0.66 0.41 0.59 0.00999999 0.00999999 0.98 0.41 0.59 0.85 0.15 0.5 0.5 0.85 0.15 0.6 0.4 0.85 0.15 0.02999997 0.97 0.07999998 0.92 0.1 0.9 0.12 0.88 1 0.01999998 0.98 1 0.1299999 0.87 0.12 0.49 0.39 0.00999999 0.1 0.57 0.32 1 1 1 1 0.00999999 0.99 0.00999999 0.99 1 0.01999998 0.98 1 0.00999999 0.99 1 0.02999997 0.97 0.01999998 0.98 1 1 0.01999998 0.98 0.00999999 0.99 1 1 1 1 0.16 0.84 0.1299999 0.87 0.1299999 0.87 0.14 0.35 0.51 0.38 0.23 0.39 0.14 0.36 0.5 0.02999997 0.97 1 0.07999998 0.92 0.06 0.94 0.38 0.62 0.41 0.59 0.00999999 0.99 1 0.34 0.66 1 1 0.17 0.83 0.85 0.15 0.1299999 0.87 0.5 0.5 1 0.85 0.15 0.85 0.15 0.6 0.4 1 1 0.56 0.29 0.15 0.1299999 0.53 0.34 0.06 0.94 0.12 0.47 0.41 0.14 0.86 0.51 0.25 0.24 0.51 0.26 0.23 0.55 0.3 0.15 1 1 0.49 0.51 0.34 0.66 1 1 1 1 0.34 0.66 0.24 0.76 0.2 0.8 0.02999997 0.97 1 0.25 0.75 0.1899999 0.81 1 1 1 1 1 0.27 0.73 1 1 1 0.00999999 0.99 0.12 0.88 0.1299999 0.87 0.06 0.89 0.04999995 0.06 0.89 0.04999995 0.12 0.88 0.06 0.89 0.04999995 0.00999999 0.33 0.51 0.15 0.22 0.78 1 1 1 1 1 1 0.37 0.46 0.17 0.52 0.48 0.1899999 0.81 0.63 0.37 0.03999996 0.45 0.24 0.27 0.00999999 0.33 0.51 0.15 1 1 0.04999995 0.95 0.72 0.28 0.44 0.11 0.45 0.4 0.1 0.5 0.83 0.17 0.01999998 0.78 0.2 1 0.03999996 0.95 0.00999999 1 0.88 0.12 0.8 0.2 1 0.88 0.12 0.8 0.2 0.71 0.29 0.59 0.41 0.88 0.12 0.83 0.17 0.01999998 0.78 0.2 0.4 0.1 0.5 0.44 0.11 0.45 0.8 0.2 0.8 0.02999997 0.17 0.26 0.32 0.42 0.28 0.38 0.34 0.67 0.31 0.01999998 0.28 0.48 0.24 0.58 0.41 0.00999999 0.3 0.5 0.2 0.02999997 0.57 0.4 0.73 0.23 0.03999996 0.00999999 0.62 0.23 0.14 0.61 0.39 0.01999998 0.5800001 0.35 0.05000001 0.04999995 0.61 0.2 0.14 0.06 0.61 0.28 0.04999995 0.1299999 0.79 0.07999998 0.14 0.8 0.06 0.43 0.36 0.06 0.15 0.34 0.31 0.35 0.02999997 0.29 0.49 0.1899999 0.47 0.06999999 0.36 0.1 0.21 0.48 0.31 0.5 0.06999999 0.31 0.12 0.17 0.11 0.3 0.42 0.22 0.16 0.15 0.47 0.7 0.1 0.2 0.01999998 0.78 0.2 0.4 0.1 0.5 0.71 0.29 0.03999996 0.95 0.00999999 0.55 0.3 0.15 0.22 0.78 0.03999996 0.96 0.12 0.88 0.08999997 0.32 0.52 0.06999999 0.2 0.59 0.2 0.00999999 0.63 0.37 0.1899999 0.81 0.23 0.77 0.1299999 0.87 0.1 0.9 1 0.22 0.78 0.52 0.48 0.00999999 0.00999999 0.02999997 0.95 0.25 0.08999997 0.66 0.34 0.1899999 0.2 0.27 0.34 0.1899999 0.1899999 0.28 0.17 0.46 0.21 0.16 0.47 0.32 0.11 0.1 0.65 0.2 0.15 0.65 0.35 0.48 0.31 0.11 0.1 0.64 0.36 0.03999996 0.46 0.22 0.28 0.17 0.46 0.21 0.16 1 0.37 0.46 0.17 1 1 0.02999997 0.97 0.03999996 0.96 0.41 0.59 0.03999996 0.96 0.43 0.57 0.42 0.58 0.03999996 0.96 1 1 1 1 0.04999995 0.95 0.72 0.28 0.87 0.1299999 0.72 0.28 0.87 0.1299999 0.85 0.15 0.9 0.1 0.9 0.1 0.11 0.89 0.18 0.82 0.9 0.1 0.12 0.88 0.64 0.36 0.65 0.2 0.15 0.72 0.28 0.65 0.35 0.9 0.1 0.72 0.28 0.9 0.1 0.11 0.89 0.1 0.9 0.06 0.89 0.04999995 0.9 0.1 0.87 0.1299999 0.9 0.1 0.06 0.89 0.04999995 0.06 0.89 0.04999995 0.9 0.1 0.9 0.1 0.12 0.88 0.87 0.1299999 0.72 0.28 0.85 0.15 0.86 0.14 0.85 0.15 0.03999996 0.06999999 0.66 0.23 0.07999998 0.9 0.01999998 0.02999997 0.00999999 0.87 0.08999997 0.01999998 0.00999999 0.87 0.1 0.44 0.11 0.45 0.4 0.1 0.5 0.08999997 0.9 0.00999999 0.07999998 0.18 0.74 0.1 0.21 0.69 0.28 0.48 0.24 0.28 0.38 0.34 0.08999997 0.1899999 0.71 0.00999999 0.3 0.5 0.2 0.02999997 0.29 0.49 0.1899999 0.11 0.21 0.68 0.1 0.89 0.00999999 0.21 0.48 0.31 0.26 0.32 0.42 0.1 0.1899999 0.7 0.00999999 0.88 0.12 0.88 0.12 0.41 0.59 0.48 0.52 0.9 0.1 0.22 0.16 0.15 0.47 0.01999998 0.00999999 0.87 0.1 0.4 0.1 0.5 0.17 0.11 0.3 0.42 0.56 0.44 0.1299999 0.87 0.12 0.88 0.12 0.88 1 0.00999999 0.02999997 0.12 0.84 1 1 0.06999999 0.93 0.27 0.73 0.07999998 0.7500001 0.08999997 0.07999998 0.37 0.63 0.11 0.69 0.08999997 0.11 0.37 0.63 0.51 0.26 0.23 0.38 0.23 0.39 0.6 0.4 0.85 0.15 0.85 0.15 0.07999998 0.7500001 0.08999997 0.07999998 0.37 0.63 0.28 0.72 0.06999999 0.93 1 1 0.85 0.15 0.6 0.4 0.56 0.29 0.15 1 0.00999999 0.02999997 0.12 0.84 0.85 0.15 0.51 0.25 0.24 0.01999998 0.11 0.46 0.41 0.06 0.62 0.32 0.06999999 0.62 0.31 0.03999996 0.67 0.29 0.03999996 0.67 0.29 0.28 0.58 0.14 0.3 0.58 0.12 0.04999995 0.67 0.28 0.08999997 0.63 0.28 0.06 0.62 0.32 0.01999998 0.11 0.46 0.41 0.32 0.58 0.1 0.1 0.79 0.08999997 0.01999998 0.08999997 0.76 0.11 0.03999996 0.74 0.26 0.74 0.26 0.17 0.39 0.44 0.45 0.42 0.1299999 0.1299999 0.66 0.1899999 0.01999998 0.5 0.5 0.65 0.35 0.06999999 0.93 0.4 0.6 0.12 0.88 0.59 0.41 0.03999996 0.96 0.58 0.42 0.96 0.03999996 0.83 0.17 0.26 0.69 0.04999995 0.82 0.18 0.42 0.48 0.1 0.2 0.59 0.2 0.00999999 0.08999997 0.32 0.52 0.06999999 0.34 0.66 1 0.49 0.51 1 1 1 1 1 0.34 0.66 0.24 0.76 0.2 0.8 0.02999997 0.97 1 0.25 0.75 0.1899999 0.81 1 1 1 1 1 0.27 0.73 1 1 1 0.00999999 0.99 0.41 0.59 0.34 0.66 1 1 1 0.17 0.83 0.85 0.15 0.00999999 0.99 0.38 0.62 0.6 0.4 0.85 0.15 0.85 0.15 0.5 0.5 0.06 0.94 0.07999998 0.92 1 1 1 0.02999997 0.97 0.14 0.86 0.06 0.94 0.12 0.47 0.41 0.1299999 0.53 0.34 1 0.00999999 0.99 1 0.01999998 0.98 0.01999998 0.98 1 1 0.02999997 0.97 0.01999998 0.98 1 0.00999999 0.99 1 0.00999999 0.99 1 0.00999999 0.99 1 1 1 1 1 1 0.16 0.84 0.1299999 0.87 0.14 0.36 0.5 0.38 0.23 0.39 0.14 0.35 0.51 0.1299999 0.87 0.1299999 0.87 0.01999998 0.98 0.1 0.9 1 0.07999998 0.92 0.41 0.59 0.12 0.88 0.41 0.59 0.00999999 0.00999999 0.98 1 0.34 0.66 1 1 0.17 0.83 0.85 0.15 0.85 0.15 0.6 0.4 0.85 0.15 0.5 0.5 0.02999997 0.97 1 0.1299999 0.87 1 0.55 0.3 0.15 0.00999999 0.1 0.57 0.32 0.51 0.26 0.23 0.12 0.49 0.39 0.51 0.25 0.24 0.56 0.29 0.15 1 0.22 0.78 1 0.00999999 0.33 0.51 0.15 1 1 1 1 0.37 0.46 0.17 0.52 0.48 0.1899999 0.81 0.63 0.37 1 0.00999999 0.33 0.51 0.15 1 0.03999996 0.45 0.24 0.27 0.04999995 0.95 0.72 0.28 0.55 0.3 0.15 0.03999996 0.96 0.22 0.78 0.12 0.88 0.2 0.58 0.22 0.08999997 0.32 0.52 0.06999999 0.2 0.59 0.2 0.00999999 0.8 0.2 0.1299999 0.87 1</float_array>
          <technique_common>
            <accessor source="#Armature_pm0058_00_41_BodySkin-skin-weights-array" count="1832" stride="1">
              <param name="WEIGHT" type="float"/>
            </accessor>
          </technique_common>
        </source>
        <joints>
          <input semantic="JOINT" source="#Armature_pm0058_00_41_BodySkin-skin-joints"/>
          <input semantic="INV_BIND_MATRIX" source="#Armature_pm0058_00_41_BodySkin-skin-bind_poses"/>
        </joints>
        <vertex_weights count="792">
          <input semantic="JOINT" source="#Armature_pm0058_00_41_BodySkin-skin-joints" offset="0"/>
          <input semantic="WEIGHT" source="#Armature_pm0058_00_41_BodySkin-skin-weights" offset="1"/>
          <vcount>2 2 2 2 2 1 2 2 4 3 4 4 4 4 3 2 2 4 4 1 3 1 1 2 2 2 2 2 2 2 1 1 1 1 2 2 2 2 2 2 4 2 2 2 2 2 2 2 3 2 2 2 2 2 2 2 2 2 2 2 2 2 2 2 2 2 4 3 2 2 2 3 2 2 4 4 3 4 2 2 4 4 3 3 4 3 4 3 3 3 3 3 4 3 3 3 3 3 3 3 3 3 3 3 3 4 2 4 4 4 2 3 3 3 3 4 3 4 4 3 4 4 4 3 3 3 2 3 2 2 3 3 2 4 3 2 3 2 4 4 2 4 2 2 3 4 2 2 4 4 2 2 2 3 2 2 2 3 2 2 2 2 1 2 3 2 2 2 3 4 3 1 1 1 1 1 1 2 1 1 2 1 2 1 2 3 2 3 3 3 3 3 3 2 2 3 2 2 2 1 1 1 1 3 3 3 2 2 4 2 4 4 2 4 2 2 3 4 2 2 4 4 2 2 2 3 2 2 2 3 2 2 2 2 1 2 3 2 2 2 3 4 3 3 3 3 3 3 1 1 4 1 2 2 4 2 4 2 3 3 2 2 2 4 2 2 2 1 1 2 2 3 1 4 2 3 4 3 3 3 3 3 3 3 3 3 4 3 4 4 2 2 3 3 3 4 2 2 2 2 2 2 2 2 2 3 2 3 4 4 2 2 2 1 1 1 1 2 2 3 2 2 2 2 2 2 2 2 2 2 1 2 1 2 3 4 1 1 1 1 2 2 1 2 1 2 1 2 2 1 1 2 2 1 1 1 1 2 2 2 3 3 3 2 1 2 2 2 2 2 1 2 1 1 2 2 2 2 1 2 2 2 1 1 3 3 2 3 2 3 3 3 1 1 2 2 1 1 1 1 2 2 2 2 1 2 2 1 1 1 1 1 2 1 1 1 2 2 2 3 3 2 3 4 2 1 1 1 1 1 1 3 2 2 2 4 4 1 1 2 2 3 3 2 3 1 3 1 2 2 1 2 2 2 2 2 2 3 3 3 2 3 3 3 3 3 3 3 3 3 4 2 4 4 4 3 3 4 3 4 4 3 4 4 4 3 3 3 2 3 3 2 2 2 4 4 2 2 2 2 2 1 2 2 4 3 4 4 4 4 3 2 4 2 4 4 1 3 1 1 2 2 2 2 2 2 2 1 1 1 1 2 2 2 2 2 2 2 2 2 2 2 2 2 3 2 2 2 2 2 2 2 3 2 2 2 3 3 2 2 2 2 2 2 2 2 4 3 4 4 3 3 3 3 3 3 3 4 3 4 3 3 3 3 4 2 2 2 2 2 4 4 3 4 2 2 2 2 1 4 1 1 2 2 4 2 4 2 3 3 2 2 2 4 2 2 2 1 1 2 2 3 1 4 2 3 4 3 3 3 3 3 3 3 3 3 4 3 4 4 2 2 3 3 4 2 2 2 2 2 2 2 2 2 2 3 2 3 4 4 2 1 2 1 1 1 1 1 2 2 2 2 1 2 2 1 1 1 1 1 2 1 1 1 2 2 2 1 1 1 2 2 2 2 2 2 2 2 2 2 1 1 1 2 2 2 3 3 1 2 1 2 2 1 1 2 2 1 2 1 2 1 2 1 1 1 1 1 1 2 2 3 3 3 2 2 2 2 1 2 2 2 2 3 1 2 1 1 2 2 2 2 2 2 2 1 2 1 3 4 3 3 3 3 1 2 1 4 1 1 1 1 3 2 2 2 1 4 1 4 2 2 3 2 2 2 3 4 4 2 2 1 </vcount>
          <v>17 0 18 1 17 2 18 3 16 4 17 5 16 6 17 7 15 8 17 9 18 10 17 11 19 12 17 13 19 14 15 15 16 16 17 17 19 18 15 19 16 20 17 21 15 22 16 23 17 24 19 25 15 26 16 27 17 28 18 29 15 30 16 31 17 32 18 33 15 34 16 35 17 36 18 37 15 38 16 39 17 40 15 41 16 42 15 43 16 44 15 45 16 46 17 47 19 48 15 49 16 50 17 51 19 52 16 53 16 54 17 55 19 56 16 57 16 58 15 59 16 60 15 61 16 62 15 63 16 64 15 65 16 66 15 67 16 68 15 69 16 70 15 71 16 72 16 73 16 74 16 75 16 76 15 77 16 78 15 79 16 80 15 81 16 82 15 83 16 84 15 85 16 86 15 87 16 88 15 89 16 90 17 91 19 92 15 93 16 94 14 95 15 96 15 97 16 98 14 99 15 100 15 101 16 102 14 103 15 104 15 105 16 106 15 107 16 108 17 109 15 110 16 111 15 112 16 113 15 114 16 115 15 116 16 117 15 118 16 119 14 120 15 121 14 122 15 123 15 124 16 125 15 126 16 127 15 128 16 129 15 130 16 131 15 132 16 133 15 134 16 135 15 136 16 137 15 138 16 139 14 140 15 141 14 142 15 143 12 144 13 145 14 146 15 147 13 148 14 149 15 150 14 151 15 152 14 153 15 154 14 155 15 156 13 157 14 158 15 159 14 160 15 161 14 162 15 163 11 164 12 165 13 166 14 167 12 168 13 169 14 170 15 171 12 172 13 173 14 174 11 175 12 176 13 177 14 178 14 179 15 180 14 181 15 182 12 183 13 184 14 185 15 186 12 187 13 188 14 189 15 190 12 191 13 192 14 193 12 194 13 195 14 196 12 197 13 198 14 199 15 200 12 201 13 202 14 203 12 204 13 205 14 206 15 207 12 208 13 209 14 210 12 211 13 212 14 213 12 214 13 215 14 216 12 217 13 218 14 219 12 220 13 221 14 222 11 223 12 224 13 225 14 226 12 227 13 228 14 229 13 230 14 231 15 232 12 233 13 234 14 235 12 236 13 237 14 238 12 239 13 240 20 241 12 242 13 243 14 244 12 245 13 246 14 247 12 248 13 249 14 250 12 251 13 252 14 253 12 254 13 255 14 256 11 257 12 258 13 259 12 260 13 261 20 262 11 263 12 264 13 265 20 266 12 267 20 268 11 269 12 270 13 271 20 272 11 273 12 274 13 275 20 276 11 277 12 278 13 279 20 280 12 281 20 282 11 283 12 284 20 285 11 286 12 287 20 288 11 289 12 290 20 291 11 292 12 293 20 294 11 295 12 296 13 297 20 298 11 299 12 300 13 301 11 302 12 303 13 304 14 305 11 306 12 307 13 308 14 309 12 310 13 311 14 312 11 313 12 314 13 315 14 316 11 317 12 318 13 319 14 320 11 321 12 322 13 323 14 324 11 325 12 326 13 327 11 328 12 329 13 330 12 331 13 332 14 333 11 334 12 335 11 336 12 337 13 338 11 339 12 340 11 341 12 342 0 343 11 344 12 345 0 346 11 347 12 348 11 349 12 350 0 351 1 352 11 353 12 354 0 355 1 356 11 357 0 358 11 359 0 360 1 361 11 362 11 363 12 364 0 365 1 366 11 367 12 368 0 369 1 370 11 371 12 372 11 373 12 374 0 375 1 376 11 377 12 378 11 379 12 380 0 381 1 382 0 383 1 384 11 385 0 386 1 387 11 388 12 389 11 390 12 391 11 392 12 393 0 394 1 395 11 396 12 397 0 398 6 399 11 400 12 401 11 402 12 403 0 404 1 405 0 406 1 407 0 408 1 409 6 410 0 411 1 412 0 413 1 414 0 415 1 416 0 417 1 418 6 419 0 420 1 421 0 422 1 423 0 424 1 425 0 426 1 427 0 428 0 429 1 430 0 431 1 432 2 433 1 434 2 435 1 436 2 437 1 438 2 439 0 440 1 441 2 442 0 443 1 444 2 445 3 446 0 447 1 448 2 449 0 450 0 451 0 452 0 453 0 454 0 455 0 456 1 457 0 458 0 459 0 460 1 461 0 462 0 463 1 464 0 465 0 466 1 467 0 468 1 469 6 470 0 471 1 472 0 473 1 474 2 475 0 476 1 477 2 478 0 479 1 480 2 481 0 482 1 483 2 484 0 485 1 486 2 487 0 488 1 489 2 490 0 491 6 492 0 493 6 494 0 495 6 496 7 497 0 498 6 499 0 500 6 501 0 502 6 503 0 504 0 505 0 506 0 507 0 508 6 509 11 510 0 511 6 512 11 513 0 514 11 515 12 516 11 517 12 518 11 519 12 520 0 521 6 522 11 523 12 524 11 525 12 526 0 527 6 528 11 529 12 530 0 531 6 532 11 533 12 534 11 535 12 536 0 537 6 538 11 539 12 540 11 541 12 542 0 543 6 544 0 545 6 546 11 547 0 548 6 549 11 550 12 551 11 552 12 553 11 554 12 555 0 556 6 557 11 558 12 559 0 560 6 561 11 562 12 563 11 564 12 565 0 566 6 567 0 568 6 569 0 570 1 571 6 572 0 573 6 574 0 575 6 576 0 577 6 578 0 579 1 580 6 581 0 582 6 583 0 584 6 585 0 586 6 587 0 588 6 589 0 590 0 591 6 592 0 593 6 594 7 595 6 596 7 597 6 598 7 599 6 600 7 601 0 602 6 603 7 604 0 605 6 606 7 607 8 608 0 609 6 610 7 611 0 612 6 613 7 614 0 615 6 616 7 617 0 618 6 619 7 620 0 621 6 622 7 623 0 624 6 625 7 626 3 627 3 628 0 629 1 630 2 631 3 632 3 633 2 634 3 635 2 636 3 637 2 638 3 639 4 640 5 641 2 642 3 643 2 644 3 645 4 646 5 647 2 648 3 649 3 650 4 651 5 652 3 653 4 654 5 655 3 656 4 657 3 658 4 659 3 660 4 661 2 662 3 663 4 664 5 665 2 666 3 667 2 668 3 669 2 670 3 671 3 672 3 673 3 674 4 675 3 676 4 677 3 678 4 679 5 680 3 681 0 682 1 683 2 684 3 685 3 686 4 687 3 688 4 689 5 690 0 691 1 692 2 693 3 694 1 695 2 696 3 697 1 698 2 699 3 700 1 701 2 702 3 703 1 704 2 705 3 706 1 707 2 708 3 709 1 710 2 711 3 712 1 713 2 714 3 715 1 716 2 717 3 718 1 719 2 720 3 721 0 722 1 723 2 724 3 725 1 726 2 727 3 728 0 729 1 730 2 731 3 732 0 733 1 734 2 735 3 736 0 737 1 738 0 739 1 740 0 741 1 742 2 743 0 744 1 745 2 746 0 747 1 748 2 749 0 750 1 751 2 752 3 753 0 754 1 755 1 756 2 757 0 758 1 759 0 760 1 761 1 762 2 763 0 764 1 765 1 766 2 767 1 768 2 769 1 770 2 771 1 772 2 773 3 774 1 775 2 776 1 777 2 778 3 779 0 780 1 781 2 782 3 783 0 784 1 785 2 786 3 787 0 788 1 789 3 790 4 791 3 792 4 793 4 794 4 795 4 796 4 797 4 798 5 799 4 800 5 801 2 802 3 803 4 804 4 805 5 806 3 807 4 808 3 809 4 810 3 811 4 812 3 813 4 814 3 815 4 816 4 817 5 818 4 819 5 820 4 821 5 822 4 823 5 824 5 825 4 826 5 827 5 828 4 829 5 830 3 831 4 832 5 833 2 834 3 835 4 836 5 837 5 838 5 839 5 840 5 841 4 842 5 843 4 844 5 845 5 846 4 847 5 848 5 849 4 850 5 851 5 852 4 853 5 854 4 855 5 856 5 857 5 858 4 859 5 860 4 861 5 862 5 863 5 864 5 865 5 866 4 867 5 868 4 869 5 870 4 871 5 872 3 873 4 874 5 875 3 876 4 877 5 878 3 879 4 880 5 881 4 882 5 883 5 884 4 885 5 886 4 887 5 888 4 889 5 890 4 891 5 892 3 893 4 894 4 895 4 896 5 897 4 898 4 899 3 900 4 901 3 902 4 903 3 904 4 905 3 906 4 907 4 908 3 909 4 910 3 911 4 912 3 913 4 914 5 915 5 916 3 917 4 918 5 919 3 920 4 921 5 922 4 923 5 924 3 925 4 926 5 927 4 928 5 929 3 930 4 931 5 932 3 933 4 934 5 935 3 936 4 937 5 938 4 939 4 940 4 941 5 942 4 943 5 944 4 945 4 946 4 947 4 948 4 949 5 950 4 951 5 952 4 953 5 954 4 955 5 956 5 957 4 958 5 959 4 960 5 961 5 962 5 963 5 964 5 965 5 966 4 967 5 968 5 969 5 970 5 971 4 972 5 973 14 974 15 975 14 976 15 977 14 978 15 979 16 980 14 981 15 982 16 983 14 984 15 985 14 986 15 987 16 988 15 989 16 990 17 991 18 992 16 993 17 994 16 995 16 996 16 997 16 998 16 999 16 1000 16 1001 17 1002 19 1003 17 1004 19 1005 16 1006 17 1007 17 1008 18 1009 15 1010 16 1011 17 1012 18 1013 15 1014 16 1015 17 1016 18 1017 16 1018 16 1019 15 1020 16 1021 15 1022 16 1023 12 1024 13 1025 14 1026 12 1027 13 1028 14 1029 12 1030 13 1031 11 1032 12 1033 13 1034 12 1035 11 1036 12 1037 13 1038 12 1039 12 1040 13 1041 12 1042 13 1043 12 1044 12 1045 20 1046 12 1047 20 1048 12 1049 20 1050 12 1051 20 1052 12 1053 21 1054 12 1055 21 1056 11 1057 12 1058 21 1059 12 1060 21 1061 22 1062 12 1063 21 1064 22 1065 12 1066 21 1067 12 1068 20 1069 21 1070 12 1071 21 1072 22 1073 12 1074 21 1075 22 1076 12 1077 21 1078 22 1079 12 1080 21 1081 22 1082 12 1083 21 1084 22 1085 12 1086 21 1087 22 1088 11 1089 12 1090 21 1091 12 1092 20 1093 21 1094 11 1095 12 1096 20 1097 21 1098 12 1099 20 1100 11 1101 12 1102 20 1103 21 1104 11 1105 12 1106 20 1107 21 1108 11 1109 12 1110 20 1111 21 1112 11 1113 12 1114 20 1115 11 1116 12 1117 20 1118 11 1119 12 1120 20 1121 21 1122 11 1123 12 1124 21 1125 11 1126 12 1127 21 1128 22 1129 11 1130 12 1131 21 1132 22 1133 12 1134 21 1135 22 1136 11 1137 12 1138 21 1139 22 1140 11 1141 12 1142 21 1143 22 1144 11 1145 12 1146 21 1147 22 1148 11 1149 12 1150 21 1151 11 1152 12 1153 21 1154 12 1155 21 1156 22 1157 11 1158 12 1159 11 1160 12 1161 13 1162 3 1163 4 1164 5 1165 0 1166 1 1167 0 1168 1 1169 0 1170 1 1171 0 1172 1 1173 2 1174 3 1175 0 1176 1 1177 2 1178 3 1179 25 1180 26 1181 24 1182 25 1183 25 1184 26 1185 24 1186 25 1187 23 1188 25 1189 26 1190 25 1191 27 1192 25 1193 27 1194 23 1195 24 1196 25 1197 27 1198 23 1199 24 1200 25 1201 23 1202 24 1203 25 1204 27 1205 23 1206 24 1207 25 1208 26 1209 23 1210 24 1211 25 1212 26 1213 23 1214 24 1215 25 1216 26 1217 23 1218 24 1219 25 1220 23 1221 24 1222 23 1223 24 1224 25 1225 27 1226 23 1227 24 1228 23 1229 24 1230 25 1231 27 1232 23 1233 24 1234 25 1235 27 1236 24 1237 24 1238 25 1239 27 1240 24 1241 24 1242 23 1243 24 1244 23 1245 24 1246 23 1247 24 1248 23 1249 24 1250 23 1251 24 1252 23 1253 24 1254 23 1255 24 1256 24 1257 24 1258 24 1259 24 1260 23 1261 24 1262 23 1263 24 1264 23 1265 24 1266 23 1267 24 1268 23 1269 24 1270 23 1271 24 1272 23 1273 24 1274 23 1275 24 1276 22 1277 23 1278 22 1279 23 1280 23 1281 24 1282 22 1283 23 1284 23 1285 24 1286 23 1287 24 1288 25 1289 23 1290 24 1291 23 1292 24 1293 23 1294 24 1295 23 1296 24 1297 23 1298 24 1299 22 1300 23 1301 22 1302 23 1303 22 1304 23 1305 24 1306 23 1307 24 1308 23 1309 24 1310 23 1311 24 1312 22 1313 23 1314 24 1315 22 1316 23 1317 24 1318 23 1319 24 1320 23 1321 24 1322 22 1323 23 1324 23 1325 24 1326 23 1327 24 1328 23 1329 24 1330 22 1331 23 1332 22 1333 23 1334 12 1335 21 1336 22 1337 23 1338 21 1339 22 1340 23 1341 12 1342 21 1343 22 1344 23 1345 12 1346 21 1347 22 1348 23 1349 12 1350 21 1351 22 1352 12 1353 21 1354 22 1355 21 1356 22 1357 23 1358 12 1359 21 1360 22 1361 12 1362 21 1363 22 1364 12 1365 21 1366 22 1367 12 1368 21 1369 22 1370 12 1371 21 1372 22 1373 23 1374 12 1375 21 1376 22 1377 11 1378 12 1379 21 1380 22 1381 12 1382 21 1383 22 1384 21 1385 22 1386 23 1387 12 1388 21 1389 22 1390 12 1391 21 1392 22 1393 12 1394 21 1395 22 1396 23 1397 22 1398 23 1399 22 1400 23 1401 22 1402 23 1403 22 1404 23 1405 22 1406 23 1407 11 1408 12 1409 21 1410 22 1411 12 1412 21 1413 22 1414 23 1415 12 1416 21 1417 22 1418 11 1419 12 1420 21 1421 22 1422 22 1423 23 1424 22 1425 23 1426 22 1427 23 1428 22 1429 23 1430 8 1431 0 1432 6 1433 7 1434 8 1435 8 1436 8 1437 7 1438 8 1439 7 1440 8 1441 7 1442 8 1443 9 1444 10 1445 7 1446 8 1447 7 1448 8 1449 9 1450 10 1451 7 1452 8 1453 8 1454 9 1455 10 1456 8 1457 9 1458 10 1459 8 1460 9 1461 8 1462 9 1463 8 1464 9 1465 7 1466 8 1467 9 1468 10 1469 7 1470 8 1471 7 1472 8 1473 7 1474 8 1475 8 1476 8 1477 8 1478 9 1479 8 1480 9 1481 8 1482 9 1483 10 1484 8 1485 0 1486 6 1487 7 1488 8 1489 8 1490 9 1491 8 1492 9 1493 10 1494 0 1495 6 1496 7 1497 8 1498 6 1499 7 1500 8 1501 6 1502 7 1503 8 1504 6 1505 7 1506 8 1507 6 1508 7 1509 8 1510 6 1511 7 1512 8 1513 6 1514 7 1515 8 1516 6 1517 7 1518 8 1519 6 1520 7 1521 8 1522 6 1523 7 1524 8 1525 0 1526 6 1527 7 1528 8 1529 6 1530 7 1531 8 1532 0 1533 6 1534 7 1535 8 1536 0 1537 6 1538 7 1539 8 1540 0 1541 6 1542 0 1543 6 1544 0 1545 6 1546 7 1547 0 1548 6 1549 7 1550 0 1551 6 1552 7 1553 8 1554 0 1555 6 1556 6 1557 7 1558 0 1559 6 1560 0 1561 6 1562 0 1563 6 1564 6 1565 7 1566 0 1567 6 1568 6 1569 7 1570 6 1571 7 1572 6 1573 7 1574 6 1575 7 1576 8 1577 6 1578 7 1579 6 1580 7 1581 8 1582 0 1583 6 1584 7 1585 8 1586 0 1587 6 1588 7 1589 8 1590 9 1591 10 1592 9 1593 9 1594 10 1595 9 1596 9 1597 9 1598 9 1599 9 1600 9 1601 10 1602 9 1603 10 1604 9 1605 10 1606 9 1607 10 1608 10 1609 9 1610 10 1611 9 1612 10 1613 10 1614 10 1615 10 1616 10 1617 10 1618 9 1619 10 1620 10 1621 10 1622 10 1623 9 1624 10 1625 9 1626 10 1627 9 1628 10 1629 9 1630 9 1631 9 1632 8 1633 9 1634 8 1635 9 1636 8 1637 9 1638 9 1639 10 1640 8 1641 9 1642 8 1643 9 1644 8 1645 9 1646 8 1647 9 1648 9 1649 10 1650 9 1651 10 1652 10 1653 10 1654 10 1655 9 1656 10 1657 9 1658 10 1659 9 1660 10 1661 8 1662 9 1663 10 1664 8 1665 9 1666 10 1667 10 1668 9 1669 10 1670 10 1671 9 1672 10 1673 9 1674 10 1675 10 1676 10 1677 9 1678 10 1679 9 1680 10 1681 10 1682 9 1683 10 1684 10 1685 9 1686 10 1687 10 1688 9 1689 10 1690 10 1691 10 1692 10 1693 10 1694 10 1695 10 1696 9 1697 10 1698 9 1699 10 1700 8 1701 9 1702 10 1703 8 1704 9 1705 10 1706 8 1707 9 1708 10 1709 9 1710 10 1711 9 1712 10 1713 9 1714 10 1715 9 1716 10 1717 10 1718 9 1719 10 1720 9 1721 10 1722 9 1723 10 1724 9 1725 10 1726 7 1727 8 1728 9 1729 9 1730 9 1731 10 1732 9 1733 9 1734 8 1735 9 1736 8 1737 9 1738 8 1739 9 1740 8 1741 9 1742 8 1743 9 1744 8 1745 9 1746 9 1747 10 1748 10 1749 8 1750 9 1751 9 1752 8 1753 9 1754 10 1755 7 1756 8 1757 9 1758 10 1759 8 1760 9 1761 10 1762 8 1763 9 1764 10 1765 8 1766 9 1767 10 1768 8 1769 9 1770 10 1771 24 1772 24 1773 25 1774 24 1775 23 1776 24 1777 25 1778 26 1779 24 1780 24 1781 24 1782 24 1783 24 1784 25 1785 27 1786 25 1787 27 1788 24 1789 25 1790 25 1791 26 1792 24 1793 23 1794 24 1795 25 1796 26 1797 24 1798 23 1799 24 1800 25 1801 26 1802 23 1803 24 1804 23 1805 24 1806 8 1807 9 1808 10 1809 0 1810 6 1811 0 1812 6 1813 0 1814 6 1815 0 1816 6 1817 7 1818 0 1819 6 1820 7 1821 8 1822 0 1823 6 1824 7 1825 8 1826 12 1827 20 1828 8 1829 9 1830 9 1831</v>
        </vertex_weights>
      </skin>
    </controller>
  </library_controllers>
  <library_visual_scenes>
    <visual_scene id="Scene" name="Scene">
      <node id="Armature" name="Armature" type="NODE">
        <matrix sid="transform">0.5 0 0 0 0 -8.14603e-8 -0.5 0 0 0.5 -8.14603e-8 0 0 0 0 1</matrix>
        <node id="Armature_pm0058_00_41_prefab" name="pm0058_00_41_prefab" sid="pm0058_00_41_prefab" type="JOINT">
          <matrix sid="transform">1 0 0 0 0 1 0 0 0 0 1 0 0 0 0 1</matrix>
          <node id="Armature_pm0058_00_41" name="pm0058_00_41" sid="pm0058_00_41" type="JOINT">
            <matrix sid="transform">1 0 0 0 0 1 0 0 0 0 1 0 0 0 0 1</matrix>
            <node id="Armature_Origin" name="Origin" sid="Origin" type="JOINT">
              <matrix sid="transform">1 0 0 0 0 1 0 0 0 0 1 0 0 0 0 1</matrix>
              <node id="Armature_waist" name="waist" sid="waist" type="JOINT">
                <matrix sid="transform">0 -1 0 0 -0.004898572 0 -0.999988 0.3706346 0.999988 0 -0.004898572 -0.1845258 0 0 0 1</matrix>
                <node id="Armature_hips" name="hips" sid="hips" type="JOINT">
                  <matrix sid="transform">-0.999988 0 0.004898529 -9.99839e-5 0 -1 0 0 0.004898529 0 0.999988 2.68221e-6 0 0 0 1</matrix>
                  <node id="Armature_left_leg_01" name="left_leg_01" sid="left_leg_01" type="JOINT">
                    <matrix sid="transform">0.09322932 0 -0.9956447 0.1010284 0 1 0 0.1138148 0.9956447 0 0.09322932 0.04505467 0 0 0 1</matrix>
                    <node id="Armature_left_leg_02" name="left_leg_02" sid="left_leg_02" type="JOINT">
                      <matrix sid="transform">0.839356 0 0.5435821 0.1005656 0 1 0 7.45058e-9 -0.5435821 0 0.839356 -4.09782e-8 0 0 0 1</matrix>
                      <node id="Armature_left_foot" name="left_foot" sid="left_foot" type="JOINT">
                        <matrix sid="transform">-0.6194672 0 -0.7850225 0.1113758 0 1 0 7.45058e-9 0.7850225 0 -0.6194672 7.45058e-8 0 0 0 1</matrix>
                        <node id="Armature_left_toe" name="left_toe" sid="left_toe" type="JOINT">
                          <matrix sid="transform">1 0 -7.35137e-8 -0.02226445 0 1 0 -7.45058e-9 7.35137e-8 0 1 -0.07850748 0 0 0 1</matrix>
                          <node id="Armature_left_foot_index" name="left_foot_index" sid="left_foot_index" type="JOINT">
                            <matrix sid="transform">1 0 0 0.07379144 0 1 0 0 0 0 1 -0.03425362 0 0 0 1</matrix>
                            <extra>
                              <technique profile="blender">
                                <layer sid="layer" type="string">0</layer>
                                <roll sid="roll" type="float">-1.570796</roll>
                                <tip_x sid="tip_x" type="float">0.08135408</tip_x>
                                <tip_y sid="tip_y" type="float">0</tip_y>
                                <tip_z sid="tip_z" type="float">0</tip_z>
                              </technique>
                            </extra>
                          </node>
                          <extra>
                            <technique profile="blender">
                              <layer sid="layer" type="string">0</layer>
                              <roll sid="roll" type="float">-1.570796</roll>
                              <tip_x sid="tip_x" type="float">0.08135408</tip_x>
                              <tip_y sid="tip_y" type="float">0</tip_y>
                              <tip_z sid="tip_z" type="float">0</tip_z>
                            </technique>
                          </extra>
                        </node>
                        <extra>
                          <technique profile="blender">
                            <layer sid="layer" type="string">0</layer>
                            <roll sid="roll" type="float">-1.570796</roll>
                            <tip_x sid="tip_x" type="float">0.08160346</tip_x>
                            <tip_y sid="tip_y" type="float">0</tip_y>
                            <tip_z sid="tip_z" type="float">0</tip_z>
                          </technique>
                        </extra>
                      </node>
                      <extra>
                        <technique profile="blender">
                          <layer sid="layer" type="string">0</layer>
                          <roll sid="roll" type="float">0.6680639</roll>
                          <tip_x sid="tip_x" type="float">0.1113757</tip_x>
                          <tip_y sid="tip_y" type="float">0</tip_y>
                          <tip_z sid="tip_z" type="float">0</tip_z>
                        </technique>
                      </extra>
                    </node>
                    <extra>
                      <technique profile="blender">
                        <layer sid="layer" type="string">0</layer>
                        <roll sid="roll" type="float">0.09336495</roll>
                        <tip_x sid="tip_x" type="float">0.1005655</tip_x>
                        <tip_y sid="tip_y" type="float">0</tip_y>
                        <tip_z sid="tip_z" type="float">0</tip_z>
                      </technique>
                    </extra>
                  </node>
                  <node id="Armature_right_leg_01" name="right_leg_01" sid="right_leg_01" type="JOINT">
                    <matrix sid="transform">0.09322932 0 -0.9956447 0.1010282 0 1 0 -0.113815 0.9956447 0 0.09322932 0.04505455 0 0 0 1</matrix>
                    <node id="Armature_right_leg_02" name="right_leg_02" sid="right_leg_02" type="JOINT">
                      <matrix sid="transform">0.839356 0 0.5435821 0.100566 0 1 0 7.45058e-9 -0.5435821 0 0.839356 -2.81259e-7 0 0 0 1</matrix>
                      <node id="Armature_right_foot" name="right_foot" sid="right_foot" type="JOINT">
                        <matrix sid="transform">-0.6194672 0 -0.7850225 0.1113756 0 1 0 -1.49012e-8 0.7850225 0 -0.6194672 -4.99189e-7 0 0 0 1</matrix>
                        <node id="Armature_right_toe" name="right_toe" sid="right_toe" type="JOINT">
                          <matrix sid="transform">1 0 -7.35137e-8 -0.0222641 0 1 0 0 7.35137e-8 0 1 -0.07850771 0 0 0 1</matrix>
                          <node id="Armature_right_foot_index" name="right_foot_index" sid="right_foot_index" type="JOINT">
                            <matrix sid="transform">1 0 0 0.07379103 0 1 0 0 0 0 1 -0.03425359 0 0 0 1</matrix>
                            <extra>
                              <technique profile="blender">
                                <layer sid="layer" type="string">0</layer>
                                <roll sid="roll" type="float">-1.570796</roll>
                                <tip_x sid="tip_x" type="float">0.08135366</tip_x>
                                <tip_y sid="tip_y" type="float">0</tip_y>
                                <tip_z sid="tip_z" type="float">0</tip_z>
                              </technique>
                            </extra>
                          </node>
                          <extra>
                            <technique profile="blender">
                              <layer sid="layer" type="string">0</layer>
                              <roll sid="roll" type="float">-1.570796</roll>
                              <tip_x sid="tip_x" type="float">0.08135366</tip_x>
                              <tip_y sid="tip_y" type="float">0</tip_y>
                              <tip_z sid="tip_z" type="float">0</tip_z>
                            </technique>
                          </extra>
                        </node>
                        <extra>
                          <technique profile="blender">
                            <layer sid="layer" type="string">0</layer>
                            <roll sid="roll" type="float">-1.570796</roll>
                            <tip_x sid="tip_x" type="float">0.08160358</tip_x>
                            <tip_y sid="tip_y" type="float">0</tip_y>
                            <tip_z sid="tip_z" type="float">0</tip_z>
                          </technique>
                        </extra>
                      </node>
                      <extra>
                        <technique profile="blender">
                          <layer sid="layer" type="string">0</layer>
                          <roll sid="roll" type="float">0.6680639</roll>
                          <tip_x sid="tip_x" type="float">0.1113756</tip_x>
                          <tip_y sid="tip_y" type="float">0</tip_y>
                          <tip_z sid="tip_z" type="float">0</tip_z>
                        </technique>
                      </extra>
                    </node>
                    <extra>
                      <technique profile="blender">
                        <layer sid="layer" type="string">0</layer>
                        <roll sid="roll" type="float">0.09336495</roll>
                        <tip_x sid="tip_x" type="float">0.100566</tip_x>
                        <tip_y sid="tip_y" type="float">0</tip_y>
                        <tip_z sid="tip_z" type="float">0</tip_z>
                      </technique>
                    </extra>
                  </node>
                  <node id="Armature_tail_01" name="tail_01" sid="tail_01" type="JOINT">
                    <matrix sid="transform">0.7216895 0 -0.6922169 0.1859741 0 -0.9999999 0 0 -0.6922169 0 -0.7216895 -0.01061669 0 0 0 1</matrix>
                    <node id="Armature_tail_02" name="tail_02" sid="tail_02" type="JOINT">
                      <matrix sid="transform">1 0 1.78814e-7 0.1521378 0 1 0 -1.49012e-8 -1.78814e-7 0 1 -5.96046e-8 0 0 0 1</matrix>
                      <extra>
                        <technique profile="blender">
                          <layer sid="layer" type="string">0</layer>
                          <roll sid="roll" type="float">0.80624</roll>
                          <tip_x sid="tip_x" type="float">-0.1521378</tip_x>
                          <tip_y sid="tip_y" type="float">0</tip_y>
                          <tip_z sid="tip_z" type="float">0</tip_z>
                        </technique>
                      </extra>
                    </node>
                    <extra>
                      <technique profile="blender">
                        <layer sid="layer" type="string">0</layer>
                        <roll sid="roll" type="float">0.80624</roll>
                        <tip_x sid="tip_x" type="float">-0.1521378</tip_x>
                        <tip_y sid="tip_y" type="float">0</tip_y>
                        <tip_z sid="tip_z" type="float">0</tip_z>
                      </technique>
                    </extra>
                  </node>
                  <extra>
                    <technique profile="blender">
                      <layer sid="layer" type="string">0</layer>
                      <roll sid="roll" type="float">1.570796</roll>
                      <tip_x sid="tip_x" type="float">0.1679023</tip_x>
                      <tip_y sid="tip_y" type="float">0</tip_y>
                      <tip_z sid="tip_z" type="float">0</tip_z>
                    </technique>
                  </extra>
                </node>
                <node id="Armature_spine_01" name="spine_01" sid="spine_01" type="JOINT">
                  <matrix sid="transform">1 0 0 1.00011e-4 0 1 0 0 0 0 1 0 0 0 0 1</matrix>
                  <node id="Armature_spine_02" name="spine_02" sid="spine_02" type="JOINT">
                    <matrix sid="transform">0.9182773 0 0.3959379 0.08472272 0 1 0 0 -0.3959379 0 0.9182773 2.98023e-8 0 0 0 1</matrix>
                    <node id="Armature_feeler_a_01" name="feeler_a_01" sid="feeler_a_01" type="JOINT">
                      <matrix sid="transform">-0.05970591 0 0.998216 0.1952694 0 -1 0 0 0.998216 0 0.05970591 0.04051238 0 0 0 1</matrix>
                      <node id="Armature_feeler_a_02" name="feeler_a_02" sid="feeler_a_02" type="JOINT">
                        <matrix sid="transform">1 0 5.96046e-8 0.1067873 0 1 0 0 -5.96046e-8 0 1 0 0 0 0 1</matrix>
                        <extra>
                          <technique profile="blender">
                            <layer sid="layer" type="string">0</layer>
                            <roll sid="roll" type="float">-0.3424488</roll>
                            <tip_x sid="tip_x" type="float">0.1067873</tip_x>
                            <tip_y sid="tip_y" type="float">0</tip_y>
                            <tip_z sid="tip_z" type="float">0</tip_z>
                          </technique>
                        </extra>
                      </node>
                      <extra>
                        <technique profile="blender">
                          <layer sid="layer" type="string">0</layer>
                          <roll sid="roll" type="float">-0.3424488</roll>
                          <tip_x sid="tip_x" type="float">0.1067873</tip_x>
                          <tip_y sid="tip_y" type="float">0</tip_y>
                          <tip_z sid="tip_z" type="float">0</tip_z>
                        </technique>
                      </extra>
                    </node>
                    <node id="Armature_left_shoulder" name="left_shoulder" sid="left_shoulder" type="JOINT">
                      <matrix sid="transform">-0.2119095 0.2325361 0.9492212 0.106374 -0.5904674 -0.8044199 0.06524404 -0.06342047 0.7787441 -0.5466584 0.3077694 0.03651088 0 0 0 1</matrix>
                      <node id="Armature_trleft_arm_01" name="trleft_arm_01" sid="trleft_arm_01" type="JOINT">
                        <matrix sid="transform">0.7719886 0.5904678 0.2353324 0.08280222 -0.5865311 0.8044198 -0.09428659 -2.98023e-8 -0.2449792 -0.06524159 0.9673307 -1.11759e-8 0 0 0 1</matrix>
                        <node id="Armature_left_arm_01" name="left_arm_01" sid="left_arm_01" type="JOINT">
                          <matrix sid="transform">1 -9.83018e-8 -2.98023e-8 2.98023e-8 9.83018e-8 1 3.68925e-8 2.23517e-8 2.98023e-8 -3.68923e-8 1 1.11759e-8 0 0 0 1</matrix>
                          <extra>
                            <technique profile="blender">
                              <layer sid="layer" type="string">0</layer>
                              <roll sid="roll" type="float">0.1593835</roll>
                              <tip_x sid="tip_x" type="float">0.07464838</tip_x>
                              <tip_y sid="tip_y" type="float">0</tip_y>
                              <tip_z sid="tip_z" type="float">1.82539e-7</tip_z>
                            </technique>
                          </extra>
                        </node>
                        <node id="Armature_trleft_arm_02" name="trleft_arm_02" sid="trleft_arm_02" type="JOINT">
                          <matrix sid="transform">0.9638167 -1.35286e-6 -0.2665662 0.1492969 1.3565e-6 1 -1.70473e-7 2.98023e-8 0.2665662 -1.97292e-7 0.9638166 -1.86265e-8 0 0 0 1</matrix>
                          <node id="Armature_left_arm_02" name="left_arm_02" sid="left_arm_02" type="JOINT">
                            <matrix sid="transform">1 1.34868e-7 -1.49012e-8 2.98023e-8 -1.34868e-7 1 2.43565e-8 3.72529e-8 1.49012e-8 -2.43565e-8 1 9.31323e-9 0 0 0 1</matrix>
                            <extra>
                              <technique profile="blender">
                                <layer sid="layer" type="string">0</layer>
                                <roll sid="roll" type="float">-0.110445</roll>
                                <tip_x sid="tip_x" type="float">0.0660873</tip_x>
                                <tip_y sid="tip_y" type="float">0</tip_y>
                                <tip_z sid="tip_z" type="float">1.6368e-7</tip_z>
                              </technique>
                            </extra>
                          </node>
                          <node id="Armature_left_hand" name="left_hand" sid="left_hand" type="JOINT">
                            <matrix sid="transform">0.1102181 -3.21687e-14 -0.9939075 0.1321746 2.4836e-6 1 2.75415e-7 4.47035e-8 0.9939075 -2.49882e-6 0.1102181 -1.93249e-8 0 0 0 1</matrix>
                            <node id="Armature_left_fingerbase" name="left_fingerbase" sid="left_fingerbase" type="JOINT">
                              <matrix sid="transform">1 -2.22045e-16 1.64905e-7 0.04053407 2.39808e-14 1 -1.50974e-7 0 -1.64905e-7 1.50974e-7 1 -0.01800212 0 0 0 1</matrix>
                              <node id="Armature_left_index" name="left_index" sid="left_index" type="JOINT">
                                <matrix sid="transform">0.922538 0.3859062 9.73144e-8 0.03000001 -0.3859062 0.922538 1.02303e-6 -0.02560003 3.05016e-7 -9.81334e-7 1 -0.005600002 0 0 0 1</matrix>
                                <extra>
                                  <technique profile="blender">
                                    <layer sid="layer" type="string">0</layer>
                                    <roll sid="roll" type="float">-1.966986</roll>
                                    <tip_x sid="tip_x" type="float">0.03414535</tip_x>
                                    <tip_y sid="tip_y" type="float">0</tip_y>
                                    <tip_z sid="tip_z" type="float">0.01428329</tip_z>
                                  </technique>
                                </extra>
                              </node>
                              <node id="Armature_left_middle" name="left_middle" sid="left_middle" type="JOINT">
                                <matrix sid="transform">0.9245461 -0.3810703 -1.03224e-10 0.02980004 0.3810703 0.924546 1.19746e-6 0.016 -4.56221e-7 -1.10715e-6 1 -0.004999998 0 0 0 1</matrix>
                                <extra>
                                  <technique profile="blender">
                                    <layer sid="layer" type="string">0</layer>
                                    <roll sid="roll" type="float">-1.179843</roll>
                                    <tip_x sid="tip_x" type="float">0.03421968</tip_x>
                                    <tip_y sid="tip_y" type="float">0</tip_y>
                                    <tip_z sid="tip_z" type="float">-0.0141043</tip_z>
                                  </technique>
                                </extra>
                              </node>
                              <extra>
                                <technique profile="blender">
                                  <layer sid="layer" type="string">0</layer>
                                  <roll sid="roll" type="float">-1.570796</roll>
                                  <tip_x sid="tip_x" type="float">0.03701239</tip_x>
                                  <tip_y sid="tip_y" type="float">0</tip_y>
                                  <tip_z sid="tip_z" type="float">0</tip_z>
                                </technique>
                              </extra>
                            </node>
                            <extra>
                              <technique profile="blender">
                                <layer sid="layer" type="string">0</layer>
                                <roll sid="roll" type="float">-1.570796</roll>
                                <tip_x sid="tip_x" type="float">0.04435181</tip_x>
                                <tip_y sid="tip_y" type="float">0</tip_y>
                                <tip_z sid="tip_z" type="float">0</tip_z>
                              </technique>
                            </extra>
                          </node>
                          <extra>
                            <technique profile="blender">
                              <layer sid="layer" type="string">0</layer>
                              <roll sid="roll" type="float">-0.1104449</roll>
                              <tip_x sid="tip_x" type="float">0.0660873</tip_x>
                              <tip_y sid="tip_y" type="float">0</tip_y>
                              <tip_z sid="tip_z" type="float">1.62981e-7</tip_z>
                            </technique>
                          </extra>
                        </node>
                        <extra>
                          <technique profile="blender">
                            <layer sid="layer" type="string">0</layer>
                            <roll sid="roll" type="float">0.1593836</roll>
                            <tip_x sid="tip_x" type="float">0.07464838</tip_x>
                            <tip_y sid="tip_y" type="float">0</tip_y>
                            <tip_z sid="tip_z" type="float">1.82539e-7</tip_z>
                          </technique>
                        </extra>
                      </node>
                      <extra>
                        <technique profile="blender">
                          <layer sid="layer" type="string">0</layer>
                          <roll sid="roll" type="float">-0.1100491</roll>
                          <tip_x sid="tip_x" type="float">0.06660771</tip_x>
                          <tip_y sid="tip_y" type="float">0.04918956</tip_y>
                          <tip_z sid="tip_z" type="float">0</tip_z>
                        </technique>
                      </extra>
                    </node>
                    <node id="Armature_neck" name="neck" sid="neck" type="JOINT">
                      <matrix sid="transform">0.8857443 0 0.4641734 0.1038432 0 1 0 0 -0.4641734 0 0.8857443 -2.98023e-8 0 0 0 1</matrix>
                      <node id="Armature_head" name="head" sid="head" type="JOINT">
                        <matrix sid="transform">0.7660446 0 0.6427877 0.05590904 0 1 0 0 -0.6427877 0 0.7660446 0 0 0 0 1</matrix>
                        <node id="Armature_feeler_b" name="feeler_b" sid="feeler_b" type="JOINT">
                          <matrix sid="transform">0.9517013 0 0.3070254 0.2434534 0 1 0 0 -0.3070254 0 0.9517013 5.72341e-4 0 0 0 1</matrix>
                          <extra>
                            <technique profile="blender">
                              <layer sid="layer" type="string">0</layer>
                              <roll sid="roll" type="float">0.3242928</roll>
                              <tip_x sid="tip_x" type="float">-0.1624402</tip_x>
                              <tip_y sid="tip_y" type="float">0</tip_y>
                              <tip_z sid="tip_z" type="float">0</tip_z>
                            </technique>
                          </extra>
                        </node>
                        <node id="Armature_jaw" name="jaw" sid="jaw" type="JOINT">
                          <matrix sid="transform">-0.5453257 0 -0.8382243 0.05425745 0 1 0 0 0.8382243 0 -0.5453257 0.07861651 0 0 0 1</matrix>
                          <node id="Armature_tongue_01" name="tongue_01" sid="tongue_01" type="JOINT">
                            <matrix sid="transform">0.8493723 0 0.5277943 0.02484804 0 1 0 0 -0.5277943 0 0.8493723 0.04387116 0 0 0 1</matrix>
                            <node id="Armature_tongue_02" name="tongue_02" sid="tongue_02" type="JOINT">
                              <matrix sid="transform">1 0 3.07336e-8 0.05765321 0 1 0 0 -3.07336e-8 0 1 0 0 0 0 1</matrix>
                              <extra>
                                <technique profile="blender">
                                  <layer sid="layer" type="string">0</layer>
                                  <roll sid="roll" type="float">-1.579345</roll>
                                  <tip_x sid="tip_x" type="float">-0.05765318</tip_x>
                                  <tip_y sid="tip_y" type="float">0</tip_y>
                                  <tip_z sid="tip_z" type="float">0</tip_z>
                                </technique>
                              </extra>
                            </node>
                            <extra>
                              <technique profile="blender">
                                <layer sid="layer" type="string">0</layer>
                                <roll sid="roll" type="float">-1.579345</roll>
                                <tip_x sid="tip_x" type="float">-0.05765318</tip_x>
                                <tip_y sid="tip_y" type="float">0</tip_y>
                                <tip_z sid="tip_z" type="float">0</tip_z>
                              </technique>
                            </extra>
                          </node>
                          <extra>
                            <technique profile="blender">
                              <layer sid="layer" type="string">0</layer>
                              <roll sid="roll" type="float">-2.135347</roll>
                              <tip_x sid="tip_x" type="float">-0.05041927</tip_x>
                              <tip_y sid="tip_y" type="float">0</tip_y>
                              <tip_z sid="tip_z" type="float">0</tip_z>
                            </technique>
                          </extra>
                        </node>
                        <node id="Armature_left_ear" name="left_ear" sid="left_ear" type="JOINT">
                          <matrix sid="transform">0.2093548 0.97276 -0.09954251 0.1100409 -0.7469893 0.09340729 -0.6582417 -0.1103604 -0.6310133 0.2121633 0.7461964 0.03373615 0 0 0 1</matrix>
                          <extra>
                            <technique profile="blender">
                              <layer sid="layer" type="string">0</layer>
                              <roll sid="roll" type="float">0.7128155</roll>
                              <tip_x sid="tip_x" type="float">-0.01517307</tip_x>
                              <tip_y sid="tip_y" type="float">0.1584249</tip_y>
                              <tip_z sid="tip_z" type="float">0.03252929</tip_z>
                            </technique>
                          </extra>
                        </node>
                        <node id="Armature_left_feeler" name="left_feeler" sid="left_feeler" type="JOINT">
                          <matrix sid="transform">-0.6945808 0.5862839 0.416928 0.03170359 -0.4981028 -0.810074 0.3093115 -0.1260574 0.5190869 0.007168799 0.8546914 0.04917782 0 0 0 1</matrix>
                          <extra>
                            <technique profile="blender">
                              <layer sid="layer" type="string">0</layer>
                              <roll sid="roll" type="float">-0.5557028</roll>
                              <tip_x sid="tip_x" type="float">0.1315886</tip_x>
                              <tip_y sid="tip_y" type="float">0.09524321</tip_y>
                              <tip_z sid="tip_z" type="float">0</tip_z>
                            </technique>
                          </extra>
                        </node>
                        <node id="Armature_left_teeth" name="left_teeth" sid="left_teeth" type="JOINT">
                          <matrix sid="transform">-0.9905657 0.1153774 0.07409626 0.03789714 -0.1149499 -0.9933208 0.01002281 -0.06923355 0.07475889 0.001410765 0.9972008 0.1638189 0 0 0 1</matrix>
                          <extra>
                            <technique profile="blender">
                              <layer sid="layer" type="string">0</layer>
                              <roll sid="roll" type="float">-0.08697289</roll>
                              <tip_x sid="tip_x" type="float">0.1613552</tip_x>
                              <tip_y sid="tip_y" type="float">0.01874333</tip_y>
                              <tip_z sid="tip_z" type="float">0</tip_z>
                            </technique>
                          </extra>
                        </node>
                        <node id="Armature_right_ear" name="right_ear" sid="right_ear" type="JOINT">
                          <matrix sid="transform">0.2093548 -0.9727598 -0.09954281 0.1100414 0.7469901 0.09340725 0.6582407 0.11036 -0.6310121 -0.2121634 0.7461973 0.03373615 0 0 0 1</matrix>
                          <extra>
                            <technique profile="blender">
                              <layer sid="layer" type="string">0</layer>
                              <roll sid="roll" type="float">-1.555888</roll>
                              <tip_x sid="tip_x" type="float">-0.01517307</tip_x>
                              <tip_y sid="tip_y" type="float">-0.1584249</tip_y>
                              <tip_z sid="tip_z" type="float">-0.03252929</tip_z>
                            </technique>
                          </extra>
                        </node>
                        <node id="Armature_right_feeler" name="right_feeler" sid="right_feeler" type="JOINT">
                          <matrix sid="transform">-0.6945783 -0.5862876 0.4169261 0.03170371 0.4981062 -0.8100713 -0.3093132 0.126057 0.5190862 -0.007168829 0.8546917 0.04917781 0 0 0 1</matrix>
                          <extra>
                            <technique profile="blender">
                              <layer sid="layer" type="string">0</layer>
                              <roll sid="roll" type="float">-0.5557021</roll>
                              <tip_x sid="tip_x" type="float">0.1315882</tip_x>
                              <tip_y sid="tip_y" type="float">-0.09524381</tip_y>
                              <tip_z sid="tip_z" type="float">0</tip_z>
                            </technique>
                          </extra>
                        </node>
                        <node id="Armature_right_teeth" name="right_teeth" sid="right_teeth" type="JOINT">
                          <matrix sid="transform">-0.990535 -0.1153765 0.07407952 0.0378975 0.1149492 -0.9933208 -0.01002076 0.0692336 0.07473887 -0.001410764 0.997202 0.1638194 0 0 0 1</matrix>
                          <extra>
                            <technique profile="blender">
                              <layer sid="layer" type="string">0</layer>
                              <roll sid="roll" type="float">-0.08695596</roll>
                              <tip_x sid="tip_x" type="float">0.1613553</tip_x>
                              <tip_y sid="tip_y" type="float">-0.01874315</tip_y>
                              <tip_z sid="tip_z" type="float">0</tip_z>
                            </technique>
                          </extra>
                        </node>
                        <extra>
                          <technique profile="blender">
                            <layer sid="layer" type="string">0</layer>
                            <roll sid="roll" type="float">0.01222687</roll>
                            <tip_x sid="tip_x" type="float">-0.1624402</tip_x>
                            <tip_y sid="tip_y" type="float">0</tip_y>
                            <tip_z sid="tip_z" type="float">0</tip_z>
                          </technique>
                        </extra>
                      </node>
                      <extra>
                        <technique profile="blender">
                          <layer sid="layer" type="string">0</layer>
                          <roll sid="roll" type="float">-0.6859048</roll>
                          <tip_x sid="tip_x" type="float">-0.05590897</tip_x>
                          <tip_y sid="tip_y" type="float">0</tip_y>
                          <tip_z sid="tip_z" type="float">0</tip_z>
                        </technique>
                      </extra>
                    </node>
                    <node id="Armature_right_shoulder" name="right_shoulder" sid="right_shoulder" type="JOINT">
                      <matrix sid="transform">-0.2119098 -0.2325362 0.9492214 0.1063738 0.5904673 -0.8044201 -0.06524397 0.06342051 0.7787442 0.5466585 0.3077694 0.03651136 0 0 0 1</matrix>
                      <node id="Armature_trright_arm_01" name="trright_arm_01" sid="trright_arm_01" type="JOINT">
                        <matrix sid="transform">0.7719886 -0.5904675 0.2353334 0.08280191 0.5865314 0.8044199 0.09428462 -9.23872e-7 -0.2449788 0.06524374 0.9673307 2.04891e-8 0 0 0 1</matrix>
                        <node id="Armature_right_arm_01" name="right_arm_01" sid="right_arm_01" type="JOINT">
                          <matrix sid="transform">1 8.81586e-8 -4.47035e-8 -5.96046e-8 -8.81586e-8 1 -3.83783e-8 3.72529e-8 4.47035e-8 3.83782e-8 1 -7.45058e-9 0 0 0 1</matrix>
                          <extra>
                            <technique profile="blender">
                              <layer sid="layer" type="string">0</layer>
                              <roll sid="roll" type="float">0.1593857</roll>
                              <tip_x sid="tip_x" type="float">0.07464855</tip_x>
                              <tip_y sid="tip_y" type="float">0</tip_y>
                              <tip_z sid="tip_z" type="float">0</tip_z>
                            </technique>
                          </extra>
                        </node>
                        <node id="Armature_trright_arm_02" name="trright_arm_02" sid="trright_arm_02" type="JOINT">
                          <matrix sid="transform">0.9638169 5.68989e-16 -0.2665653 0.1492972 -6.01043e-8 1 -2.17318e-7 -1.49012e-8 0.2665653 2.25477e-7 0.9638169 1.67638e-8 0 0 0 1</matrix>
                          <node id="Armature_right_arm_02" name="right_arm_02" sid="right_arm_02" type="JOINT">
                            <matrix sid="transform">1 5.59312e-8 -1.49012e-8 -7.45058e-8 -5.59312e-8 1 1.59324e-8 7.45058e-9 1.49012e-8 -1.59324e-8 1 2.23517e-8 0 0 0 1</matrix>
                            <extra>
                              <technique profile="blender">
                                <layer sid="layer" type="string">0</layer>
                                <roll sid="roll" type="float">-0.1104421</roll>
                                <tip_x sid="tip_x" type="float">0.0660873</tip_x>
                                <tip_y sid="tip_y" type="float">0</tip_y>
                                <tip_z sid="tip_z" type="float">0</tip_z>
                              </technique>
                            </extra>
                          </node>
                          <node id="Armature_right_hand" name="right_hand" sid="right_hand" type="JOINT">
                            <matrix sid="transform">0.1102176 1.34391e-6 -0.9939074 0.1321745 -2.02795e-9 1 1.35192e-6 -7.45058e-9 0.9939074 -1.4699e-7 0.1102176 2.98023e-8 0 0 0 1</matrix>
                            <node id="Armature_right_fingerbase" name="right_fingerbase" sid="right_fingerbase" type="JOINT">
                              <matrix sid="transform">1 0 -3.62608e-8 0.04053403 1.42109e-14 1 4.02599e-7 2.23517e-8 3.62608e-8 -4.02599e-7 1 -0.01800211 0 0 0 1</matrix>
                              <node id="Armature_right_index" name="right_index" sid="right_index" type="JOINT">
                                <matrix sid="transform">0.922538 -0.3859061 2.24949e-7 0.03 0.3859061 0.922538 -1.66515e-6 0.0256 4.35069e-7 1.62298e-6 1 -0.005600003 0 0 0 1</matrix>
                                <extra>
                                  <technique profile="blender">
                                    <layer sid="layer" type="string">0</layer>
                                    <roll sid="roll" type="float">-1.174606</roll>
                                    <tip_x sid="tip_x" type="float">0.03414535</tip_x>
                                    <tip_y sid="tip_y" type="float">0</tip_y>
                                    <tip_z sid="tip_z" type="float">-0.01428329</tip_z>
                                  </technique>
                                </extra>
                              </node>
                              <node id="Armature_right_middle" name="right_middle" sid="right_middle" type="JOINT">
                                <matrix sid="transform">0.924546 0.3810704 9.28749e-8 0.0298 -0.3810704 0.9245459 -1.69845e-6 -0.01600001 -7.33098e-7 1.53491e-6 1 -0.005000003 0 0 0 1</matrix>
                                <extra>
                                  <technique profile="blender">
                                    <layer sid="layer" type="string">0</layer>
                                    <roll sid="roll" type="float">-1.96175</roll>
                                    <tip_x sid="tip_x" type="float">0.03421968</tip_x>
                                    <tip_y sid="tip_y" type="float">0</tip_y>
                                    <tip_z sid="tip_z" type="float">0.0141043</tip_z>
                                  </technique>
                                </extra>
                              </node>
                              <extra>
                                <technique profile="blender">
                                  <layer sid="layer" type="string">0</layer>
                                  <roll sid="roll" type="float">-1.570796</roll>
                                  <tip_x sid="tip_x" type="float">0.03701239</tip_x>
                                  <tip_y sid="tip_y" type="float">0</tip_y>
                                  <tip_z sid="tip_z" type="float">0</tip_z>
                                </technique>
                              </extra>
                            </node>
                            <extra>
                              <technique profile="blender">
                                <layer sid="layer" type="string">0</layer>
                                <roll sid="roll" type="float">-1.570796</roll>
                                <tip_x sid="tip_x" type="float">0.04435181</tip_x>
                                <tip_y sid="tip_y" type="float">0</tip_y>
                                <tip_z sid="tip_z" type="float">0</tip_z>
                              </technique>
                            </extra>
                          </node>
                          <extra>
                            <technique profile="blender">
                              <layer sid="layer" type="string">0</layer>
                              <roll sid="roll" type="float">-0.1104421</roll>
                              <tip_x sid="tip_x" type="float">0.0660873</tip_x>
                              <tip_y sid="tip_y" type="float">0</tip_y>
                              <tip_z sid="tip_z" type="float">0</tip_z>
                            </technique>
                          </extra>
                        </node>
                        <extra>
                          <technique profile="blender">
                            <layer sid="layer" type="string">0</layer>
                            <roll sid="roll" type="float">0.1593857</roll>
                            <tip_x sid="tip_x" type="float">0.07464855</tip_x>
                            <tip_y sid="tip_y" type="float">0</tip_y>
                            <tip_z sid="tip_z" type="float">0</tip_z>
                          </technique>
                        </extra>
                      </node>
                      <extra>
                        <technique profile="blender">
                          <layer sid="layer" type="string">0</layer>
                          <roll sid="roll" type="float">-0.1100491</roll>
                          <tip_x sid="tip_x" type="float">0.06660747</tip_x>
                          <tip_y sid="tip_y" type="float">-0.04918932</tip_y>
                          <tip_z sid="tip_z" type="float">0</tip_z>
                        </technique>
                      </extra>
                    </node>
                    <extra>
                      <technique profile="blender">
                        <layer sid="layer" type="string">0</layer>
                        <roll sid="roll" type="float">-1.168606</roll>
                        <tip_x sid="tip_x" type="float">-0.1403751</tip_x>
                        <tip_y sid="tip_y" type="float">0</tip_y>
                        <tip_z sid="tip_z" type="float">0</tip_z>
                      </technique>
                    </extra>
                  </node>
                  <extra>
                    <technique profile="blender">
                      <layer sid="layer" type="string">0</layer>
                      <roll sid="roll" type="float">-1.575695</roll>
                      <tip_x sid="tip_x" type="float">-0.08472269</tip_x>
                      <tip_y sid="tip_y" type="float">0</tip_y>
                      <tip_z sid="tip_z" type="float">0</tip_z>
                    </technique>
                  </extra>
                </node>
                <extra>
                  <technique profile="blender">
                    <layer sid="layer" type="string">0</layer>
                    <roll sid="roll" type="float">-1.575695</roll>
                    <tip_x sid="tip_x" type="float">-0.00999999</tip_x>
                    <tip_y sid="tip_y" type="float">0</tip_y>
                    <tip_z sid="tip_z" type="float">0</tip_z>
                  </technique>
                </extra>
              </node>
              <extra>
                <technique profile="blender">
                  <layer sid="layer" type="string">0</layer>
                  <tip_x sid="tip_x" type="float">0</tip_x>
                  <tip_y sid="tip_y" type="float">0.4140287</tip_y>
                  <tip_z sid="tip_z" type="float">0</tip_z>
                </technique>
              </extra>
            </node>
            <extra>
              <technique profile="blender">
                <layer sid="layer" type="string">0</layer>
                <tip_x sid="tip_x" type="float">0</tip_x>
                <tip_y sid="tip_y" type="float">0.00999999</tip_y>
                <tip_z sid="tip_z" type="float">0</tip_z>
              </technique>
            </extra>
          </node>
          <extra>
            <technique profile="blender">
              <layer sid="layer" type="string">0</layer>
              <tip_x sid="tip_x" type="float">0</tip_x>
              <tip_y sid="tip_y" type="float">0.00999999</tip_y>
              <tip_z sid="tip_z" type="float">0</tip_z>
            </technique>
          </extra>
        </node>
        <node id="pm0058_00_41_BodySkin" name="pm0058_00_41_BodySkin" type="NODE">
          <matrix sid="transform">1 0 0 0 0 1 0 0 0 0 1 0 0 0 0 1</matrix>
          <instance_controller url="#Armature_pm0058_00_41_BodySkin-skin">
            <skeleton>#Armature_pm0058_00_41_prefab</skeleton>
            <bind_material>
              <technique_common>
                <instance_material symbol="pm0058_00_41-Body00-material" target="#pm0058_00_41-Body00-material">
                  <bind_vertex_input semantic="UV0" input_semantic="TEXCOORD" input_set="0"/>
                </instance_material>
              </technique_common>
            </bind_material>
          </instance_controller>
        </node>
        <node id="pm0058_00_41_NailSkin" name="pm0058_00_41_NailSkin" type="NODE">
          <matrix sid="transform">1 0 0 0 0 1 0 0 0 0 1 0 0 0 0 1</matrix>
          <instance_controller url="#Armature_pm0058_00_41_NailSkin-skin">
            <skeleton>#Armature_pm0058_00_41_prefab</skeleton>
            <bind_material>
              <technique_common>
                <instance_material symbol="pm0058_00_41-Body00-material" target="#pm0058_00_41-Body00-material">
                  <bind_vertex_input semantic="UV0" input_semantic="TEXCOORD" input_set="0"/>
                </instance_material>
              </technique_common>
            </bind_material>
          </instance_controller>
        </node>
        <node id="pm0058_00_41_HairASkin" name="pm0058_00_41_HairASkin" type="NODE">
          <matrix sid="transform">1 0 0 0 0 1 0 0 0 0 1 0 0 0 0 1</matrix>
          <instance_controller url="#Armature_pm0058_00_41_HairASkin-skin">
            <skeleton>#Armature_pm0058_00_41_prefab</skeleton>
            <bind_material>
              <technique_common>
                <instance_material symbol="pm0058_00_41-Body01-material" target="#pm0058_00_41-Body01-material">
                  <bind_vertex_input semantic="UV0" input_semantic="TEXCOORD" input_set="0"/>
                </instance_material>
              </technique_common>
            </bind_material>
          </instance_controller>
        </node>
        <node id="pm0058_00_41_MouthSkin" name="pm0058_00_41_MouthSkin" type="NODE">
          <matrix sid="transform">1 0 0 0 0 1 0 0 0 0 1 0 0 0 0 1</matrix>
          <instance_controller url="#Armature_pm0058_00_41_MouthSkin-skin">
            <skeleton>#Armature_pm0058_00_41_prefab</skeleton>
            <bind_material>
              <technique_common>
                <instance_material symbol="pm0058_00_41-Body00-material" target="#pm0058_00_41-Body00-material">
                  <bind_vertex_input semantic="UV0" input_semantic="TEXCOORD" input_set="0"/>
                </instance_material>
              </technique_common>
            </bind_material>
          </instance_controller>
        </node>
        <node id="pm0058_00_41_TongueSkin" name="pm0058_00_41_TongueSkin" type="NODE">
          <matrix sid="transform">1 0 0 0 0 1 0 0 0 0 1 0 0 0 0 1</matrix>
          <instance_controller url="#Armature_pm0058_00_41_TongueSkin-skin">
            <skeleton>#Armature_pm0058_00_41_prefab</skeleton>
            <bind_material>
              <technique_common>
                <instance_material symbol="pm0058_00_41-Body00-material" target="#pm0058_00_41-Body00-material">
                  <bind_vertex_input semantic="UV0" input_semantic="TEXCOORD" input_set="0"/>
                </instance_material>
              </technique_common>
            </bind_material>
          </instance_controller>
        </node>
        <node id="pm0058_00_41_EarSkin" name="pm0058_00_41_EarSkin" type="NODE">
          <matrix sid="transform">1 0 0 0 0 1 0 0 0 0 1 0 0 0 0 1</matrix>
          <instance_controller url="#Armature_pm0058_00_41_EarSkin-skin">
            <skeleton>#Armature_pm0058_00_41_prefab</skeleton>
            <bind_material>
              <technique_common>
                <instance_material symbol="pm0058_00_41-Body00-material" target="#pm0058_00_41-Body00-material">
                  <bind_vertex_input semantic="UV0" input_semantic="TEXCOORD" input_set="0"/>
                </instance_material>
              </technique_common>
            </bind_material>
          </instance_controller>
        </node>
        <node id="pm0058_00_41_HairBSkin" name="pm0058_00_41_HairBSkin" type="NODE">
          <matrix sid="transform">1 0 0 0 0 1 0 0 0 0 1 0 0 0 0 1</matrix>
          <instance_controller url="#Armature_pm0058_00_41_HairBSkin-skin">
            <skeleton>#Armature_pm0058_00_41_prefab</skeleton>
            <bind_material>
              <technique_common>
                <instance_material symbol="pm0058_00_41-Body01-material" target="#pm0058_00_41-Body01-material">
                  <bind_vertex_input semantic="UV0" input_semantic="TEXCOORD" input_set="0"/>
                </instance_material>
              </technique_common>
            </bind_material>
          </instance_controller>
        </node>
        <node id="pm0058_00_41_TeethSkin" name="pm0058_00_41_TeethSkin" type="NODE">
          <matrix sid="transform">1 0 0 0 0 1 0 0 0 0 1 0 0 0 0 1</matrix>
          <instance_controller url="#Armature_pm0058_00_41_TeethSkin-skin">
            <skeleton>#Armature_pm0058_00_41_prefab</skeleton>
            <bind_material>
              <technique_common>
                <instance_material symbol="pm0058_00_41-Body00-material" target="#pm0058_00_41-Body00-material">
                  <bind_vertex_input semantic="UV0" input_semantic="TEXCOORD" input_set="0"/>
                </instance_material>
              </technique_common>
            </bind_material>
          </instance_controller>
        </node>
      </node>
    </visual_scene>
  </library_visual_scenes>
  <scene>
    <instance_visual_scene url="#Scene"/>
  </scene>
</COLLADA>